/*Connectat amb l'usuari student dins SQL Developer. student/student/P4ssw0rd*/
-- Crear les taules

--Es creen les taules

CREATE TABLE EmpresaProductora (
	nif_empresa VARCHAR (12) NOT NULL,
	nom_empresa VARCHAR (80) NOT NULL,
	ciutat_empresa VARCHAR (20),
	activitat VARCHAR (200),
	aa_empresa TEXT,
		CONSTRAINT pk_emp PRIMARY KEY (nif_empresa),
		CONSTRAINT ck_emp CHECK (nif_empresa= UPPER (nif_empresa)));

CREATE TABLE Residu (
	nif_empresa VARCHAR (12) NOT NULL,
	cod_residu DECIMAL (6) NOT NULL,
	toxicitat DECIMAL (6),
	quantitat_residu DECIMAL (6),
	aa_residu TEXT,
		CONSTRAINT pk_res PRIMARY KEY (nif_empresa, cod_residu),
		CONSTRAINT fk_res_emp FOREIGN KEY (nif_empresa) REFERENCES EmpresaProductora (nif_empresa) ON DELETE CASCADE,
		CONSTRAINT ck_res CHECK (cod_residu >=0), 
		CONSTRAINT ck_ctd CHECK (quantitat_residu > 0));

CREATE TABLE Constituent (
	cod_constituent DECIMAL (6) NOT NULL,
	nom_constituent VARCHAR (60) NOT NULL,
	aa_constituent TEXT,
	activitat VARCHAR (200),
		CONSTRAINT pk_con PRIMARY KEY (cod_constituent),
		CONSTRAINT ck_cod CHECK (cod_constituent >= 0));

CREATE TABLE Residu_constituent (
	nif_empresa VARCHAR (12) NOT NULL,
	cod_residu DECIMAL (6) NOT NULL,
	cod_constituent DECIMAL (6) NOT NULL,
	quantitat DECIMAL (6),
		CONSTRAINT pk_rec PRIMARY KEY (nif_empresa, cod_residu, cod_constituent),
		CONSTRAINT fk_rec_res FOREIGN KEY (nif_empresa, cod_residu) REFERENCES residu (nif_empresa, cod_residu) ON DELETE CASCADE,
		CONSTRAINT fk_rec_con FOREIGN KEY (cod_constituent) REFERENCES Constituent(cod_constituent) ON DELETE CASCADE,
		CONSTRAINT ck_cant CHECK (quantitat > 0));

CREATE TABLE EmpresaTransportista (
	nif_emptransport VARCHAR (12) NOT NULL,
	nom_emptransport VARCHAR (120) NOT NULL,
	ciutat_emptransport VARCHAR (30),
	aa_emptransport TEXT,
		CONSTRAINT pk_tra PRIMARY KEY (nif_emptransport),
		CONSTRAINT ck_tra CHECK (nif_emptransport = UPPER(nif_emptransport)));

CREATE TABLE Desti (
	cod_desti VARCHAR (12) NOT NULL,
	nom_desti VARCHAR (20) NOT NULL,
	ciutat_desti VARCHAR (20),
	aa_desti TEXT,
		CONSTRAINT pk_des PRIMARY KEY (cod_desti),
		CONSTRAINT ck_des CHECK (cod_desti = UPPER(cod_desti)));

CREATE TABLE Trasllat (
	nif_empresa VARCHAR (12) NOT NULL,
	cod_residu DECIMAL (6) NOT NULL,
	data_enviament DATE NOT NULL,
	cod_desti VARCHAR (12) NOT NULL,
	envas VARCHAR(10),
	data_arribada DATE,
	tractament VARCHAR(120),
	quantitat_trasllat DECIMAL(6),
	aa_trasllat TEXT,
		CONSTRAINT pk_trl PRIMARY KEY (nif_empresa, cod_residu, data_enviament, cod_desti),
		CONSTRAINT fk_trl_res FOREIGN KEY (nif_empresa, cod_residu) REFERENCES Residu(nif_empresa, cod_residu) on delete cascade,
		CONSTRAINT fk_trl_des FOREIGN KEY (cod_desti) REFERENCES Desti (cod_desti),
		CONSTRAINT ck_data_arribada CHECK (data_arribada >= data_enviament),
		CONSTRAINT ck_quant CHECK (quantitat_trasllat > 0));

CREATE TABLE Trasllat_EmpresaTransport (
	nif_empresa VARCHAR (12) NOT NULL,
	cod_residu DECIMAL (6) NOT NULL,
	data_enviament DATE NOT NULL,
	cod_desti VARCHAR (12) NOT NULL,
	nif_emptransport VARCHAR (12) NOT NULL,
	tipus_transport VARCHAR(15),
	kms DECIMAL (4),
	cost DECIMAL (5),
		CONSTRAINT pk_tet PRIMARY KEY (nif_empresa, cod_residu, data_enviament, cod_desti, nif_emptransport),
		CONSTRAINT fk_tet_trl FOREIGN KEY (nif_empresa, cod_residu, data_enviament, cod_desti) REFERENCES Trasllat (nif_empresa, cod_residu, data_enviament, cod_desti) ON DELETE CASCADE,
		CONSTRAINT fk_tet_tra FOREIGN KEY (nif_emptransport) REFERENCES EmpresaTransportista (nif_emptransport),
		CONSTRAINT ck_cos CHECK (cost >= 0),
		CONSTRAINT ck_kms CHECK (kms > 0));

--Insert dades
--Empreses Productores
INSERT INTO EmpresaProductora (nif_empresa, nom_empresa, ciutat_empresa, activitat)  VALUES  ('A-12000025','MEGASAL','CÓRDOBA','Biocidas i productes fitofarmacéuticos');
INSERT INTO EmpresaProductora (nif_empresa, nom_empresa, ciutat_empresa, activitat)  VALUES  ('A-12000043','ERTSOL S.A.','ALMERÍA','Biocidas i productes fitofarmacéuticos');
INSERT INTO EmpresaProductora (nif_empresa, nom_empresa, ciutat_empresa, activitat)  VALUES  ('A-12000063','VERINSUR','CÁDIZ','Biocidas i productes fitofarmacéuticos');
INSERT INTO EmpresaProductora (nif_empresa, nom_empresa, ciutat_empresa, activitat)  VALUES  ('A-12000083','EMURSA','CÁDIZ','Biocidas i productes fitofarmacéuticos');
INSERT INTO EmpresaProductora (nif_empresa, nom_empresa, ciutat_empresa, activitat)  VALUES  ('A-12000104','INTERCONTINENTAL QUIMICA','CÁDIZ','Biocidas i productes fitofarmacéuticos');
INSERT INTO EmpresaProductora (nif_empresa, nom_empresa, ciutat_empresa, activitat)  VALUES  ('A-12000125','INGENIERÍA','SEVILLA','Biocidas i productes fitofarmacéuticos');
INSERT INTO EmpresaProductora (nif_empresa, nom_empresa, ciutat_empresa, activitat)  VALUES  ('A-12000143','AUTODESGUACE GARCÍA','MÁLAGA','Biocidas i productes fitofarmacéuticos');
INSERT INTO EmpresaProductora (nif_empresa, nom_empresa, ciutat_empresa, activitat)  VALUES  ('A-12000161','DESGUACE FAUSTO','ALMERÍA','Biocidas i productes fitofarmacéuticos');
INSERT INTO EmpresaProductora (nif_empresa, nom_empresa, ciutat_empresa, activitat)  VALUES  ('A-12000181','AUTODESGUACE AVILES','MÁLAGA','Biocidas i productes fitofarmacéuticos');
INSERT INTO EmpresaProductora (nif_empresa, nom_empresa, ciutat_empresa, activitat)  VALUES  ('A-12000199','PEDRO CASTILLO IGLESIAS','CÁDIZ','Biocidas i productes fitofarmacéuticos');
INSERT INTO EmpresaProductora (nif_empresa, nom_empresa, ciutat_empresa, activitat)  VALUES  ('A-12000217','AUTODESGUACE MURCIA','GRANADA','Biocidas i productes fitofarmacéuticos');
INSERT INTO EmpresaProductora (nif_empresa, nom_empresa, ciutat_empresa, activitat)  VALUES  ('A-12000235','D. MANUELA FUENTES CASCAJO','SEVILLA','Biocidas i productes fitofarmacéuticos');
INSERT INTO EmpresaProductora (nif_empresa, nom_empresa, ciutat_empresa, activitat)  VALUES  ('A-12000253','TALLERES DAFER','SEVILLA','Biocidas i productes fitofarmacéuticos');
INSERT INTO EmpresaProductora (nif_empresa, nom_empresa, ciutat_empresa, activitat)  VALUES  ('A-12000272','DESGUACE GUADALQUIVIR','CÁDIZ','Biocidas i productes fitofarmacéuticos');
INSERT INTO EmpresaProductora (nif_empresa, nom_empresa, ciutat_empresa, activitat)  VALUES  ('A-12000291','RECUPERACIONES METÁLICAS Y CHATARRAS LA ESTRELLA','MÁLAGA','Biocidas i productes fitofarmacéuticos');
INSERT INTO EmpresaProductora (nif_empresa, nom_empresa, ciutat_empresa, activitat)  VALUES  ('A-12000309','D. JOSE LUIS DEL POZO SANCHEZ','CÓRDOBA','Biocidas i productes fitofarmacéuticos');
INSERT INTO EmpresaProductora (nif_empresa, nom_empresa, ciutat_empresa, activitat)  VALUES  ('A-12000328','UTRERANA DE RECUPERACIONES','SEVILLA','Biocidas i productes fitofarmacéuticos');
INSERT INTO EmpresaProductora (nif_empresa, nom_empresa, ciutat_empresa, activitat)  VALUES  ('A-12000346','JOAQUIN GARROCHO','HUELVA','Biocidas i productes fitofarmacéuticos');
INSERT INTO EmpresaProductora (nif_empresa, nom_empresa, ciutat_empresa, activitat)  VALUES  ('A-12000364','EMURSA SERVICIOS INDUSTRIALES','CÁDIZ','Biocidas i productes fitofarmacéuticos');
INSERT INTO EmpresaProductora (nif_empresa, nom_empresa, ciutat_empresa, activitat)  VALUES  ('A-12000382','GALVEZ PRODUCTOS AGROQUÍMICOS','CÓRDOBA','Biocidas i productes fitofarmacéuticos');
INSERT INTO EmpresaProductora (nif_empresa, nom_empresa, ciutat_empresa, activitat)  VALUES  ('A-12000400','FERNANDO COSANO  CORRERO','CÁDIZ','Biocidas i productes fitofarmacéuticos');
INSERT INTO EmpresaProductora (nif_empresa, nom_empresa, ciutat_empresa, activitat)  VALUES  ('A-12000418','AMBAR ECO','SEVILLA','Biocidas i productes fitofarmacéuticos');
INSERT INTO EmpresaProductora (nif_empresa, nom_empresa, ciutat_empresa, activitat)  VALUES  ('A-12000436','FERROMOLINS ANDALUCÍA','SEVILLA','Biocidas i productes fitofarmacéuticos');
INSERT INTO EmpresaProductora (nif_empresa, nom_empresa, ciutat_empresa, activitat)  VALUES  ('A-12000454','NUFEMAR COMBUSTIBLES','CÓRDOBA','Biocidas i productes fitofarmacéuticos');
INSERT INTO EmpresaProductora (nif_empresa, nom_empresa, ciutat_empresa, activitat)  VALUES  ('A-12000472','LOGISTICA INDUSTRIAL DEL CONDADO','SEVILLA','Biocidas i productes fitofarmacéuticos');
INSERT INTO EmpresaProductora (nif_empresa, nom_empresa, ciutat_empresa, activitat)  VALUES  ('A-12000490','CARRETERA DE UTRERA TRANSPORTES','SEVILLA','Biocidas i productes fitofarmacéuticos');
INSERT INTO EmpresaProductora (nif_empresa, nom_empresa, ciutat_empresa, activitat)  VALUES  ('A-12000508','ENTIDAD PAR LA PREVENCIÓN Y LA CALIDAD AMBIENTAL (EPCA)','SEVILLA','Biocidas i productes fitofarmacéuticos');
INSERT INTO EmpresaProductora (nif_empresa, nom_empresa, ciutat_empresa, activitat)  VALUES  ('A-12000526','JUAN ALONSO ROMAN','BARCELONA','Biocidas i productes fitofarmacéuticos');
INSERT INTO EmpresaProductora (nif_empresa, nom_empresa, ciutat_empresa, activitat)  VALUES  ('A-12000544','ECOPIBA PLANTA DE RECICLAJE','MÁLAGA','Biocidas i productes fitofarmacéuticos');
INSERT INTO EmpresaProductora (nif_empresa, nom_empresa, ciutat_empresa, activitat)  VALUES  ('A-12000024','TRATAMIENTO DE ACEITES Y MARPOLES','HUELVA','Conservants de la fusta');
INSERT INTO EmpresaProductora (nif_empresa, nom_empresa, ciutat_empresa, activitat)  VALUES  ('A-12000042','SASMA (SERVICIO ANDALUZ DE SOLUCIONES MEDIOAMBIENTALES)','CÁDIZ','Conservants de la fusta');
INSERT INTO EmpresaProductora (nif_empresa, nom_empresa, ciutat_empresa, activitat)  VALUES  ('A-12000062','TRANS-CHA-ME','SEVILLA','Conservants de la fusta');
INSERT INTO EmpresaProductora (nif_empresa, nom_empresa, ciutat_empresa, activitat)  VALUES  ('A-12000082','AZOR AMBIENTAL','MÁLAGA','Conservants de la fusta');
INSERT INTO EmpresaProductora (nif_empresa, nom_empresa, ciutat_empresa, activitat)  VALUES  ('A-12000103','TRANSPORTES J.L. MORILLO E HIJOS S.L.','SEVILLA','Conservants de la fusta');
INSERT INTO EmpresaProductora (nif_empresa, nom_empresa, ciutat_empresa, activitat)  VALUES  ('A-12000124','MANUEL CUENCA CABEZAS','CÓRDOBA','Conservants de la fusta');
INSERT INTO EmpresaProductora (nif_empresa, nom_empresa, ciutat_empresa, activitat)  VALUES  ('A-12000142','AUTODESGUACES HERMANOS GONZÁLEZ','MÁLAGA','Conservants de la fusta');
INSERT INTO EmpresaProductora (nif_empresa, nom_empresa, ciutat_empresa, activitat)  VALUES  ('A-12000160','MANUEL Y BENITO DE AUGUSTO','SEVILLA','Conservants de la fusta');
INSERT INTO EmpresaProductora (nif_empresa, nom_empresa, ciutat_empresa, activitat)  VALUES  ('A-12000180','DESGUACES SANTI','SEVILLA','Conservants de la fusta');
INSERT INTO EmpresaProductora (nif_empresa, nom_empresa, ciutat_empresa, activitat)  VALUES  ('A-12000198','RAUL ROMAN MACHUCA','SEVILLA','Conservants de la fusta');
INSERT INTO EmpresaProductora (nif_empresa, nom_empresa, ciutat_empresa, activitat)  VALUES  ('A-12000216','JUAN DE DIOS PEREZ RAMIREZ','CÁDIZ','Conservants de la fusta');
INSERT INTO EmpresaProductora (nif_empresa, nom_empresa, ciutat_empresa, activitat)  VALUES  ('A-12000234','AUTORECAMBIOS MONTERO','MÁLAGA','Conservants de la fusta');
INSERT INTO EmpresaProductora (nif_empresa, nom_empresa, ciutat_empresa, activitat)  VALUES  ('A-12000252','DESGUACE Y GRUAS EL PINO','MÁLAGA','Conservants de la fusta');
INSERT INTO EmpresaProductora (nif_empresa, nom_empresa, ciutat_empresa, activitat)  VALUES  ('A-12000271','CAT ALGECIRAS','CÁDIZ','Conservants de la fusta');
INSERT INTO EmpresaProductora (nif_empresa, nom_empresa, ciutat_empresa, activitat)  VALUES  ('A-12000290','PEDRO MUÑOZ CASADO','MÁLAGA','Conservants de la fusta');
INSERT INTO EmpresaProductora (nif_empresa, nom_empresa, ciutat_empresa, activitat)  VALUES  ('A-12000308','CONTENEDORES RODRI','MÁLAGA','Conservants de la fusta');
INSERT INTO EmpresaProductora (nif_empresa, nom_empresa, ciutat_empresa, activitat)  VALUES  ('A-12000326','ATHISA RESIDUOS BIOSANITARIOS','GRANADA','Conservants de la fusta');
INSERT INTO EmpresaProductora (nif_empresa, nom_empresa, ciutat_empresa, activitat)  VALUES  ('A-12000345','TRANSPORTE ARUNCITANO','SEVILLA','Conservants de la fusta');
INSERT INTO EmpresaProductora (nif_empresa, nom_empresa, ciutat_empresa, activitat)  VALUES  ('A-12000363','D. JOSE GARCIA VELEZ','CÁDIZ','Conservants de la fusta');
INSERT INTO EmpresaProductora (nif_empresa, nom_empresa, ciutat_empresa, activitat)  VALUES  ('A-12000381','DESGUACE Y RECUPERACIONES PUENTE DEL DUQUE','CÁDIZ','Conservants de la fusta');
INSERT INTO EmpresaProductora (nif_empresa, nom_empresa, ciutat_empresa, activitat)  VALUES  ('A-12000399','ASISTENCIA MIGUELÓN','ALMERÍA','Conservants de la fusta');
INSERT INTO EmpresaProductora (nif_empresa, nom_empresa, ciutat_empresa, activitat)  VALUES  ('A-12000417','TRANSBIDASOA','NAVARRA','Conservants de la fusta');
INSERT INTO EmpresaProductora (nif_empresa, nom_empresa, ciutat_empresa, activitat)  VALUES  ('A-12000435','Recinovel','CÓRDOBA','Conservants de la fusta');
INSERT INTO EmpresaProductora (nif_empresa, nom_empresa, ciutat_empresa, activitat)  VALUES  ('A-12000453','CONSORCIO DE AUDITORES','CÓRDOBA','Conservants de la fusta');
INSERT INTO EmpresaProductora (nif_empresa, nom_empresa, ciutat_empresa, activitat)  VALUES  ('A-12000471','ECOCCIDENTAL','SEVILLA','Conservants de la fusta');
INSERT INTO EmpresaProductora (nif_empresa, nom_empresa, ciutat_empresa, activitat)  VALUES  ('A-12000489','MANUEL BORREGO LOPEZ','JAÉN','Conservants de la fusta');
INSERT INTO EmpresaProductora (nif_empresa, nom_empresa, ciutat_empresa, activitat)  VALUES  ('A-12000507','TRANS EL SANZ','SEVILLA','Conservants de la fusta');
INSERT INTO EmpresaProductora (nif_empresa, nom_empresa, ciutat_empresa, activitat)  VALUES  ('A-12000525','POZOS BREA','SEVILLA','Conservants de la fusta');
INSERT INTO EmpresaProductora (nif_empresa, nom_empresa, ciutat_empresa, activitat)  VALUES  ('A-12000543','AUTOMOVILES JUANJO ALONSO. S.L.','SEVILLA','Conservants de la fusta');
INSERT INTO EmpresaProductora (nif_empresa, nom_empresa, ciutat_empresa, activitat)  VALUES  ('A-12000038','BEFESA GESTION DE RESIDUOS INDUSTRIALES','HUELVA','Conservants de la fusta');
INSERT INTO EmpresaProductora (nif_empresa, nom_empresa, ciutat_empresa, activitat)  VALUES  ('A-12000057','GOROS RECUPERACIÓN','GRANADA','Materials contaminats dibenzofuranos i policlorats');
INSERT INTO EmpresaProductora (nif_empresa, nom_empresa, ciutat_empresa, activitat)  VALUES  ('A-12000077','SUMINISTROS Y RECICLAJES','CÓRDOBA','Materials contaminats dibenzofuranos i policlorats');
INSERT INTO EmpresaProductora (nif_empresa, nom_empresa, ciutat_empresa, activitat)  VALUES  ('A-12000098','NECSO ENTRECANALES CUBIERTAS S.A.','MADIRD','Materials contaminats dibenzofuranos i policlorats');
INSERT INTO EmpresaProductora (nif_empresa, nom_empresa, ciutat_empresa, activitat)  VALUES  ('A-12000120','ISIDRO MATA MORENO','CÓRDOBA','Materials contaminats dibenzofuranos i policlorats');
INSERT INTO EmpresaProductora (nif_empresa, nom_empresa, ciutat_empresa, activitat)  VALUES  ('A-12000138','AUTODESPIECE DEL AUTOMÓVIL','MÁLAGA','Materials contaminats dibenzofuranos i policlorats');
INSERT INTO EmpresaProductora (nif_empresa, nom_empresa, ciutat_empresa, activitat)  VALUES  ('A-12000156','DESGUACE SAN JOSE','SEVILLA','Materials contaminats dibenzofuranos i policlorats');
INSERT INTO EmpresaProductora (nif_empresa, nom_empresa, ciutat_empresa, activitat)  VALUES  ('A-12000176','DESGUACE LA CONCEPCIÓN','SEVILLA','Materials contaminats dibenzofuranos i policlorats');
INSERT INTO EmpresaProductora (nif_empresa, nom_empresa, ciutat_empresa, activitat)  VALUES  ('A-12000194','ALFREDO DE AUGUSTO RODRIGUEZ','SEVILLA','Materials contaminats dibenzofuranos i policlorats');
INSERT INTO EmpresaProductora (nif_empresa, nom_empresa, ciutat_empresa, activitat)  VALUES  ('A-12000212','TRANSPORTES PAQUITRANS','ALMERÍA','Materials contaminats dibenzofuranos i policlorats');
INSERT INTO EmpresaProductora (nif_empresa, nom_empresa, ciutat_empresa, activitat)  VALUES  ('A-12000230','DAVID RODRIGUEZ ALVAREZ (DESGUACES DAVID)','ALMERÍA','Materials contaminats dibenzofuranos i policlorats');
INSERT INTO EmpresaProductora (nif_empresa, nom_empresa, ciutat_empresa, activitat)  VALUES  ('A-12000248','SEADME','MADRID','Materials contaminats dibenzofuranos i policlorats');
INSERT INTO EmpresaProductora (nif_empresa, nom_empresa, ciutat_empresa, activitat)  VALUES  ('A-12000267','D. MANUEL CORPAS NIETO (TALLERES Y DESGUACES CORPAS)','CÓRDOBA','Materials contaminats dibenzofuranos i policlorats');
INSERT INTO EmpresaProductora (nif_empresa, nom_empresa, ciutat_empresa, activitat)  VALUES  ('A-12000286','TRANSPORTES EVARISTO LUIS','PORTUGAL','Materials contaminats dibenzofuranos i policlorats');
INSERT INTO EmpresaProductora (nif_empresa, nom_empresa, ciutat_empresa, activitat)  VALUES  ('A-12000304','RESIDUOS DE MELILLA','MELILLA','Materials contaminats dibenzofuranos i policlorats');
INSERT INTO EmpresaProductora (nif_empresa, nom_empresa, ciutat_empresa, activitat)  VALUES  ('A-12000322','ANDRES DELGADO JAIMEZ Y OTROS','GRANADA','Materials contaminats dibenzofuranos i policlorats');
INSERT INTO EmpresaProductora (nif_empresa, nom_empresa, ciutat_empresa, activitat)  VALUES  ('A-12000341','SALAS SUMINISTROS Y RECUPERACIONES INDUSTRIALES','GRANADA','Materials contaminats dibenzofuranos i policlorats');
INSERT INTO EmpresaProductora (nif_empresa, nom_empresa, ciutat_empresa, activitat)  VALUES  ('A-12000359','ANA MARÍA GARCÍA SÁNCHEZ','CÁDIZ','Materials contaminats dibenzofuranos i policlorats');
INSERT INTO EmpresaProductora (nif_empresa, nom_empresa, ciutat_empresa, activitat)  VALUES  ('A-12000377','RECICLADOS ECOLÓGICOS ANDALUCES','SEVILLA','Materials contaminats dibenzofuranos i policlorats');
INSERT INTO EmpresaProductora (nif_empresa, nom_empresa, ciutat_empresa, activitat)  VALUES  ('A-12000395','RECUPERACIONES Y AFINAJES AVENIR','CÓRDOBA','Materials contaminats dibenzofuranos i policlorats');
INSERT INTO EmpresaProductora (nif_empresa, nom_empresa, ciutat_empresa, activitat)  VALUES  ('A-12000413','ANDRÉS RODRIGUEZ ESTEBEZ','GRANADA','Materials contaminats dibenzofuranos i policlorats');
INSERT INTO EmpresaProductora (nif_empresa, nom_empresa, ciutat_empresa, activitat)  VALUES  ('A-12000431','Fco Barragán Rodriguez','SEVILLA','Materials contaminats dibenzofuranos i policlorats');
INSERT INTO EmpresaProductora (nif_empresa, nom_empresa, ciutat_empresa, activitat)  VALUES  ('A-12000449','TERRATEST CIMENTACIONES SL.','MADRID','Materials contaminats dibenzofuranos i policlorats');
INSERT INTO EmpresaProductora (nif_empresa, nom_empresa, ciutat_empresa, activitat)  VALUES  ('A-12000467','Francisco Cano Caballero Fuentes','JAÉN','Materials contaminats dibenzofuranos i policlorats');
INSERT INTO EmpresaProductora (nif_empresa, nom_empresa, ciutat_empresa, activitat)  VALUES  ('A-12000485','ANDRES GRANADOS ALCANTARA','CÓRDOBA','Materials contaminats dibenzofuranos i policlorats');
INSERT INTO EmpresaProductora (nif_empresa, nom_empresa, ciutat_empresa, activitat)  VALUES  ('A-12000503','RECICLAJES MEDIOAMBIENTALES SANTA CLARA','SEVILLA','Materials contaminats dibenzofuranos i policlorats');
INSERT INTO EmpresaProductora (nif_empresa, nom_empresa, ciutat_empresa, activitat)  VALUES  ('A-12000521','RECICLADOS Y RECUPERADOS DEL SUR','SEVILLA','Materials contaminats dibenzofuranos i policlorats');
INSERT INTO EmpresaProductora (nif_empresa, nom_empresa, ciutat_empresa, activitat)  VALUES  ('A-12000539','GARMA','SEVILLA','Materials contaminats dibenzofuranos i policlorats');
INSERT INTO EmpresaProductora (nif_empresa, nom_empresa, ciutat_empresa, activitat)  VALUES  ('A-12000039','ARCOS AMBIENTAL','SEVILLA','Materias contaminats bienzo i dioxines');
INSERT INTO EmpresaProductora (nif_empresa, nom_empresa, ciutat_empresa, activitat)  VALUES  ('A-12000058','TRANSVEGA E HIJOS','HUELVA','Materias contaminats bienzo i dioxines');
INSERT INTO EmpresaProductora (nif_empresa, nom_empresa, ciutat_empresa, activitat)  VALUES  ('A-12000079','C+E ANALITICA','SEVILLA','Materias contaminats bienzo i dioxines');
INSERT INTO EmpresaProductora (nif_empresa, nom_empresa, ciutat_empresa, activitat)  VALUES  ('A-12000099','BIORRECICLAJE DE CADIZ S.A.','CÁDIZ','Materias contaminats bienzo i dioxines');
INSERT INTO EmpresaProductora (nif_empresa, nom_empresa, ciutat_empresa, activitat)  VALUES  ('A-12000121','GOTRANSA','HUELVA','Materias contaminats bienzo i dioxines');
INSERT INTO EmpresaProductora (nif_empresa, nom_empresa, ciutat_empresa, activitat)  VALUES  ('A-12000139','TALLERES FATSUR','SEVILLA','Materias contaminats bienzo i dioxines');
INSERT INTO EmpresaProductora (nif_empresa, nom_empresa, ciutat_empresa, activitat)  VALUES  ('A-12000157','AUTODESGUACE MAIRENA','SEVILLA','Materias contaminats bienzo i dioxines');
INSERT INTO EmpresaProductora (nif_empresa, nom_empresa, ciutat_empresa, activitat)  VALUES  ('A-12000177','RECUPERACIONES CHICHOS ANDALUCIA','CÁDIZ','Materias contaminats bienzo i dioxines');
INSERT INTO EmpresaProductora (nif_empresa, nom_empresa, ciutat_empresa, activitat)  VALUES  ('A-12000195','JUAN CARLOS RODRIGUEZ POMARES','ALMERÍA','Materias contaminats bienzo i dioxines');
INSERT INTO EmpresaProductora (nif_empresa, nom_empresa, ciutat_empresa, activitat)  VALUES  ('A-12000213','TODAUTO EJIDO S.L','ALMERÍA','Materias contaminats bienzo i dioxines');
INSERT INTO EmpresaProductora (nif_empresa, nom_empresa, ciutat_empresa, activitat)  VALUES  ('A-12000231','GAMASUR CAMPO DE GIBRALTAR','CÁDIZ','Materias contaminats bienzo i dioxines');
INSERT INTO EmpresaProductora (nif_empresa, nom_empresa, ciutat_empresa, activitat)  VALUES  ('A-12000249','RECICLADOS DEL AUTOMOVIL EL VALLE','CÓRDOBA','Materias contaminats bienzo i dioxines');
INSERT INTO EmpresaProductora (nif_empresa, nom_empresa, ciutat_empresa, activitat)  VALUES  ('A-12000268','RAMLU Y MARGUI','SEVILLA','Materias contaminats bienzo i dioxines');
INSERT INTO EmpresaProductora (nif_empresa, nom_empresa, ciutat_empresa, activitat)  VALUES  ('A-12000287','HEREDEROS DE MADRIGAL','SEVILLA','Materias contaminats bienzo i dioxines');
INSERT INTO EmpresaProductora (nif_empresa, nom_empresa, ciutat_empresa, activitat)  VALUES  ('A-12000305','EDUARDO HERVÁS MARTINEZ','GRANADA','Materias contaminats bienzo i dioxines');
INSERT INTO EmpresaProductora (nif_empresa, nom_empresa, ciutat_empresa, activitat)  VALUES  ('A-12000323','ANDALUZA DE TRATAMIENTOS E HIGIENE (ATHISA)','GRANADA','Materias contaminats bienzo i dioxines');
INSERT INTO EmpresaProductora (nif_empresa, nom_empresa, ciutat_empresa, activitat)  VALUES  ('A-12000342','DESGUACE ELMI','MÁLAGA','Materias contaminats bienzo i dioxines');
INSERT INTO EmpresaProductora (nif_empresa, nom_empresa, ciutat_empresa, activitat)  VALUES  ('A-12000360','SERVICIO TÉNICO DE LIMPIEZAS INDUSTRIALES MIGUEL ARIAS','MADRID','Materias contaminats bienzo i dioxines');
INSERT INTO EmpresaProductora (nif_empresa, nom_empresa, ciutat_empresa, activitat)  VALUES  ('A-12000378','JOAQUIN BORBALÁN ANDUJAR','ALMERÍA','Materias contaminats bienzo i dioxines');
INSERT INTO EmpresaProductora (nif_empresa, nom_empresa, ciutat_empresa, activitat)  VALUES  ('A-12000396','CEGA MULTIDISTRIBUCION','MÁLAGA','Materias contaminats bienzo i dioxines');
INSERT INTO EmpresaProductora (nif_empresa, nom_empresa, ciutat_empresa, activitat)  VALUES  ('A-12000414','D. ALFONSO GOMEZ MORILLA','CÁDIZ','Materias contaminats bienzo i dioxines');
INSERT INTO EmpresaProductora (nif_empresa, nom_empresa, ciutat_empresa, activitat)  VALUES  ('A-12000432','Benjamín Sanchez Álvarez','SEVILLA','Materias contaminats bienzo i dioxines');
INSERT INTO EmpresaProductora (nif_empresa, nom_empresa, ciutat_empresa, activitat)  VALUES  ('A-12000450','LISAGRA','GRANADA','Materias contaminats bienzo i dioxines');
INSERT INTO EmpresaProductora (nif_empresa, nom_empresa, ciutat_empresa, activitat)  VALUES  ('A-12000468','MULTIEMPRESAS LA PAZ','JAÉN','Materias contaminats bienzo i dioxines');
INSERT INTO EmpresaProductora (nif_empresa, nom_empresa, ciutat_empresa, activitat)  VALUES  ('A-12000486','PEANCAR','HUELVA','Materias contaminats bienzo i dioxines');
INSERT INTO EmpresaProductora (nif_empresa, nom_empresa, ciutat_empresa, activitat)  VALUES  ('A-12000504','TRANSPORTES ZAMBRANO 2011','SEVILLA','Materias contaminats bienzo i dioxines');
INSERT INTO EmpresaProductora (nif_empresa, nom_empresa, ciutat_empresa, activitat)  VALUES  ('A-12000522','TALLERES MECANICOS DEL SUR','HUELVA','Materias contaminats bienzo i dioxines');
INSERT INTO EmpresaProductora (nif_empresa, nom_empresa, ciutat_empresa, activitat)  VALUES  ('A-12000540','USE IT AGAIN','GRANADA','Materias contaminats bienzo i dioxines');
INSERT INTO EmpresaProductora (nif_empresa, nom_empresa, ciutat_empresa, activitat)  VALUES  ('A-12000032','REDIBA','CÁDIZ','Matèries alquitrans procedents d operacions de refinat, destil·lació o piròlisis');
INSERT INTO EmpresaProductora (nif_empresa, nom_empresa, ciutat_empresa, activitat)  VALUES  ('A-12000051','J.A. GARCIA ORTEGA','SEVILLA','Matèries alquitrans procedents d operacions de refinat, destil·lació o piròlisis');
INSERT INTO EmpresaProductora (nif_empresa, nom_empresa, ciutat_empresa, activitat)  VALUES  ('A-12000071','EMPRESA MEDIOAMBIENTAL MALAGUEÑA','MÁLAGA','Matèries alquitrans procedents d operacions de refinat, destil·lació o piròlisis');
INSERT INTO EmpresaProductora (nif_empresa, nom_empresa, ciutat_empresa, activitat)  VALUES  ('A-12000091','ANTONIO BLAS MÁRQUEZ MUÑOZ','GRANADA','Matèries alquitrans procedents d operacions de refinat, destil·lació o piròlisis');
INSERT INTO EmpresaProductora (nif_empresa, nom_empresa, ciutat_empresa, activitat)  VALUES  ('A-12000113','ASOCIACIÓN CORE ANDALUCÍA','HUELVA','Matèries alquitrans procedents d operacions de refinat, destil·lació o piròlisis');
INSERT INTO EmpresaProductora (nif_empresa, nom_empresa, ciutat_empresa, activitat)  VALUES  ('A-12000132','MANUEL GALBARRO RODRÍGUEZ','SEVILLA','Matèries alquitrans procedents d operacions de refinat, destil·lació o piròlisis');
INSERT INTO EmpresaProductora (nif_empresa, nom_empresa, ciutat_empresa, activitat)  VALUES  ('A-12000150','TALLERES Y DESGUACES AZOR','GRANADA','Matèries alquitrans procedents d operacions de refinat, destil·lació o piròlisis');
INSERT INTO EmpresaProductora (nif_empresa, nom_empresa, ciutat_empresa, activitat)  VALUES  ('A-12000170','AUTODESGUACE VALLE-NIZA','MÁLAGA','Matèries alquitrans procedents d operacions de refinat, destil·lació o piròlisis');
INSERT INTO EmpresaProductora (nif_empresa, nom_empresa, ciutat_empresa, activitat)  VALUES  ('A-12000188','Centro de Tratamiento San Miguel','CÁDIZ','Matèries alquitrans procedents d operacions de refinat, destil·lació o piròlisis');
INSERT INTO EmpresaProductora (nif_empresa, nom_empresa, ciutat_empresa, activitat)  VALUES  ('A-12000206','FRANCISCO LOZANO BARRERO','SEVILLA','Matèries alquitrans procedents d operacions de refinat, destil·lació o piròlisis');
INSERT INTO EmpresaProductora (nif_empresa, nom_empresa, ciutat_empresa, activitat)  VALUES  ('A-12000224','CAMPIÑA SUR','CÓRDOBA','Matèries alquitrans procedents d operacions de refinat, destil·lació o piròlisis');
INSERT INTO EmpresaProductora (nif_empresa, nom_empresa, ciutat_empresa, activitat)  VALUES  ('A-12000242','RECICLAJES DE DISOLVENTES DEL SUR','HUELVA','Matèries alquitrans procedents d operacions de refinat, destil·lació o piròlisis');
INSERT INTO EmpresaProductora (nif_empresa, nom_empresa, ciutat_empresa, activitat)  VALUES  ('A-12000260','AUTODESGUACES CASTRO S.L.','CÓRDOBA','Matèries alquitrans procedents d operacions de refinat, destil·lació o piròlisis');
INSERT INTO EmpresaProductora (nif_empresa, nom_empresa, ciutat_empresa, activitat)  VALUES  ('A-12000279','JOSE MARIA NAVARRO CORTES','SEVILLA','Matèries alquitrans procedents d operacions de refinat, destil·lació o piròlisis');
INSERT INTO EmpresaProductora (nif_empresa, nom_empresa, ciutat_empresa, activitat)  VALUES  ('A-12000298','DESGUACE ALTO ALMANZAROA','ALMERÍA','Matèries alquitrans procedents d operacions de refinat, destil·lació o piròlisis');
INSERT INTO EmpresaProductora (nif_empresa, nom_empresa, ciutat_empresa, activitat)  VALUES  ('A-12000316','RECICLAJES INORGÁNICOS','SEVILLA','Matèries alquitrans procedents d operacions de refinat, destil·lació o piròlisis');
INSERT INTO EmpresaProductora (nif_empresa, nom_empresa, ciutat_empresa, activitat)  VALUES  ('A-12000335','D. JOSE JAVIER CABRERA GONZALEZ (AUTODESGUACE LOS PEDROCHES)','CÓRDOBA','Matèries alquitrans procedents d operacions de refinat, destil·lació o piròlisis');
INSERT INTO EmpresaProductora (nif_empresa, nom_empresa, ciutat_empresa, activitat)  VALUES  ('A-12000353','TRANSPORTES ANTONIO GALLEGO MESEGUER','MURCIA','Matèries alquitrans procedents d operacions de refinat, destil·lació o piròlisis');
INSERT INTO EmpresaProductora (nif_empresa, nom_empresa, ciutat_empresa, activitat)  VALUES  ('A-12000371','D. JOSE ROMERO SANCHEZ','MÁLAGA','Matèries alquitrans procedents d operacions de refinat, destil·lació o piròlisis');
INSERT INTO EmpresaProductora (nif_empresa, nom_empresa, ciutat_empresa, activitat)  VALUES  ('A-12000389','RECICLANOVA METAL','MÁLAGA','Matèries alquitrans procedents d operacions de refinat, destil·lació o piròlisis');
INSERT INTO EmpresaProductora (nif_empresa, nom_empresa, ciutat_empresa, activitat)  VALUES  ('A-12000407','HERMANOS BENITEZ ORTIZ','CÓRDOBA','Matèries alquitrans procedents d operacions de refinat, destil·lació o piròlisis');
INSERT INTO EmpresaProductora (nif_empresa, nom_empresa, ciutat_empresa, activitat)  VALUES  ('A-12000425','AGROLABOR S.L.','GRANADA','Matèries alquitrans procedents d operacions de refinat, destil·lació o piròlisis');
INSERT INTO EmpresaProductora (nif_empresa, nom_empresa, ciutat_empresa, activitat)  VALUES  ('A-12000443','GESTIÓN','CÓRDOBA','Matèries alquitrans procedents d operacions de refinat, destil·lació o piròlisis');
INSERT INTO EmpresaProductora (nif_empresa, nom_empresa, ciutat_empresa, activitat)  VALUES  ('A-12000461','JOSE AGUILERA MARIN','MÁLAGA','Matèries alquitrans procedents d operacions de refinat, destil·lació o piròlisis');
INSERT INTO EmpresaProductora (nif_empresa, nom_empresa, ciutat_empresa, activitat)  VALUES  ('A-12000479','COMPRAVENTA Y RECICLAJE DE ELECTRODOMESTICOS','SEVILLA','Matèries alquitrans procedents d operacions de refinat, destil·lació o piròlisis');
INSERT INTO EmpresaProductora (nif_empresa, nom_empresa, ciutat_empresa, activitat)  VALUES  ('A-12000497','RECICLAJES HIMECA','ALMERÍA','Matèries alquitrans procedents d operacions de refinat, destil·lació o piròlisis');
INSERT INTO EmpresaProductora (nif_empresa, nom_empresa, ciutat_empresa, activitat)  VALUES  ('A-12000515','CLARITY RECYCLING','GRANADA','Matèries alquitrans procedents d operacions de refinat, destil·lació o piròlisis');
INSERT INTO EmpresaProductora (nif_empresa, nom_empresa, ciutat_empresa, activitat)  VALUES  ('A-12000533','RECUPERADIONES ANTEQUERA','MÁLAGA','Matèries alquitrans procedents d operacions de refinat, destil·lació o piròlisis');
INSERT INTO EmpresaProductora (nif_empresa, nom_empresa, ciutat_empresa, activitat)  VALUES  ('A-12000551','ENVIRONMENTAL TRADING AND EXPORT','CÓRDOBA','Matèries alquitrans procedents d operacions de refinat, destil·lació o piròlisis');
INSERT INTO EmpresaProductora (nif_empresa, nom_empresa, ciutat_empresa, activitat)  VALUES  ('A-12000030','HOLCIM ESPAÑA S.A.','MADIRD','Mescles oliï/aigua o hidrocarbur/aigua, emulsions');
INSERT INTO EmpresaProductora (nif_empresa, nom_empresa, ciutat_empresa, activitat)  VALUES  ('A-12000049','HIERROS Y METALES CORDOBA','CÓRDOBA','Mescles oliï/aigua o hidrocarbur/aigua, emulsions');
INSERT INTO EmpresaProductora (nif_empresa, nom_empresa, ciutat_empresa, activitat)  VALUES  ('A-12000069','FUGASUR','SEVILLA','Mescles oliï/aigua o hidrocarbur/aigua, emulsions');
INSERT INTO EmpresaProductora (nif_empresa, nom_empresa, ciutat_empresa, activitat)  VALUES  ('A-12000089','ECOGESTIÓN DE RESIDUOS','CÁDIZ','Mescles oliï/aigua o hidrocarbur/aigua, emulsions');
INSERT INTO EmpresaProductora (nif_empresa, nom_empresa, ciutat_empresa, activitat)  VALUES  ('A-12000109','ROCA DEFISAN S.L.','SEVILLA','Mescles oliï/aigua o hidrocarbur/aigua, emulsions');
INSERT INTO EmpresaProductora (nif_empresa, nom_empresa, ciutat_empresa, activitat)  VALUES  ('A-12000130','TRADEBE','VIZCAYA','Mescles oliï/aigua o hidrocarbur/aigua, emulsions');
INSERT INTO EmpresaProductora (nif_empresa, nom_empresa, ciutat_empresa, activitat)  VALUES  ('A-12000148','DESGUACE OZAEZ','JAÉN','Mescles oliï/aigua o hidrocarbur/aigua, emulsions');
INSERT INTO EmpresaProductora (nif_empresa, nom_empresa, ciutat_empresa, activitat)  VALUES  ('A-12000167','GRIÑÓ-TRANS','LLEIDA','Mescles oliï/aigua o hidrocarbur/aigua, emulsions');
INSERT INTO EmpresaProductora (nif_empresa, nom_empresa, ciutat_empresa, activitat)  VALUES  ('A-12000186','MANUEL CRESPO Y HNOS','SEVILLA','Mescles oliï/aigua o hidrocarbur/aigua, emulsions');
INSERT INTO EmpresaProductora (nif_empresa, nom_empresa, ciutat_empresa, activitat)  VALUES  ('A-12000204','CARPA ANDALUCÍA','MÁLAGA','Mescles oliï/aigua o hidrocarbur/aigua, emulsions');
INSERT INTO EmpresaProductora (nif_empresa, nom_empresa, ciutat_empresa, activitat)  VALUES  ('A-12000222','DESGUACES DEL CONDADO','HUELVA','Mescles oliï/aigua o hidrocarbur/aigua, emulsions');
INSERT INTO EmpresaProductora (nif_empresa, nom_empresa, ciutat_empresa, activitat)  VALUES  ('A-12000240','AUTODESGUACE LOPEZ 2002','MÁLAGA','Mescles oliï/aigua o hidrocarbur/aigua, emulsions');
INSERT INTO EmpresaProductora (nif_empresa, nom_empresa, ciutat_empresa, activitat)  VALUES  ('A-12000258','TRANSPORTES IVARTEL','MADRID','Mescles oliï/aigua o hidrocarbur/aigua, emulsions');
INSERT INTO EmpresaProductora (nif_empresa, nom_empresa, ciutat_empresa, activitat)  VALUES  ('A-12000277','ANDALUZA LIMPIEZAS MEDIOAMBIENTALES','SEVILLA','Mescles oliï/aigua o hidrocarbur/aigua, emulsions');
INSERT INTO EmpresaProductora (nif_empresa, nom_empresa, ciutat_empresa, activitat)  VALUES  ('A-12000296','AUTODESGUACE COIN S.L','MÁLAGA','Mescles oliï/aigua o hidrocarbur/aigua, emulsions');
INSERT INTO EmpresaProductora (nif_empresa, nom_empresa, ciutat_empresa, activitat)  VALUES  ('A-12000314','CARMONA SOCIEDADE DE LIMPIEZA E TRATAMIENTO DE COMBUSTIBLE','HUELVA','Mescles oliï/aigua o hidrocarbur/aigua, emulsions');
INSERT INTO EmpresaProductora (nif_empresa, nom_empresa, ciutat_empresa, activitat)  VALUES  ('A-12000333','GRUAS Y ALMACENAJES','CÓRDOBA','Mescles oliï/aigua o hidrocarbur/aigua, emulsions');
INSERT INTO EmpresaProductora (nif_empresa, nom_empresa, ciutat_empresa, activitat)  VALUES  ('A-12000351','OBRAS Y SERVICIOS GONZÁLEZ','ALMERÍA','Mescles oliï/aigua o hidrocarbur/aigua, emulsions');
INSERT INTO EmpresaProductora (nif_empresa, nom_empresa, ciutat_empresa, activitat)  VALUES  ('A-12000369','SISTEMAS INTEGRALES SANITARIOS','MADRID','Mescles oliï/aigua o hidrocarbur/aigua, emulsions');
INSERT INTO EmpresaProductora (nif_empresa, nom_empresa, ciutat_empresa, activitat)  VALUES  ('A-12000387','CHATARRERÍA EL PINO','SEVILLA','Mescles oliï/aigua o hidrocarbur/aigua, emulsions');
INSERT INTO EmpresaProductora (nif_empresa, nom_empresa, ciutat_empresa, activitat)  VALUES  ('A-12000405','ALTA PRESIÓN','CÁDIZ','Mescles oliï/aigua o hidrocarbur/aigua, emulsions');
INSERT INTO EmpresaProductora (nif_empresa, nom_empresa, ciutat_empresa, activitat)  VALUES  ('A-12000423','TRANSPORTES NARBONA','CÁDIZ','Mescles oliï/aigua o hidrocarbur/aigua, emulsions');
INSERT INTO EmpresaProductora (nif_empresa, nom_empresa, ciutat_empresa, activitat)  VALUES  ('A-12000441','TRANS-ANDRÉS LAS CABEZAS','SEVILLA','Mescles oliï/aigua o hidrocarbur/aigua, emulsions');
INSERT INTO EmpresaProductora (nif_empresa, nom_empresa, ciutat_empresa, activitat)  VALUES  ('A-12000459','MANUEL CORDERO VALDERA','CÁDIZ','Mescles oliï/aigua o hidrocarbur/aigua, emulsions');
INSERT INTO EmpresaProductora (nif_empresa, nom_empresa, ciutat_empresa, activitat)  VALUES  ('A-12000477','EL NIÑO OLIVA','SEVILLA','Mescles oliï/aigua o hidrocarbur/aigua, emulsions');
INSERT INTO EmpresaProductora (nif_empresa, nom_empresa, ciutat_empresa, activitat)  VALUES  ('A-12000495','TRANSROMAN','HUELVA','Mescles oliï/aigua o hidrocarbur/aigua, emulsions');
INSERT INTO EmpresaProductora (nif_empresa, nom_empresa, ciutat_empresa, activitat)  VALUES  ('A-12000513','RECISUR MÁLAGA','GRANADA','Mescles oliï/aigua o hidrocarbur/aigua, emulsions');
INSERT INTO EmpresaProductora (nif_empresa, nom_empresa, ciutat_empresa, activitat)  VALUES  ('A-12000531','BATYMETAL RECUPERACIONES','SEVILLA','Mescles oliï/aigua o hidrocarbur/aigua, emulsions');
INSERT INTO EmpresaProductora (nif_empresa, nom_empresa, ciutat_empresa, activitat)  VALUES  ('A-12000549','HERMANOS MURILLO','CÓRDOBA','Mescles oliï/aigua o hidrocarbur/aigua, emulsions');
INSERT INTO EmpresaProductora (nif_empresa, nom_empresa, ciutat_empresa, activitat)  VALUES  ('A-12000029','HIERROS Y METALES BLASCO','CÁDIZ','Olis i substàncies olioses minerals');
INSERT INTO EmpresaProductora (nif_empresa, nom_empresa, ciutat_empresa, activitat)  VALUES  ('A-12000048','GSC (CIA. GENERAL DE SERVICIOS Y CONSTRUCCION)','SEVILLA','Olis i substàncies olioses minerals');
INSERT INTO EmpresaProductora (nif_empresa, nom_empresa, ciutat_empresa, activitat)  VALUES  ('A-12000068','INITITIAL TEXTILES E HIGIENE','MÁLAGA','Olis i substàncies olioses minerals');
INSERT INTO EmpresaProductora (nif_empresa, nom_empresa, ciutat_empresa, activitat)  VALUES  ('A-12000088','RECUPERACIONES HERMANOS OLIVA GARCÍA','SEVILLA','Olis i substàncies olioses minerals');
INSERT INTO EmpresaProductora (nif_empresa, nom_empresa, ciutat_empresa, activitat)  VALUES  ('A-12000108','TRANSPORTES REGULARES AGRUPADOS  Y SERVICIOS AUXILIARES','MURCIA','Olis i substàncies olioses minerals');
INSERT INTO EmpresaProductora (nif_empresa, nom_empresa, ciutat_empresa, activitat)  VALUES  ('A-12000129','INVESTIGACIÓN Y TRATAMIENTO DEL RECICLAJE','GUADALAJARA','Olis i substàncies olioses minerals');
INSERT INTO EmpresaProductora (nif_empresa, nom_empresa, ciutat_empresa, activitat)  VALUES  ('A-12000147','TAG','PALENCIA','Olis i substàncies olioses minerals');
INSERT INTO EmpresaProductora (nif_empresa, nom_empresa, ciutat_empresa, activitat)  VALUES  ('A-12000166','DESGUACE CHAPARREJO','SEVILLA','Olis i substàncies olioses minerals');
INSERT INTO EmpresaProductora (nif_empresa, nom_empresa, ciutat_empresa, activitat)  VALUES  ('A-12000185','AUTOGRUAS MARIN','ALMERÍA','Olis i substàncies olioses minerals');
INSERT INTO EmpresaProductora (nif_empresa, nom_empresa, ciutat_empresa, activitat)  VALUES  ('A-12000203','FRANCISCO CLAVERIAS FAJARDO (DESGUACE EL ZAMPOÑAZO)','MÁLAGA','Olis i substàncies olioses minerals');
INSERT INTO EmpresaProductora (nif_empresa, nom_empresa, ciutat_empresa, activitat)  VALUES  ('A-12000221','ALBAIDA','ALMERÍA','Olis i substàncies olioses minerals');
INSERT INTO EmpresaProductora (nif_empresa, nom_empresa, ciutat_empresa, activitat)  VALUES  ('A-12000239','HERMANOS RIOS','MÁLAGA','Olis i substàncies olioses minerals');
INSERT INTO EmpresaProductora (nif_empresa, nom_empresa, ciutat_empresa, activitat)  VALUES  ('A-12000257','D. JOSE CAPEL RODRIGUEZ','CÓRDOBA','Olis i substàncies olioses minerals');
INSERT INTO EmpresaProductora (nif_empresa, nom_empresa, ciutat_empresa, activitat)  VALUES  ('A-12000276','DESGUACE UBEDA','JAÉN','Olis i substàncies olioses minerals');
INSERT INTO EmpresaProductora (nif_empresa, nom_empresa, ciutat_empresa, activitat)  VALUES  ('A-12000295','D. MANUEL PEREZ RODRIGUEZ (DESGUACE CORIA)','SEVILLA','Olis i substàncies olioses minerals');
INSERT INTO EmpresaProductora (nif_empresa, nom_empresa, ciutat_empresa, activitat)  VALUES  ('A-12000313','TALLERES JOSE YESTE','ALMERÍA','Olis i substàncies olioses minerals');
INSERT INTO EmpresaProductora (nif_empresa, nom_empresa, ciutat_empresa, activitat)  VALUES  ('A-12000332','TRATAMIENTO DE RESIDUOS MEDIOAMBIENTALES','ALMERÍA','Olis i substàncies olioses minerals');
INSERT INTO EmpresaProductora (nif_empresa, nom_empresa, ciutat_empresa, activitat)  VALUES  ('A-12000350','SERTRANIN','CUENCA','Olis i substàncies olioses minerals');
INSERT INTO EmpresaProductora (nif_empresa, nom_empresa, ciutat_empresa, activitat)  VALUES  ('A-12000368','MOBILIARIO ECOLÓGICO','CUENCA','Olis i substàncies olioses minerals');
INSERT INTO EmpresaProductora (nif_empresa, nom_empresa, ciutat_empresa, activitat)  VALUES  ('A-12000386','RECUPERACIONES Y RECICLAJES HNOS. AVI JURADO','JAÉN','Olis i substàncies olioses minerals');
INSERT INTO EmpresaProductora (nif_empresa, nom_empresa, ciutat_empresa, activitat)  VALUES  ('A-12000404','JAIME PAZOS CASTILLO','SEVILLA','Olis i substàncies olioses minerals');
INSERT INTO EmpresaProductora (nif_empresa, nom_empresa, ciutat_empresa, activitat)  VALUES  ('A-12000422','JOSE MIGUEL GARCÍA VALENZUELA','CÓRDOBA','Olis i substàncies olioses minerals');
INSERT INTO EmpresaProductora (nif_empresa, nom_empresa, ciutat_empresa, activitat)  VALUES  ('A-12000440','RECICLAJE Y MEDIO AMBIENTE CAMPO DE GIBRALTAR','CÁDIZ','Olis i substàncies olioses minerals');
INSERT INTO EmpresaProductora (nif_empresa, nom_empresa, ciutat_empresa, activitat)  VALUES  ('A-12000458','ALQUILE','CÁDIZ','Olis i substàncies olioses minerals');
INSERT INTO EmpresaProductora (nif_empresa, nom_empresa, ciutat_empresa, activitat)  VALUES  ('A-12000476','LORENTE COLODRO AUTOMOCIÓN','JAÉN','Olis i substàncies olioses minerals');
INSERT INTO EmpresaProductora (nif_empresa, nom_empresa, ciutat_empresa, activitat)  VALUES  ('A-12000494','AUTODESGUACES MATÍAS','MÁLAGA','Olis i substàncies olioses minerals');
INSERT INTO EmpresaProductora (nif_empresa, nom_empresa, ciutat_empresa, activitat)  VALUES  ('A-12000512','RECISUR','GRANADA','Olis i substàncies olioses minerals');
INSERT INTO EmpresaProductora (nif_empresa, nom_empresa, ciutat_empresa, activitat)  VALUES  ('A-12000530','TRANSPORTES SOLINO SÁNCHEZ','CÁDIZ','Olis i substàncies olioses minerals');
INSERT INTO EmpresaProductora (nif_empresa, nom_empresa, ciutat_empresa, activitat)  VALUES  ('A-12000548','ROSARIO MARTIN MARTÍN','SEVILLA','Olis i substàncies olioses minerals');
INSERT INTO EmpresaProductora (nif_empresa, nom_empresa, ciutat_empresa, activitat)  VALUES  ('A-12000023','CESPA GESTIÓN DE RESIDUOS','SEVILLA','Productes farmacèutics, medicaments, productes veterinaris');
INSERT INTO EmpresaProductora (nif_empresa, nom_empresa, ciutat_empresa, activitat)  VALUES  ('A-12000041','REMASUR MEDIOAMBIENTAL','MÁLAGA','Productes farmacèutics, medicaments, productes veterinaris');
INSERT INTO EmpresaProductora (nif_empresa, nom_empresa, ciutat_empresa, activitat)  VALUES  ('A-12000060','GESTION Y LOGISTICA DE RESIDUOS','CÁDIZ','Productes farmacèutics, medicaments, productes veterinaris');
INSERT INTO EmpresaProductora (nif_empresa, nom_empresa, ciutat_empresa, activitat)  VALUES  ('A-12000081','LIMPIEZAS INDUSTRIALES PEPE NUÑEZ','MÁLAGA','Productes farmacèutics, medicaments, productes veterinaris');
INSERT INTO EmpresaProductora (nif_empresa, nom_empresa, ciutat_empresa, activitat)  VALUES  ('A-12000102','LIMPIAL S.L.','CÁDIZ','Productes farmacèutics, medicaments, productes veterinaris');
INSERT INTO EmpresaProductora (nif_empresa, nom_empresa, ciutat_empresa, activitat)  VALUES  ('A-12000123','CONTRATAS Y MOVIMIENTOS ANDALUCES S.A.L.','HUELVA','Productes farmacèutics, medicaments, productes veterinaris');
INSERT INTO EmpresaProductora (nif_empresa, nom_empresa, ciutat_empresa, activitat)  VALUES  ('A-12000141','DESGUACE PEDRO GARCIA','SEVILLA','Productes farmacèutics, medicaments, productes veterinaris');
INSERT INTO EmpresaProductora (nif_empresa, nom_empresa, ciutat_empresa, activitat)  VALUES  ('A-12000159','DESGUACE LA ALBERCA','MÁLAGA','Productes farmacèutics, medicaments, productes veterinaris');
INSERT INTO EmpresaProductora (nif_empresa, nom_empresa, ciutat_empresa, activitat)  VALUES  ('A-12000179','Mª DEL CARMEN PEREZ GARCIA (DESGUACE EL ROCIO) SUSPENSIÓN TEMPORAL','CÁDIZ','Productes farmacèutics, medicaments, productes veterinaris');
INSERT INTO EmpresaProductora (nif_empresa, nom_empresa, ciutat_empresa, activitat)  VALUES  ('A-12000197','COAMASAFA','GRANADA','Productes farmacèutics, medicaments, productes veterinaris');
INSERT INTO EmpresaProductora (nif_empresa, nom_empresa, ciutat_empresa, activitat)  VALUES  ('A-12000215','PEDRO GARRIDO RODRIGUEZ (DESGUACES EL POYO)','SEVILLA','Productes farmacèutics, medicaments, productes veterinaris');
INSERT INTO EmpresaProductora (nif_empresa, nom_empresa, ciutat_empresa, activitat)  VALUES  ('A-12000233','AUTODESGUACE HERMANOS ZORRITO','SEVILLA','Productes farmacèutics, medicaments, productes veterinaris');
INSERT INTO EmpresaProductora (nif_empresa, nom_empresa, ciutat_empresa, activitat)  VALUES  ('A-12000251','RECUPERACIONES DE METALES DEL CONDADO','HUELVA','Productes farmacèutics, medicaments, productes veterinaris');
INSERT INTO EmpresaProductora (nif_empresa, nom_empresa, ciutat_empresa, activitat)  VALUES  ('A-12000270','CETI SISTEMAS','CÁDIZ','Productes farmacèutics, medicaments, productes veterinaris');
INSERT INTO EmpresaProductora (nif_empresa, nom_empresa, ciutat_empresa, activitat)  VALUES  ('A-12000289','GONZALO YAÑEZ DEL RIO','CÓRDOBA','Productes farmacèutics, medicaments, productes veterinaris');
INSERT INTO EmpresaProductora (nif_empresa, nom_empresa, ciutat_empresa, activitat)  VALUES  ('A-12000307','MAGMA MEDITERRANEO','MURCIA','Productes farmacèutics, medicaments, productes veterinaris');
INSERT INTO EmpresaProductora (nif_empresa, nom_empresa, ciutat_empresa, activitat)  VALUES  ('A-12000325','TALLERES MAYBE','HUELVA','Productes farmacèutics, medicaments, productes veterinaris');
INSERT INTO EmpresaProductora (nif_empresa, nom_empresa, ciutat_empresa, activitat)  VALUES  ('A-12000344','D. MANUEL RUIZ MARTINEZ','SEVILLA','Productes farmacèutics, medicaments, productes veterinaris');
INSERT INTO EmpresaProductora (nif_empresa, nom_empresa, ciutat_empresa, activitat)  VALUES  ('A-12000362','ANTONIO Y JESÚS GUZMÁN CANO','JAÉN','Productes farmacèutics, medicaments, productes veterinaris');
INSERT INTO EmpresaProductora (nif_empresa, nom_empresa, ciutat_empresa, activitat)  VALUES  ('A-12000380','CONTENEDORES Y LIMPIEZAS CUEVAS','MÁLAGA','Productes farmacèutics, medicaments, productes veterinaris');
INSERT INTO EmpresaProductora (nif_empresa, nom_empresa, ciutat_empresa, activitat)  VALUES  ('A-12000398','CUBAS ANTONIO LLOPIS E HIJOS','SEVILLA','Productes farmacèutics, medicaments, productes veterinaris');
INSERT INTO EmpresaProductora (nif_empresa, nom_empresa, ciutat_empresa, activitat)  VALUES  ('A-12000416','RETORNOS CICLICOS CLASIFICADOS','CÓRDOBA','Productes farmacèutics, medicaments, productes veterinaris');
INSERT INTO EmpresaProductora (nif_empresa, nom_empresa, ciutat_empresa, activitat)  VALUES  ('A-12000434','Hierros Cenarro','GRANADA','Productes farmacèutics, medicaments, productes veterinaris');
INSERT INTO EmpresaProductora (nif_empresa, nom_empresa, ciutat_empresa, activitat)  VALUES  ('A-12000452','DESGUACE PEREZ SANCHEZ','JAÉN','Productes farmacèutics, medicaments, productes veterinaris');
INSERT INTO EmpresaProductora (nif_empresa, nom_empresa, ciutat_empresa, activitat)  VALUES  ('A-12000470','TRANSPORTES VEGA','CÁDIZ','Productes farmacèutics, medicaments, productes veterinaris');
INSERT INTO EmpresaProductora (nif_empresa, nom_empresa, ciutat_empresa, activitat)  VALUES  ('A-12000488','MACOSUR','SEVILLA','Productes farmacèutics, medicaments, productes veterinaris');
INSERT INTO EmpresaProductora (nif_empresa, nom_empresa, ciutat_empresa, activitat)  VALUES  ('A-12000506','ESPARTACO TRANS','SEVILLA','Productes farmacèutics, medicaments, productes veterinaris');
INSERT INTO EmpresaProductora (nif_empresa, nom_empresa, ciutat_empresa, activitat)  VALUES  ('A-12000524','ANTONIO MOYA FERNÁNDEZ','ALMERÍA','Productes farmacèutics, medicaments, productes veterinaris');
INSERT INTO EmpresaProductora (nif_empresa, nom_empresa, ciutat_empresa, activitat)  VALUES  ('A-12000542','APROVECHAMIENTO Y RECUPERACION DE BIDONES Y ENVASES','SEVILLA','Productes farmacèutics, medicaments, productes veterinaris');
INSERT INTO EmpresaProductora (nif_empresa, nom_empresa, ciutat_empresa, activitat)  VALUES  ('A-12000036','OFIMATICA VERDE','CÓRDOBA','Productes pirotècnics i altres materials explosius');
INSERT INTO EmpresaProductora (nif_empresa, nom_empresa, ciutat_empresa, activitat)  VALUES  ('A-12000055','ANDRÉS GUZMÁN VERA BAJA','MÁLAGA','Productes pirotècnics i altres materials explosius');
INSERT INTO EmpresaProductora (nif_empresa, nom_empresa, ciutat_empresa, activitat)  VALUES  ('A-12000075','LUBRICANTES GARCIAUTO','ALMERÍA','Productes pirotècnics i altres materials explosius');
INSERT INTO EmpresaProductora (nif_empresa, nom_empresa, ciutat_empresa, activitat)  VALUES  ('A-12000096','VERLICOA S.L.','CÁDIZ','Productes pirotècnics i altres materials explosius');
INSERT INTO EmpresaProductora (nif_empresa, nom_empresa, ciutat_empresa, activitat)  VALUES  ('A-12000117','EUROGESTION DE AUTORESIDUOS S.L.','MÁLAGA','Productes pirotècnics i altres materials explosius');
INSERT INTO EmpresaProductora (nif_empresa, nom_empresa, ciutat_empresa, activitat)  VALUES  ('A-12000136','GEOTECNICA Y CIMIENTOS','SEVILLA','Productes pirotècnics i altres materials explosius');
INSERT INTO EmpresaProductora (nif_empresa, nom_empresa, ciutat_empresa, activitat)  VALUES  ('A-12000154','DESGUACE CASTRO E HIJOS','GRANADA','Productes pirotècnics i altres materials explosius');
INSERT INTO EmpresaProductora (nif_empresa, nom_empresa, ciutat_empresa, activitat)  VALUES  ('A-12000174','JOSE GONZALEZ MARTIN ( DESGUACE JOSE CHAPARREJO)','SEVILLA','Productes pirotècnics i altres materials explosius');
INSERT INTO EmpresaProductora (nif_empresa, nom_empresa, ciutat_empresa, activitat)  VALUES  ('A-12000192','SERAFIN FERNANDEZ MORENO','GRANADA','Productes pirotècnics i altres materials explosius');
INSERT INTO EmpresaProductora (nif_empresa, nom_empresa, ciutat_empresa, activitat)  VALUES  ('A-12000210','INFOBROKER RECICLADOS','CÁDIZ','Productes pirotècnics i altres materials explosius');
INSERT INTO EmpresaProductora (nif_empresa, nom_empresa, ciutat_empresa, activitat)  VALUES  ('A-12000228','DESGUACES SÁNCHEZ MUÑOZ','HUELVA','Productes pirotècnics i altres materials explosius');
INSERT INTO EmpresaProductora (nif_empresa, nom_empresa, ciutat_empresa, activitat)  VALUES  ('A-12000246','MADERAS RUCOMAR','MURCIA','Productes pirotècnics i altres materials explosius');
INSERT INTO EmpresaProductora (nif_empresa, nom_empresa, ciutat_empresa, activitat)  VALUES  ('A-12000265','CARD PEÑARROYA','CÓRDOBA','Productes pirotècnics i altres materials explosius');
INSERT INTO EmpresaProductora (nif_empresa, nom_empresa, ciutat_empresa, activitat)  VALUES  ('A-12000284','FRANCISCO JAEN PALMA (DESGUACE JAEN)','CÁDIZ','Productes pirotècnics i altres materials explosius');
INSERT INTO EmpresaProductora (nif_empresa, nom_empresa, ciutat_empresa, activitat)  VALUES  ('A-12000302','CONTENEDORES Y TRANSPORTES CORNELIO','SEVILLA','Productes pirotècnics i altres materials explosius');
INSERT INTO EmpresaProductora (nif_empresa, nom_empresa, ciutat_empresa, activitat)  VALUES  ('A-12000320','ALANSU','SEVILLA','Productes pirotècnics i altres materials explosius');
INSERT INTO EmpresaProductora (nif_empresa, nom_empresa, ciutat_empresa, activitat)  VALUES  ('A-12000339','D. ANTONIO UTRERA GARCÍA','GRANADA','Productes pirotècnics i altres materials explosius');
INSERT INTO EmpresaProductora (nif_empresa, nom_empresa, ciutat_empresa, activitat)  VALUES  ('A-12000357','ALGUAS','CÁDIZ','Productes pirotècnics i altres materials explosius');
INSERT INTO EmpresaProductora (nif_empresa, nom_empresa, ciutat_empresa, activitat)  VALUES  ('A-12000375','AUTODESGUACE CARS LA BALSICA','ALMERÍA','Productes pirotècnics i altres materials explosius');
INSERT INTO EmpresaProductora (nif_empresa, nom_empresa, ciutat_empresa, activitat)  VALUES  ('A-12000393','JOSÉ MARIA FERREIRA I FILOS','PORTUGAL','Productes pirotècnics i altres materials explosius');
INSERT INTO EmpresaProductora (nif_empresa, nom_empresa, ciutat_empresa, activitat)  VALUES  ('A-12000411','JOSE MUÑOZ MELLADO','ALMERÍA','Productes pirotècnics i altres materials explosius');
INSERT INTO EmpresaProductora (nif_empresa, nom_empresa, ciutat_empresa, activitat)  VALUES  ('A-12000429','Hermanos Benitez Moreno','SEVILLA','Productes pirotècnics i altres materials explosius');
INSERT INTO EmpresaProductora (nif_empresa, nom_empresa, ciutat_empresa, activitat)  VALUES  ('A-12000447','ECILIMP','SEVILLA','Productes pirotècnics i altres materials explosius');
INSERT INTO EmpresaProductora (nif_empresa, nom_empresa, ciutat_empresa, activitat)  VALUES  ('A-12000465','FRANCISCO RODRÍGUEZ COLCHERO','SEVILLA','Productes pirotècnics i altres materials explosius');
INSERT INTO EmpresaProductora (nif_empresa, nom_empresa, ciutat_empresa, activitat)  VALUES  ('A-12000483','AUTODESGUACE LAS LAGUNAS DE FUENTE DE PIEDRA','MÁLAGA','Productes pirotècnics i altres materials explosius');
INSERT INTO EmpresaProductora (nif_empresa, nom_empresa, ciutat_empresa, activitat)  VALUES  ('A-12000501','EULEN','CÁDIZ','Productes pirotècnics i altres materials explosius');
INSERT INTO EmpresaProductora (nif_empresa, nom_empresa, ciutat_empresa, activitat)  VALUES  ('A-12000519','TALLERES SORIANO','GRANADA','Productes pirotècnics i altres materials explosius');
INSERT INTO EmpresaProductora (nif_empresa, nom_empresa, ciutat_empresa, activitat)  VALUES  ('A-12000537','RECICLAJE Y ECOLOGÍA SOL','SEVILLA','Productes pirotècnics i altres materials explosius');
INSERT INTO EmpresaProductora (nif_empresa, nom_empresa, ciutat_empresa, activitat)  VALUES  ('A-12000026','DRAGADOS MARPOL
','CÁDIZ','Residus de productes utilitzats com a dissolvents');
INSERT INTO EmpresaProductora (nif_empresa, nom_empresa, ciutat_empresa, activitat)  VALUES  ('A-12000044','CEPSA (COMPAÑÍA ESPAÑOLA DE PETROLEOS','CÁDIZ','Residus de productes utilitzats com a dissolvents');
INSERT INTO EmpresaProductora (nif_empresa, nom_empresa, ciutat_empresa, activitat)  VALUES  ('A-12000065','KIMIKAL','ALMERÍA','Residus de productes utilitzats com a dissolvents');
INSERT INTO EmpresaProductora (nif_empresa, nom_empresa, ciutat_empresa, activitat)  VALUES  ('A-12000084','ANTONIO ESPAÑA E HIJOS','HUELVA','Residus de productes utilitzats com a dissolvents');
INSERT INTO EmpresaProductora (nif_empresa, nom_empresa, ciutat_empresa, activitat)  VALUES  ('A-12000105','AUTOLAVADOS LEVANTE S.L.','CÓRDOBA','Residus de productes utilitzats com a dissolvents');
INSERT INTO EmpresaProductora (nif_empresa, nom_empresa, ciutat_empresa, activitat)  VALUES  ('A-12000126','LABYGEMA','SEVILLA','Residus de productes utilitzats com a dissolvents');
INSERT INTO EmpresaProductora (nif_empresa, nom_empresa, ciutat_empresa, activitat)  VALUES  ('A-12000144','DESGUACE JUAN TORRES SÁNCHEZ','JAÉN','Residus de productes utilitzats com a dissolvents');
INSERT INTO EmpresaProductora (nif_empresa, nom_empresa, ciutat_empresa, activitat)  VALUES  ('A-12000163','DESGUACE INTER','MÁLAGA','Residus de productes utilitzats com a dissolvents');
INSERT INTO EmpresaProductora (nif_empresa, nom_empresa, ciutat_empresa, activitat)  VALUES  ('A-12000182','MARIANGELES DE LA VIÑA RODRIGUEZ (DESGUACE OLIVARES)','SEVILLA','Residus de productes utilitzats com a dissolvents');
INSERT INTO EmpresaProductora (nif_empresa, nom_empresa, ciutat_empresa, activitat)  VALUES  ('A-12000200','DESGUACE RIO DEL PADRON','MÁLAGA','Residus de productes utilitzats com a dissolvents');
INSERT INTO EmpresaProductora (nif_empresa, nom_empresa, ciutat_empresa, activitat)  VALUES  ('A-12000218','ISMAEL MARMOL RUIZ (DESGUACE MARMOL)','GRANADA','Residus de productes utilitzats com a dissolvents');
INSERT INTO EmpresaProductora (nif_empresa, nom_empresa, ciutat_empresa, activitat)  VALUES  ('A-12000236','HERMANOS SOTO SORROCHE','ALMERÍA','Residus de productes utilitzats com a dissolvents');
INSERT INTO EmpresaProductora (nif_empresa, nom_empresa, ciutat_empresa, activitat)  VALUES  ('A-12000254','RECUPERACIONES Y SERVICIOS PEDRO LOBO','HUELVA','Residus de productes utilitzats com a dissolvents');
INSERT INTO EmpresaProductora (nif_empresa, nom_empresa, ciutat_empresa, activitat)  VALUES  ('A-12000273','BIOTONER SEVILLA I SISTEMAS ECOLOGICOS','SEVILLA','Residus de productes utilitzats com a dissolvents');
INSERT INTO EmpresaProductora (nif_empresa, nom_empresa, ciutat_empresa, activitat)  VALUES  ('A-12000292','GESTION TECNICA DE RESIDUOS FOTOGRAFICOS','MÁLAGA','Residus de productes utilitzats com a dissolvents');
INSERT INTO EmpresaProductora (nif_empresa, nom_empresa, ciutat_empresa, activitat)  VALUES  ('A-12000310','MULTIPIEZAS UTRERA','SEVILLA','Residus de productes utilitzats com a dissolvents');
INSERT INTO EmpresaProductora (nif_empresa, nom_empresa, ciutat_empresa, activitat)  VALUES  ('A-12000329','RECICLADOS VICENTE MALLÉN','CASTELLÓN','Residus de productes utilitzats com a dissolvents');
INSERT INTO EmpresaProductora (nif_empresa, nom_empresa, ciutat_empresa, activitat)  VALUES  ('A-12000347','AUTODESGUACE CHURRIANA','MÁLAGA','Residus de productes utilitzats com a dissolvents');
INSERT INTO EmpresaProductora (nif_empresa, nom_empresa, ciutat_empresa, activitat)  VALUES  ('A-12000365','SILVIA Mª RODRIGUEZ GARRIDO','JAÉN','Residus de productes utilitzats com a dissolvents');
INSERT INTO EmpresaProductora (nif_empresa, nom_empresa, ciutat_empresa, activitat)  VALUES  ('A-12000383','BILSE METALES','SEVILLA','Residus de productes utilitzats com a dissolvents');
INSERT INTO EmpresaProductora (nif_empresa, nom_empresa, ciutat_empresa, activitat)  VALUES  ('A-12000401','CONTENEDORES PÉREZ','CÁDIZ','Residus de productes utilitzats com a dissolvents');
INSERT INTO EmpresaProductora (nif_empresa, nom_empresa, ciutat_empresa, activitat)  VALUES  ('A-12000419','DESGUACE MALAGA CAMIÓN','MÁLAGA','Residus de productes utilitzats com a dissolvents');
INSERT INTO EmpresaProductora (nif_empresa, nom_empresa, ciutat_empresa, activitat)  VALUES  ('A-12000437','GAITAN SPORT','ALMERÍA','Residus de productes utilitzats com a dissolvents');
INSERT INTO EmpresaProductora (nif_empresa, nom_empresa, ciutat_empresa, activitat)  VALUES  ('A-12000455','ANTONIO PRADOS BALLESTEROS','CÓRDOBA','Residus de productes utilitzats com a dissolvents');
INSERT INTO EmpresaProductora (nif_empresa, nom_empresa, ciutat_empresa, activitat)  VALUES  ('A-12000473','GABRIEL MARTINEZ MARTOS','JAÉN','Residus de productes utilitzats com a dissolvents');
INSERT INTO EmpresaProductora (nif_empresa, nom_empresa, ciutat_empresa, activitat)  VALUES  ('A-12000491','MUESTREO DE GESTIÓN MEDIOAMBIENTAL','ALMERÍA','Residus de productes utilitzats com a dissolvents');
INSERT INTO EmpresaProductora (nif_empresa, nom_empresa, ciutat_empresa, activitat)  VALUES  ('A-12000509','DAVID RODRIGUEZ MARISCAL','BARCELONA','Residus de productes utilitzats com a dissolvents');
INSERT INTO EmpresaProductora (nif_empresa, nom_empresa, ciutat_empresa, activitat)  VALUES  ('A-12000527','CIVANTTRANS CIVANTOS PRIETO','CÓRDOBA','Residus de productes utilitzats com a dissolvents');
INSERT INTO EmpresaProductora (nif_empresa, nom_empresa, ciutat_empresa, activitat)  VALUES  ('A-12000545','RECICLAJES DÍAZ SÁNCHEZ','HUELVA','Residus de productes utilitzats com a dissolvents');
INSERT INTO EmpresaProductora (nif_empresa, nom_empresa, ciutat_empresa, activitat)  VALUES  ('A-12000053','ECOCAT','JAÉN','Resines, làtex, plastificants, aiguacuit');
INSERT INTO EmpresaProductora (nif_empresa, nom_empresa, ciutat_empresa, activitat)  VALUES  ('A-12000034','EXIDE TECHNOLOGIES','SEVILLA','Resines, làtex, plastificants, aiguacuit');
INSERT INTO EmpresaProductora (nif_empresa, nom_empresa, ciutat_empresa, activitat)  VALUES  ('A-12000073','GADITANA DE RECICLAJE','CÁDIZ','Resines, làtex, plastificants, aiguacuit');
INSERT INTO EmpresaProductora (nif_empresa, nom_empresa, ciutat_empresa, activitat)  VALUES  ('A-12000094','RECICLAJES Y CONSUMIBLES CORDOBA S.L.','CÓRDOBA','Resines, làtex, plastificants, aiguacuit');
INSERT INTO EmpresaProductora (nif_empresa, nom_empresa, ciutat_empresa, activitat)  VALUES  ('A-12000115','RESIDUOS SOLIDOS URBANOS DE JAEN S.A. (RESUR JAEN S.A.)','JAÉN','Resines, làtex, plastificants, aiguacuit');
INSERT INTO EmpresaProductora (nif_empresa, nom_empresa, ciutat_empresa, activitat)  VALUES  ('A-12000134','DESGUACE GARCÍA','SEVILLA','Resines, làtex, plastificants, aiguacuit');
INSERT INTO EmpresaProductora (nif_empresa, nom_empresa, ciutat_empresa, activitat)  VALUES  ('A-12000152','DESGUACE ABELARDO EUSEBIO LEYVA','GRANADA','Resines, làtex, plastificants, aiguacuit');
INSERT INTO EmpresaProductora (nif_empresa, nom_empresa, ciutat_empresa, activitat)  VALUES  ('A-12000172','DAVID DE AUGUSTO RODRIGUEZ','SEVILLA','Resines, làtex, plastificants, aiguacuit');
INSERT INTO EmpresaProductora (nif_empresa, nom_empresa, ciutat_empresa, activitat)  VALUES  ('A-12000190','SOCIEDAD MUNICIPAL DE APARCAMIENTOS Y SERVICIOS','MÁLAGA','Resines, làtex, plastificants, aiguacuit');
INSERT INTO EmpresaProductora (nif_empresa, nom_empresa, ciutat_empresa, activitat)  VALUES  ('A-12000208','RIMASA 2003','MÁLAGA','Resines, làtex, plastificants, aiguacuit');
INSERT INTO EmpresaProductora (nif_empresa, nom_empresa, ciutat_empresa, activitat)  VALUES  ('A-12000226','DESGUACE PAREJO','GRANADA','Resines, làtex, plastificants, aiguacuit');
INSERT INTO EmpresaProductora (nif_empresa, nom_empresa, ciutat_empresa, activitat)  VALUES  ('A-12000244','TALLERES JOROZ','ALMERÍA','Resines, làtex, plastificants, aiguacuit');
INSERT INTO EmpresaProductora (nif_empresa, nom_empresa, ciutat_empresa, activitat)  VALUES  ('A-12000263','TALLERES ARROYO DE GOR','GRANADA','Resines, làtex, plastificants, aiguacuit');
INSERT INTO EmpresaProductora (nif_empresa, nom_empresa, ciutat_empresa, activitat)  VALUES  ('A-12000282','D. JOSE PAREJO GARCIA','GRANADA','Resines, làtex, plastificants, aiguacuit');
INSERT INTO EmpresaProductora (nif_empresa, nom_empresa, ciutat_empresa, activitat)  VALUES  ('A-12000300','HIJOS DE POLO Y PAREJA','JAÉN','Resines, làtex, plastificants, aiguacuit');
INSERT INTO EmpresaProductora (nif_empresa, nom_empresa, ciutat_empresa, activitat)  VALUES  ('A-12000318','Dª MARIA DEL CARMEN PEREZ GARCÍA','CÁDIZ','Resines, làtex, plastificants, aiguacuit');
INSERT INTO EmpresaProductora (nif_empresa, nom_empresa, ciutat_empresa, activitat)  VALUES  ('A-12000337','GRÚAS BAREA','CÓRDOBA','Resines, làtex, plastificants, aiguacuit');
INSERT INTO EmpresaProductora (nif_empresa, nom_empresa, ciutat_empresa, activitat)  VALUES  ('A-12000355','D. JOSE MIGUEL GOMEZ ESPINOSA','CÁDIZ','Resines, làtex, plastificants, aiguacuit');
INSERT INTO EmpresaProductora (nif_empresa, nom_empresa, ciutat_empresa, activitat)  VALUES  ('A-12000373','APLYTEC HIGIENE','CÓRDOBA','Resines, làtex, plastificants, aiguacuit');
INSERT INTO EmpresaProductora (nif_empresa, nom_empresa, ciutat_empresa, activitat)  VALUES  ('A-12000391','FELIPE CALVO JIMÉNEZ','MÁLAGA','Resines, làtex, plastificants, aiguacuit');
INSERT INTO EmpresaProductora (nif_empresa, nom_empresa, ciutat_empresa, activitat)  VALUES  ('A-12000409','LIMPIEZAS Y MANTENIMIENTOS HUELVA','HUELVA','Resines, làtex, plastificants, aiguacuit');
INSERT INTO EmpresaProductora (nif_empresa, nom_empresa, ciutat_empresa, activitat)  VALUES  ('A-12000427','GRÚAS Y TRANSPORTES JUVADI','SEVILLA','Resines, làtex, plastificants, aiguacuit');
INSERT INTO EmpresaProductora (nif_empresa, nom_empresa, ciutat_empresa, activitat)  VALUES  ('A-12000445','PEDRO MORA E HIJOS','CÁDIZ','Resines, làtex, plastificants, aiguacuit');
INSERT INTO EmpresaProductora (nif_empresa, nom_empresa, ciutat_empresa, activitat)  VALUES  ('A-12000463','LIMPIASOL','CÁDIZ','Resines, làtex, plastificants, aiguacuit');
INSERT INTO EmpresaProductora (nif_empresa, nom_empresa, ciutat_empresa, activitat)  VALUES  ('A-12000481','SERVICIOS AUXILIARES LAS NIEVES','MÁLAGA','Resines, làtex, plastificants, aiguacuit');
INSERT INTO EmpresaProductora (nif_empresa, nom_empresa, ciutat_empresa, activitat)  VALUES  ('A-12000499','ARISTERRA','MÁLAGA','Resines, làtex, plastificants, aiguacuit');
INSERT INTO EmpresaProductora (nif_empresa, nom_empresa, ciutat_empresa, activitat)  VALUES  ('A-12000517','FRANCISCO GARCÍA GONZÁLEZ','SEVILLA','Resines, làtex, plastificants, aiguacuit');
INSERT INTO EmpresaProductora (nif_empresa, nom_empresa, ciutat_empresa, activitat)  VALUES  ('A-12000535','TRATAMIENTOS ECOLÓGICOS ESCUDIER','CÁDIZ','Resines, làtex, plastificants, aiguacuit');
INSERT INTO EmpresaProductora (nif_empresa, nom_empresa, ciutat_empresa, activitat)  VALUES  ('A-12000553','MOTODESGUACE PORTILLO','MÁLAGA','Resines, làtex, plastificants, aiguacuit');
INSERT INTO EmpresaProductora (nif_empresa, nom_empresa, ciutat_empresa, activitat)  VALUES  ('A-12000022','FCC ÁMBITO','CÓRDOBA','Substàncies anatòmiques: residus hospitalaris o altres residus clínics');
INSERT INTO EmpresaProductora (nif_empresa, nom_empresa, ciutat_empresa, activitat)  VALUES  ('A-12000040','BIOCLEAN','SEVILLA','Substàncies anatòmiques: residus hospitalaris o altres residus clínics');
INSERT INTO EmpresaProductora (nif_empresa, nom_empresa, ciutat_empresa, activitat)  VALUES  ('A-12000059','RECUPERACIONES Y SERVICIOS DIEGO ROMERO','CÓRDOBA','Substàncies anatòmiques: residus hospitalaris o altres residus clínics');
INSERT INTO EmpresaProductora (nif_empresa, nom_empresa, ciutat_empresa, activitat)  VALUES  ('A-12000080','RIMACOR','CÓRDOBA','Substàncies anatòmiques: residus hospitalaris o altres residus clínics');
INSERT INTO EmpresaProductora (nif_empresa, nom_empresa, ciutat_empresa, activitat)  VALUES  ('A-12000101','TRUJILLO Y SALAS S.L.','HUELVA','Substàncies anatòmiques: residus hospitalaris o altres residus clínics');
INSERT INTO EmpresaProductora (nif_empresa, nom_empresa, ciutat_empresa, activitat)  VALUES  ('A-12000122','SERKONTEN S.A.','JAÉN','Substàncies anatòmiques: residus hospitalaris o altres residus clínics');
INSERT INTO EmpresaProductora (nif_empresa, nom_empresa, ciutat_empresa, activitat)  VALUES  ('A-12000140','CHATARRAS Y RECICLAJES PLAZA','JAÉN','Substàncies anatòmiques: residus hospitalaris o altres residus clínics');
INSERT INTO EmpresaProductora (nif_empresa, nom_empresa, ciutat_empresa, activitat)  VALUES  ('A-12000158','TECNOLOGÍA DE REGENERACIONES SUÁREZ-PÉREZ','SEVILLA','Substàncies anatòmiques: residus hospitalaris o altres residus clínics');
INSERT INTO EmpresaProductora (nif_empresa, nom_empresa, ciutat_empresa, activitat)  VALUES  ('A-12000178','SCRAP YARD S.L. ( AUTODESGUACE EL INGLES)','MÁLAGA','Substàncies anatòmiques: residus hospitalaris o altres residus clínics');
INSERT INTO EmpresaProductora (nif_empresa, nom_empresa, ciutat_empresa, activitat)  VALUES  ('A-12000196','REGESUR S.L. (RECICLAJE Y GESTION DEL SUR DE EUROPA)','CÓRDOBA','Substàncies anatòmiques: residus hospitalaris o altres residus clínics');
INSERT INTO EmpresaProductora (nif_empresa, nom_empresa, ciutat_empresa, activitat)  VALUES  ('A-12000214','DESGUACES SUSPIRO DEL MORO','GRANADA','Substàncies anatòmiques: residus hospitalaris o altres residus clínics');
INSERT INTO EmpresaProductora (nif_empresa, nom_empresa, ciutat_empresa, activitat)  VALUES  ('A-12000232','D. JUAN SOLER QUESADA','ALMERÍA','Substàncies anatòmiques: residus hospitalaris o altres residus clínics');
INSERT INTO EmpresaProductora (nif_empresa, nom_empresa, ciutat_empresa, activitat)  VALUES  ('A-12000250','AUTODESGUACE SIGLO XXI','SEVILLA','Substàncies anatòmiques: residus hospitalaris o altres residus clínics');
INSERT INTO EmpresaProductora (nif_empresa, nom_empresa, ciutat_empresa, activitat)  VALUES  ('A-12000269','DESGUACE LA PONDEROSA','CÓRDOBA','Substàncies anatòmiques: residus hospitalaris o altres residus clínics');
INSERT INTO EmpresaProductora (nif_empresa, nom_empresa, ciutat_empresa, activitat)  VALUES  ('A-12000288','D. ANGEL CORRAL FERNANDEZ (DESGUACE EL PINAR)','GRANADA','Substàncies anatòmiques: residus hospitalaris o altres residus clínics');
INSERT INTO EmpresaProductora (nif_empresa, nom_empresa, ciutat_empresa, activitat)  VALUES  ('A-12000306','BORANDA RECYCLING','HUELVA','Substàncies anatòmiques: residus hospitalaris o altres residus clínics');
INSERT INTO EmpresaProductora (nif_empresa, nom_empresa, ciutat_empresa, activitat)  VALUES  ('A-12000324','D. FRANCISCO RIDAO MARTINEZ','ALMERÍA','Substàncies anatòmiques: residus hospitalaris o altres residus clínics');
INSERT INTO EmpresaProductora (nif_empresa, nom_empresa, ciutat_empresa, activitat)  VALUES  ('A-12000343','DESGUACES GRUAS LUIS','MÁLAGA','Substàncies anatòmiques: residus hospitalaris o altres residus clínics');
INSERT INTO EmpresaProductora (nif_empresa, nom_empresa, ciutat_empresa, activitat)  VALUES  ('A-12000361','TRANSPORTES PIEDRA DE CONTENEDORES','CÁDIZ','Substàncies anatòmiques: residus hospitalaris o altres residus clínics');
INSERT INTO EmpresaProductora (nif_empresa, nom_empresa, ciutat_empresa, activitat)  VALUES  ('A-12000379','SOCIEDAD FINANCIERA Y MINERA','BARCELONA','Substàncies anatòmiques: residus hospitalaris o altres residus clínics');
INSERT INTO EmpresaProductora (nif_empresa, nom_empresa, ciutat_empresa, activitat)  VALUES  ('A-12000397','CAFAES','VALLADOLID','Substàncies anatòmiques: residus hospitalaris o altres residus clínics');
INSERT INTO EmpresaProductora (nif_empresa, nom_empresa, ciutat_empresa, activitat)  VALUES  ('A-12000415','KEPLER INGENIERIA Y ECOGESTION','SEVILLA','Substàncies anatòmiques: residus hospitalaris o altres residus clínics');
INSERT INTO EmpresaProductora (nif_empresa, nom_empresa, ciutat_empresa, activitat)  VALUES  ('A-12000433','Concepción Luque Merino','CÓRDOBA','Substàncies anatòmiques: residus hospitalaris o altres residus clínics');
INSERT INTO EmpresaProductora (nif_empresa, nom_empresa, ciutat_empresa, activitat)  VALUES  ('A-12000451','FRIO FRIO','CÁDIZ','Substàncies anatòmiques: residus hospitalaris o altres residus clínics');
INSERT INTO EmpresaProductora (nif_empresa, nom_empresa, ciutat_empresa, activitat)  VALUES  ('A-12000469','JUAN DURÁN RIVERA','GRANADA','Substàncies anatòmiques: residus hospitalaris o altres residus clínics');
INSERT INTO EmpresaProductora (nif_empresa, nom_empresa, ciutat_empresa, activitat)  VALUES  ('A-12000487','TRANSPORTES Y ARIDOS ONUBENSES','HUELVA','Substàncies anatòmiques: residus hospitalaris o altres residus clínics');
INSERT INTO EmpresaProductora (nif_empresa, nom_empresa, ciutat_empresa, activitat)  VALUES  ('A-12000505','TALLERES ATIG','CÓRDOBA','Substàncies anatòmiques: residus hospitalaris o altres residus clínics');
INSERT INTO EmpresaProductora (nif_empresa, nom_empresa, ciutat_empresa, activitat)  VALUES  ('A-12000523','RECICLAJES SANTA LuCIA','SEVILLA','Substàncies anatòmiques: residus hospitalaris o altres residus clínics');
INSERT INTO EmpresaProductora (nif_empresa, nom_empresa, ciutat_empresa, activitat)  VALUES  ('A-12000541','DESGUACE MUNDIAL AUTOS','ALMERÍA','Substàncies anatòmiques: residus hospitalaris o altres residus clínics');
INSERT INTO EmpresaProductora (nif_empresa, nom_empresa, ciutat_empresa, activitat)  VALUES  ('A-12000027','LYRSA (LAJO Y RODRIGUEZ','SEVILLA','Substàncies orgàniques halogenades no utilitzades com a dissolvents, excloses les matèries polimerizadas inertes');
INSERT INTO EmpresaProductora (nif_empresa, nom_empresa, ciutat_empresa, activitat)  VALUES  ('A-12000046','GEOCYCLE','ALMERÍA','Substàncies orgàniques halogenades no utilitzades com a dissolvents, excloses les matèries polimerizadas inertes');
INSERT INTO EmpresaProductora (nif_empresa, nom_empresa, ciutat_empresa, activitat)  VALUES  ('A-12000066','CESPA CONTEN','SEVILLA','Substàncies orgàniques halogenades no utilitzades com a dissolvents, excloses les matèries polimerizadas inertes');
INSERT INTO EmpresaProductora (nif_empresa, nom_empresa, ciutat_empresa, activitat)  VALUES  ('A-12000086','FERROMOLINS','BARCELONA','Substàncies orgàniques halogenades no utilitzades com a dissolvents, excloses les matèries polimerizadas inertes');
INSERT INTO EmpresaProductora (nif_empresa, nom_empresa, ciutat_empresa, activitat)  VALUES  ('A-12000106','ANDRÉS OLMEDO PELAEZ','MÁLAGA','Substàncies orgàniques halogenades no utilitzades com a dissolvents, excloses les matèries polimerizadas inertes');
INSERT INTO EmpresaProductora (nif_empresa, nom_empresa, ciutat_empresa, activitat)  VALUES  ('A-12000127','TRANSSAFER','CIUDAD REAL','Substàncies orgàniques halogenades no utilitzades com a dissolvents, excloses les matèries polimerizadas inertes');
INSERT INTO EmpresaProductora (nif_empresa, nom_empresa, ciutat_empresa, activitat)  VALUES  ('A-12000145','AGUA VIVA RECICLAJES','HUELVA','Substàncies orgàniques halogenades no utilitzades com a dissolvents, excloses les matèries polimerizadas inertes');
INSERT INTO EmpresaProductora (nif_empresa, nom_empresa, ciutat_empresa, activitat)  VALUES  ('A-12000164','AGUSTIN BEGARA JIMENEZ','JAÉN','Substàncies orgàniques halogenades no utilitzades com a dissolvents, excloses les matèries polimerizadas inertes');
INSERT INTO EmpresaProductora (nif_empresa, nom_empresa, ciutat_empresa, activitat)  VALUES  ('A-12000183','JOSE LUIS LOPEZ RUIZ (DESGUACE JUNCARIL)','GRANADA','Substàncies orgàniques halogenades no utilitzades com a dissolvents, excloses les matèries polimerizadas inertes');
INSERT INTO EmpresaProductora (nif_empresa, nom_empresa, ciutat_empresa, activitat)  VALUES  ('A-12000201','BALTRAN','CIUDAD REAL','Substàncies orgàniques halogenades no utilitzades com a dissolvents, excloses les matèries polimerizadas inertes');
INSERT INTO EmpresaProductora (nif_empresa, nom_empresa, ciutat_empresa, activitat)  VALUES  ('A-12000219','GRUAS Y DESGUACES MARIN','JAÉN','Substàncies orgàniques halogenades no utilitzades com a dissolvents, excloses les matèries polimerizadas inertes');
INSERT INTO EmpresaProductora (nif_empresa, nom_empresa, ciutat_empresa, activitat)  VALUES  ('A-12000237','CONTENEDORES ONUBA','HUELVA','Substàncies orgàniques halogenades no utilitzades com a dissolvents, excloses les matèries polimerizadas inertes');
INSERT INTO EmpresaProductora (nif_empresa, nom_empresa, ciutat_empresa, activitat)  VALUES  ('A-12000255','GRUAS Y DESGUACES FUENTES','ALMERÍA','Substàncies orgàniques halogenades no utilitzades com a dissolvents, excloses les matèries polimerizadas inertes');
INSERT INTO EmpresaProductora (nif_empresa, nom_empresa, ciutat_empresa, activitat)  VALUES  ('A-12000274','GESTORA DE SEGURIDAD Y MEDIO AMBIENTE','ASTURIAS','Substàncies orgàniques halogenades no utilitzades com a dissolvents, excloses les matèries polimerizadas inertes');
INSERT INTO EmpresaProductora (nif_empresa, nom_empresa, ciutat_empresa, activitat)  VALUES  ('A-12000293','SUBBETICA DE RECICLAJES','CÓRDOBA','Substàncies orgàniques halogenades no utilitzades com a dissolvents, excloses les matèries polimerizadas inertes');
INSERT INTO EmpresaProductora (nif_empresa, nom_empresa, ciutat_empresa, activitat)  VALUES  ('A-12000311','AUTODESGUACE VALDEZORRAS 1','SEVILLA','Substàncies orgàniques halogenades no utilitzades com a dissolvents, excloses les matèries polimerizadas inertes');
INSERT INTO EmpresaProductora (nif_empresa, nom_empresa, ciutat_empresa, activitat)  VALUES  ('A-12000330','SERVICIOS DE RECICLADO Y DESGUACE EL MALAGUEÑO','CÁDIZ','Substàncies orgàniques halogenades no utilitzades com a dissolvents, excloses les matèries polimerizadas inertes');
INSERT INTO EmpresaProductora (nif_empresa, nom_empresa, ciutat_empresa, activitat)  VALUES  ('A-12000348','GERESUR','ALMERÍA','Substàncies orgàniques halogenades no utilitzades com a dissolvents, excloses les matèries polimerizadas inertes');
INSERT INTO EmpresaProductora (nif_empresa, nom_empresa, ciutat_empresa, activitat)  VALUES  ('A-12000366','PUBLIALMERIA','ALMERÍA','Substàncies orgàniques halogenades no utilitzades com a dissolvents, excloses les matèries polimerizadas inertes');
INSERT INTO EmpresaProductora (nif_empresa, nom_empresa, ciutat_empresa, activitat)  VALUES  ('A-12000384','HERA AG AMBIENTAL S.L.','MADRID','Substàncies orgàniques halogenades no utilitzades com a dissolvents, excloses les matèries polimerizadas inertes');
INSERT INTO EmpresaProductora (nif_empresa, nom_empresa, ciutat_empresa, activitat)  VALUES  ('A-12000402','D. FERNANDO CORREA HALDÓN','HUELVA','Substàncies orgàniques halogenades no utilitzades com a dissolvents, excloses les matèries polimerizadas inertes');
INSERT INTO EmpresaProductora (nif_empresa, nom_empresa, ciutat_empresa, activitat)  VALUES  ('A-12000420','OVICAL ALCANTARILLADOS','SEVILLA','Substàncies orgàniques halogenades no utilitzades com a dissolvents, excloses les matèries polimerizadas inertes');
INSERT INTO EmpresaProductora (nif_empresa, nom_empresa, ciutat_empresa, activitat)  VALUES  ('A-12000438','BARCIA Y FIGUEROA','SEVILLA','Substàncies orgàniques halogenades no utilitzades com a dissolvents, excloses les matèries polimerizadas inertes');
INSERT INTO EmpresaProductora (nif_empresa, nom_empresa, ciutat_empresa, activitat)  VALUES  ('A-12000456','DESGUACES Y CHATARRAS JUAN OLIVA E HIJOS','SEVILLA','Substàncies orgàniques halogenades no utilitzades com a dissolvents, excloses les matèries polimerizadas inertes');
INSERT INTO EmpresaProductora (nif_empresa, nom_empresa, ciutat_empresa, activitat)  VALUES  ('A-12000474','KIESELGURHR AISLANTES','JAÉN','Substàncies orgàniques halogenades no utilitzades com a dissolvents, excloses les matèries polimerizadas inertes');
INSERT INTO EmpresaProductora (nif_empresa, nom_empresa, ciutat_empresa, activitat)  VALUES  ('A-12000492','RECICLAJES HNOS FUENTES','GRANADA','Substàncies orgàniques halogenades no utilitzades com a dissolvents, excloses les matèries polimerizadas inertes');
INSERT INTO EmpresaProductora (nif_empresa, nom_empresa, ciutat_empresa, activitat)  VALUES  ('A-12000510','DEHESILLA OBRAS Y SERVICIOS','SEVILLA','Substàncies orgàniques halogenades no utilitzades com a dissolvents, excloses les matèries polimerizadas inertes');
INSERT INTO EmpresaProductora (nif_empresa, nom_empresa, ciutat_empresa, activitat)  VALUES  ('A-12000528','AUTOS MORAGA','JAÉN','Substàncies orgàniques halogenades no utilitzades com a dissolvents, excloses les matèries polimerizadas inertes');
INSERT INTO EmpresaProductora (nif_empresa, nom_empresa, ciutat_empresa, activitat)  VALUES  ('A-12000546','JUAN URBANO FERNÁNDEZ','MÁLAGA','Substàncies orgàniques halogenades no utilitzades com a dissolvents, excloses les matèries polimerizadas inertes');
INSERT INTO EmpresaProductora (nif_empresa, nom_empresa, ciutat_empresa, activitat)  VALUES  ('A-12000031','PRODAMED S.L. (PRODUCTOS AUXILIARES MEDIOAMBIENTALES','JAÉN','Substàncies que continguin PCB i/o PCT');
INSERT INTO EmpresaProductora (nif_empresa, nom_empresa, ciutat_empresa, activitat)  VALUES  ('A-12000050','SUCCION Y LIMPIEZA DE RESIDUOS','SEVILLA','Substàncies que continguin PCB i/o PCT');
INSERT INTO EmpresaProductora (nif_empresa, nom_empresa, ciutat_empresa, activitat)  VALUES  ('A-12000070','LIPASAM   (PUNTOS LIMPIOS DE LOS OLIVOS Y LOS PINOS)','SEVILLA','Substàncies que continguin PCB i/o PCT');
INSERT INTO EmpresaProductora (nif_empresa, nom_empresa, ciutat_empresa, activitat)  VALUES  ('A-12000090','ARBIDEN','SEVILLA','Substàncies que continguin PCB i/o PCT');
INSERT INTO EmpresaProductora (nif_empresa, nom_empresa, ciutat_empresa, activitat)  VALUES  ('A-12000110','GESTHIDRO','CÓRDOBA','Substàncies que continguin PCB i/o PCT');
INSERT INTO EmpresaProductora (nif_empresa, nom_empresa, ciutat_empresa, activitat)  VALUES  ('A-12000131','ALEX HUELVA','HUELVA','Substàncies que continguin PCB i/o PCT');
INSERT INTO EmpresaProductora (nif_empresa, nom_empresa, ciutat_empresa, activitat)  VALUES  ('A-12000149','MOTOCOCHE','GRANADA','Substàncies que continguin PCB i/o PCT');
INSERT INTO EmpresaProductora (nif_empresa, nom_empresa, ciutat_empresa, activitat)  VALUES  ('A-12000168','MANUEL GALLEGO','SEVILLA','Substàncies que continguin PCB i/o PCT');
INSERT INTO EmpresaProductora (nif_empresa, nom_empresa, ciutat_empresa, activitat)  VALUES  ('A-12000187','DISTRIBUCIONES BURSAN CIRO','CÁDIZ','Substàncies que continguin PCB i/o PCT');
INSERT INTO EmpresaProductora (nif_empresa, nom_empresa, ciutat_empresa, activitat)  VALUES  ('A-12000205','ANTONIO PLATA GIL','SEVILLA','Substàncies que continguin PCB i/o PCT');
INSERT INTO EmpresaProductora (nif_empresa, nom_empresa, ciutat_empresa, activitat)  VALUES  ('A-12000223','RECUPERADOS Y DESGUACES J. LEONARDO','JAÉN','Substàncies que continguin PCB i/o PCT');
INSERT INTO EmpresaProductora (nif_empresa, nom_empresa, ciutat_empresa, activitat)  VALUES  ('A-12000241','GRUAS BUSTOS','GRANADA','Substàncies que continguin PCB i/o PCT');
INSERT INTO EmpresaProductora (nif_empresa, nom_empresa, ciutat_empresa, activitat)  VALUES  ('A-12000259','D. ANTONIO BASTIDAS QUIRANTE (C.A.T. BASTIDAS)','GRANADA','Substàncies que continguin PCB i/o PCT');
INSERT INTO EmpresaProductora (nif_empresa, nom_empresa, ciutat_empresa, activitat)  VALUES  ('A-12000278','JUAN CARLOS LUQUE BARCOS (DESGUACE ALMAYATE)','MÁLAGA','Substàncies que continguin PCB i/o PCT');
INSERT INTO EmpresaProductora (nif_empresa, nom_empresa, ciutat_empresa, activitat)  VALUES  ('A-12000297','AUTODESGUACE Y RECICLAJE LUCENA','CÓRDOBA','Substàncies que continguin PCB i/o PCT');
INSERT INTO EmpresaProductora (nif_empresa, nom_empresa, ciutat_empresa, activitat)  VALUES  ('A-12000315','D. JUAN PÉREZ AGUAYO','SEVILLA','Substàncies que continguin PCB i/o PCT');
INSERT INTO EmpresaProductora (nif_empresa, nom_empresa, ciutat_empresa, activitat)  VALUES  ('A-12000334','BIOTRAN GESTIÓN DE RESIDUOS','VALLADOLID','Substàncies que continguin PCB i/o PCT');
INSERT INTO EmpresaProductora (nif_empresa, nom_empresa, ciutat_empresa, activitat)  VALUES  ('A-12000352','CARD GRANADA','GRANADA','Substàncies que continguin PCB i/o PCT');
INSERT INTO EmpresaProductora (nif_empresa, nom_empresa, ciutat_empresa, activitat)  VALUES  ('A-12000370','INGENIERIA ENERGETICA Y DE CONTAMINACION S.A.','SEVILLA','Substàncies que continguin PCB i/o PCT');
INSERT INTO EmpresaProductora (nif_empresa, nom_empresa, ciutat_empresa, activitat)  VALUES  ('A-12000388','ALCANTARILLADOS ABACAN','SEVILLA','Substàncies que continguin PCB i/o PCT');
INSERT INTO EmpresaProductora (nif_empresa, nom_empresa, ciutat_empresa, activitat)  VALUES  ('A-12000406','RECYLEC (GRANADA)','GRANADA','Substàncies que continguin PCB i/o PCT');
INSERT INTO EmpresaProductora (nif_empresa, nom_empresa, ciutat_empresa, activitat)  VALUES  ('A-12000424','Desguaces Villamartin','CÁDIZ','Substàncies que continguin PCB i/o PCT');
INSERT INTO EmpresaProductora (nif_empresa, nom_empresa, ciutat_empresa, activitat)  VALUES  ('A-12000442','URBASER','SEVILLA','Substàncies que continguin PCB i/o PCT');
INSERT INTO EmpresaProductora (nif_empresa, nom_empresa, ciutat_empresa, activitat)  VALUES  ('A-12000460','GRUPO EMPRESARIAL RECICLADO','CÁDIZ','Substàncies que continguin PCB i/o PCT');
INSERT INTO EmpresaProductora (nif_empresa, nom_empresa, ciutat_empresa, activitat)  VALUES  ('A-12000478','SOCIEDAD CIVIL DE CONSTRUCCIONES AGUILAR Y MONTENEGRO','CÓRDOBA','Substàncies que continguin PCB i/o PCT');
INSERT INTO EmpresaProductora (nif_empresa, nom_empresa, ciutat_empresa, activitat)  VALUES  ('A-12000496','RECICLAJES FRANCISCO RODRIGUEZ VAZQUEZ','CÓRDOBA','Substàncies que continguin PCB i/o PCT');
INSERT INTO EmpresaProductora (nif_empresa, nom_empresa, ciutat_empresa, activitat)  VALUES  ('A-12000514','GRUAS RUIZ GRANADA','GRANADA','Substàncies que continguin PCB i/o PCT');
INSERT INTO EmpresaProductora (nif_empresa, nom_empresa, ciutat_empresa, activitat)  VALUES  ('A-12000532','RECIMACON','MÁLAGA','Substàncies que continguin PCB i/o PCT');
INSERT INTO EmpresaProductora (nif_empresa, nom_empresa, ciutat_empresa, activitat)  VALUES  ('A-12000550','DIEGO BARBERO GALLARDO','SEVILLA','Substàncies que continguin PCB i/o PCT');
INSERT INTO EmpresaProductora (nif_empresa, nom_empresa, ciutat_empresa, activitat)  VALUES  ('A-12000037','SAICA NATUR','SEVILLA','Substàncies químiques i productes de tractament utilitzats en fotografia');
INSERT INTO EmpresaProductora (nif_empresa, nom_empresa, ciutat_empresa, activitat)  VALUES  ('A-12000056','SOLANAS RECUPERACIONES INDUSTRIALES S.A.','CÓRDOBA','Substàncies químiques i productes de tractament utilitzats en fotografia');
INSERT INTO EmpresaProductora (nif_empresa, nom_empresa, ciutat_empresa, activitat)  VALUES  ('A-12000076','DILABO','CÁDIZ','Substàncies químiques i productes de tractament utilitzats en fotografia');
INSERT INTO EmpresaProductora (nif_empresa, nom_empresa, ciutat_empresa, activitat)  VALUES  ('A-12000097','TRAYCISAL','ALMERÍA','Substàncies químiques i productes de tractament utilitzats en fotografia');
INSERT INTO EmpresaProductora (nif_empresa, nom_empresa, ciutat_empresa, activitat)  VALUES  ('A-12000118','DESGUACE JOSE MARTINEZ GERMAN Y OTRO C.B.','JAÉN','Substàncies químiques i productes de tractament utilitzats en fotografia');
INSERT INTO EmpresaProductora (nif_empresa, nom_empresa, ciutat_empresa, activitat)  VALUES  ('A-12000137','REUTILIZACIÓN Y RECICLAJE','ALBACETE','Substàncies químiques i productes de tractament utilitzats en fotografia');
INSERT INTO EmpresaProductora (nif_empresa, nom_empresa, ciutat_empresa, activitat)  VALUES  ('A-12000155','EMILIO ANDRÉS Y VILLAS','SEVILLA','Substàncies químiques i productes de tractament utilitzats en fotografia');
INSERT INTO EmpresaProductora (nif_empresa, nom_empresa, ciutat_empresa, activitat)  VALUES  ('A-12000175','Desguace El Pingüino','SEVILLA','Substàncies químiques i productes de tractament utilitzats en fotografia');
INSERT INTO EmpresaProductora (nif_empresa, nom_empresa, ciutat_empresa, activitat)  VALUES  ('A-12000193','MORALES ROJAS MIGUEL 000455492T SLNE (DESGUACE LA ZUBIA)','GRANADA','Substàncies químiques i productes de tractament utilitzats en fotografia');
INSERT INTO EmpresaProductora (nif_empresa, nom_empresa, ciutat_empresa, activitat)  VALUES  ('A-12000211','DESGUACE Y GRÚAS BAENA','ALMERÍA','Substàncies químiques i productes de tractament utilitzats en fotografia');
INSERT INTO EmpresaProductora (nif_empresa, nom_empresa, ciutat_empresa, activitat)  VALUES  ('A-12000229','JUAN ANTONIO GONZALEZ ORTEGA (DESGUACE LA PERLA)','ALMERÍA','Substàncies químiques i productes de tractament utilitzats en fotografia');
INSERT INTO EmpresaProductora (nif_empresa, nom_empresa, ciutat_empresa, activitat)  VALUES  ('A-12000247','DESGUACE A-92','SEVILLA','Substàncies químiques i productes de tractament utilitzats en fotografia');
INSERT INTO EmpresaProductora (nif_empresa, nom_empresa, ciutat_empresa, activitat)  VALUES  ('A-12000266','AHYRESA (ANDALUZA DE HIERROS Y RECUPERACIONES','MÁLAGA','Substàncies químiques i productes de tractament utilitzats en fotografia');
INSERT INTO EmpresaProductora (nif_empresa, nom_empresa, ciutat_empresa, activitat)  VALUES  ('A-12000285','DESGUACES LEPE','HUELVA','Substàncies químiques i productes de tractament utilitzats en fotografia');
INSERT INTO EmpresaProductora (nif_empresa, nom_empresa, ciutat_empresa, activitat)  VALUES  ('A-12000303','AUTOMÓVILES EL POLLO','HUELVA','Substàncies químiques i productes de tractament utilitzats en fotografia');
INSERT INTO EmpresaProductora (nif_empresa, nom_empresa, ciutat_empresa, activitat)  VALUES  ('A-12000321','ECOGADES','CÁDIZ','Substàncies químiques i productes de tractament utilitzats en fotografia');
INSERT INTO EmpresaProductora (nif_empresa, nom_empresa, ciutat_empresa, activitat)  VALUES  ('A-12000340','HERMANOS PADILLA','CÁDIZ','Substàncies químiques i productes de tractament utilitzats en fotografia');
INSERT INTO EmpresaProductora (nif_empresa, nom_empresa, ciutat_empresa, activitat)  VALUES  ('A-12000358','DESGUACE HERRERA','ALMERÍA','Substàncies químiques i productes de tractament utilitzats en fotografia');
INSERT INTO EmpresaProductora (nif_empresa, nom_empresa, ciutat_empresa, activitat)  VALUES  ('A-12000376','GESTIÓN  RESIDUOS HUELVA','HUELVA','Substàncies químiques i productes de tractament utilitzats en fotografia');
INSERT INTO EmpresaProductora (nif_empresa, nom_empresa, ciutat_empresa, activitat)  VALUES  ('A-12000394','RECIOY CABRAL','CÁDIZ','Substàncies químiques i productes de tractament utilitzats en fotografia');
INSERT INTO EmpresaProductora (nif_empresa, nom_empresa, ciutat_empresa, activitat)  VALUES  ('A-12000412','RECICLADOS AUTOCHOQUE','GRANADA','Substàncies químiques i productes de tractament utilitzats en fotografia');
INSERT INTO EmpresaProductora (nif_empresa, nom_empresa, ciutat_empresa, activitat)  VALUES  ('A-12000430','Alvaro Marrero Pérez','GRANADA','Substàncies químiques i productes de tractament utilitzats en fotografia');
INSERT INTO EmpresaProductora (nif_empresa, nom_empresa, ciutat_empresa, activitat)  VALUES  ('A-12000448','JUAN FRANCISCO MESA GAGO (TALLERES MESA)','CÁDIZ','Substàncies químiques i productes de tractament utilitzats en fotografia');
INSERT INTO EmpresaProductora (nif_empresa, nom_empresa, ciutat_empresa, activitat)  VALUES  ('A-12000466','RECUPERACIONES BALLESTEROS','SEVILLA','Substàncies químiques i productes de tractament utilitzats en fotografia');
INSERT INTO EmpresaProductora (nif_empresa, nom_empresa, ciutat_empresa, activitat)  VALUES  ('A-12000484','FELIX JOVER RAMIREZ','JAÉN','Substàncies químiques i productes de tractament utilitzats en fotografia');
INSERT INTO EmpresaProductora (nif_empresa, nom_empresa, ciutat_empresa, activitat)  VALUES  ('A-12000502','SUMINISTRO DE COMBUSTIBLES DIVERSOS','JAÉN','Substàncies químiques i productes de tractament utilitzats en fotografia');
INSERT INTO EmpresaProductora (nif_empresa, nom_empresa, ciutat_empresa, activitat)  VALUES  ('A-12000520','JOAQUIN SOLANAS SANCHIS','BARCELONA','Substàncies químiques i productes de tractament utilitzats en fotografia');
INSERT INTO EmpresaProductora (nif_empresa, nom_empresa, ciutat_empresa, activitat)  VALUES  ('A-12000538','RICARDO SÁNCHEZ GUTIERREZ','SEVILLA','Substàncies químiques i productes de tractament utilitzats en fotografia');
INSERT INTO EmpresaProductora (nif_empresa, nom_empresa, ciutat_empresa, activitat)  VALUES  ('A-12000035','CONSTRUCCIONES OCCIDENTALES DE ANDALUCIA (COASA)','CÁDIZ','Substàncies químiques no identificades i/o noves d activitats d ensenyaments ');
INSERT INTO EmpresaProductora (nif_empresa, nom_empresa, ciutat_empresa, activitat)  VALUES  ('A-12000054','SERVICIOS Y LOGÍSTICA PUNTA EUROPA','CÁDIZ','Substàncies químiques no identificades i/o noves d activitats d ensenyaments ');
INSERT INTO EmpresaProductora (nif_empresa, nom_empresa, ciutat_empresa, activitat)  VALUES  ('A-12000074','TAKE BAS SYSTEM','MÁLAGA','Substàncies químiques no identificades i/o noves d activitats d ensenyaments ');
INSERT INTO EmpresaProductora (nif_empresa, nom_empresa, ciutat_empresa, activitat)  VALUES  ('A-12000095','LUCEAUTO S.L.','CÓRDOBA','Substàncies químiques no identificades i/o noves d activitats d ensenyaments ');
INSERT INTO EmpresaProductora (nif_empresa, nom_empresa, ciutat_empresa, activitat)  VALUES  ('A-12000116','TRANSPORTES RIO VEGA S.L.','SEVILLA','Substàncies químiques no identificades i/o noves d activitats d ensenyaments ');
INSERT INTO EmpresaProductora (nif_empresa, nom_empresa, ciutat_empresa, activitat)  VALUES  ('A-12000135','CENTRO ANDALUZ DE RESIDUOS PELIGROSOS','SEVILLA','Substàncies químiques no identificades i/o noves d activitats d ensenyaments ');
INSERT INTO EmpresaProductora (nif_empresa, nom_empresa, ciutat_empresa, activitat)  VALUES  ('A-12000153','AUTOS NIJAR CARS','ALMERÍA','Substàncies químiques no identificades i/o noves d activitats d ensenyaments ');
INSERT INTO EmpresaProductora (nif_empresa, nom_empresa, ciutat_empresa, activitat)  VALUES  ('A-12000173','DESGUACES LINARES C.B.','GRANADA','Substàncies químiques no identificades i/o noves d activitats d ensenyaments ');
INSERT INTO EmpresaProductora (nif_empresa, nom_empresa, ciutat_empresa, activitat)  VALUES  ('A-12000191','TRANSPORTES AMEZAGA','VIZCAYA','Substàncies químiques no identificades i/o noves d activitats d ensenyaments ');
INSERT INTO EmpresaProductora (nif_empresa, nom_empresa, ciutat_empresa, activitat)  VALUES  ('A-12000209','JUAN ROMAN SANCHEZ','MÁLAGA','Substàncies químiques no identificades i/o noves d activitats d ensenyaments ');
INSERT INTO EmpresaProductora (nif_empresa, nom_empresa, ciutat_empresa, activitat)  VALUES  ('A-12000227','MANUEL FÉLIX RODRÍGUEZ PEREIRA','HUELVA','Substàncies químiques no identificades i/o noves d activitats d ensenyaments ');
INSERT INTO EmpresaProductora (nif_empresa, nom_empresa, ciutat_empresa, activitat)  VALUES  ('A-12000245','DESGUACES GÜAREÑA','CÓRDOBA','Substàncies químiques no identificades i/o noves d activitats d ensenyaments ');
INSERT INTO EmpresaProductora (nif_empresa, nom_empresa, ciutat_empresa, activitat)  VALUES  ('A-12000264','PROVALUTA ESPAÑA RECICLAJE DE METALES','CÓRDOBA','Substàncies químiques no identificades i/o noves d activitats d ensenyaments ');
INSERT INTO EmpresaProductora (nif_empresa, nom_empresa, ciutat_empresa, activitat)  VALUES  ('A-12000283','GRUAS LOS ARENALES','GRANADA','Substàncies químiques no identificades i/o noves d activitats d ensenyaments ');
INSERT INTO EmpresaProductora (nif_empresa, nom_empresa, ciutat_empresa, activitat)  VALUES  ('A-12000301','RECICLAJE DE VEHICULOS MAGAN','GRANADA','Substàncies químiques no identificades i/o noves d activitats d ensenyaments ');
INSERT INTO EmpresaProductora (nif_empresa, nom_empresa, ciutat_empresa, activitat)  VALUES  ('A-12000319','ABONOS ORGÁNICOS DE SEVILLA','SEVILLA','Substàncies químiques no identificades i/o noves d activitats d ensenyaments ');
INSERT INTO EmpresaProductora (nif_empresa, nom_empresa, ciutat_empresa, activitat)  VALUES  ('A-12000338','ECOPROGRAMA GESTIÓN DE RESIDUIOS','CÁDIZ','Substàncies químiques no identificades i/o noves d activitats d ensenyaments ');
INSERT INTO EmpresaProductora (nif_empresa, nom_empresa, ciutat_empresa, activitat)  VALUES  ('A-12000356','DERRIBOS Y MOVIMIENTOS DE TIERRAS SEVILLA','SEVILLA','Substàncies químiques no identificades i/o noves d activitats d ensenyaments ');
INSERT INTO EmpresaProductora (nif_empresa, nom_empresa, ciutat_empresa, activitat)  VALUES  ('A-12000374','D. ANTONIO EXPÓSITO RODRIGUEZ','ALMERÍA','Substàncies químiques no identificades i/o noves d activitats d ensenyaments ');
INSERT INTO EmpresaProductora (nif_empresa, nom_empresa, ciutat_empresa, activitat)  VALUES  ('A-12000392','COMERCIAL RUIZ QUINTERO','CÓRDOBA','Substàncies químiques no identificades i/o noves d activitats d ensenyaments ');
INSERT INTO EmpresaProductora (nif_empresa, nom_empresa, ciutat_empresa, activitat)  VALUES  ('A-12000410','FERROLIVA','ALMERÍA','Substàncies químiques no identificades i/o noves d activitats d ensenyaments ');
INSERT INTO EmpresaProductora (nif_empresa, nom_empresa, ciutat_empresa, activitat)  VALUES  ('A-12000428','Autodesguace CAT La Mina','MÁLAGA','Substàncies químiques no identificades i/o noves d activitats d ensenyaments ');
INSERT INTO EmpresaProductora (nif_empresa, nom_empresa, ciutat_empresa, activitat)  VALUES  ('A-12000446','URBALUMAR','CÓRDOBA','Substàncies químiques no identificades i/o noves d activitats d ensenyaments ');
INSERT INTO EmpresaProductora (nif_empresa, nom_empresa, ciutat_empresa, activitat)  VALUES  ('A-12000464','EMILIO MORENO GALVEZ','CÓRDOBA','Substàncies químiques no identificades i/o noves d activitats d ensenyaments ');
INSERT INTO EmpresaProductora (nif_empresa, nom_empresa, ciutat_empresa, activitat)  VALUES  ('A-12000482','SALVADOR ARROYO MORENO','MÁLAGA','Substàncies químiques no identificades i/o noves d activitats d ensenyaments ');
INSERT INTO EmpresaProductora (nif_empresa, nom_empresa, ciutat_empresa, activitat)  VALUES  ('A-12000500','C.A.T. VEGA GRANDE','JAÉN','Substàncies químiques no identificades i/o noves d activitats d ensenyaments ');
INSERT INTO EmpresaProductora (nif_empresa, nom_empresa, ciutat_empresa, activitat)  VALUES  ('A-12000518','ACSA OBRAS E INFRAESTRUCTURAS','GRANADA','Substàncies químiques no identificades i/o noves d activitats d ensenyaments ');
INSERT INTO EmpresaProductora (nif_empresa, nom_empresa, ciutat_empresa, activitat)  VALUES  ('A-12000536','RECUPERACIÓN DE METALES DOBLE R','CÁDIZ','Substàncies químiques no identificades i/o noves d activitats d ensenyaments ');
INSERT INTO EmpresaProductora (nif_empresa, nom_empresa, ciutat_empresa, activitat)  VALUES  ('A-12000554','RECUPERACIONES Y DESGUACES FERNANDO E HIJOS','JAÉN','Substàncies químiques no identificades i/o noves d activitats d ensenyaments ');
INSERT INTO EmpresaProductora (nif_empresa, nom_empresa, ciutat_empresa, activitat)  VALUES  ('A-12000028','RETRA-OIL','LA RIOJA','Surts de tremp cianuradas');
INSERT INTO EmpresaProductora (nif_empresa, nom_empresa, ciutat_empresa, activitat)  VALUES  ('A-12000047','SAFETY-KLEEN ESPAÑA','SEVILLA','Surts de tremp cianuradas');
INSERT INTO EmpresaProductora (nif_empresa, nom_empresa, ciutat_empresa, activitat)  VALUES  ('A-12000067','JOSE LUIS VELASCO NOVOA','SEVILLA','Surts de tremp cianuradas');
INSERT INTO EmpresaProductora (nif_empresa, nom_empresa, ciutat_empresa, activitat)  VALUES  ('A-12000087','REVIMAR','SEVILLA','Surts de tremp cianuradas');
INSERT INTO EmpresaProductora (nif_empresa, nom_empresa, ciutat_empresa, activitat)  VALUES  ('A-12000107','MALAGA VERDE S.L.','MÁLAGA','Surts de tremp cianuradas');
INSERT INTO EmpresaProductora (nif_empresa, nom_empresa, ciutat_empresa, activitat)  VALUES  ('A-12000128','CENTRO DE RECICLAJES Y DESGUACES CÓRDOBA','CÓRDOBA','Surts de tremp cianuradas');
INSERT INTO EmpresaProductora (nif_empresa, nom_empresa, ciutat_empresa, activitat)  VALUES  ('A-12000146','AUTODESGUACES VILLALBA DEL ALCOR','HUELVA','Surts de tremp cianuradas');
INSERT INTO EmpresaProductora (nif_empresa, nom_empresa, ciutat_empresa, activitat)  VALUES  ('A-12000165','IVERCARD 2002','GRANADA','Surts de tremp cianuradas');
INSERT INTO EmpresaProductora (nif_empresa, nom_empresa, ciutat_empresa, activitat)  VALUES  ('A-12000184','MARIN CARD 2001','ALMERÍA','Surts de tremp cianuradas');
INSERT INTO EmpresaProductora (nif_empresa, nom_empresa, ciutat_empresa, activitat)  VALUES  ('A-12000202','DESGUACE DE COCHES AEROPUERTO','GRANADA','Surts de tremp cianuradas');
INSERT INTO EmpresaProductora (nif_empresa, nom_empresa, ciutat_empresa, activitat)  VALUES  ('A-12000220','FRANCISCO ROGELIO FERNÁNDEZ ESCUDERO','ALMERÍA','Surts de tremp cianuradas');
INSERT INTO EmpresaProductora (nif_empresa, nom_empresa, ciutat_empresa, activitat)  VALUES  ('A-12000238','TALLERES MELLI','HUELVA','Surts de tremp cianuradas');
INSERT INTO EmpresaProductora (nif_empresa, nom_empresa, ciutat_empresa, activitat)  VALUES  ('A-12000256','AUTOPARTS','HUELVA','Surts de tremp cianuradas');
INSERT INTO EmpresaProductora (nif_empresa, nom_empresa, ciutat_empresa, activitat)  VALUES  ('A-12000275','CENTRO DE DESCONTAMINACION DE VEHICULOS QUILES S.C','CÓRDOBA','Surts de tremp cianuradas');
INSERT INTO EmpresaProductora (nif_empresa, nom_empresa, ciutat_empresa, activitat)  VALUES  ('A-12000294','TTES BIZARRO DUARTE','PORTUGAL','Surts de tremp cianuradas');
INSERT INTO EmpresaProductora (nif_empresa, nom_empresa, ciutat_empresa, activitat)  VALUES  ('A-12000312','D. MANUEL CARMONA BOLANCE','CÓRDOBA','Surts de tremp cianuradas');
INSERT INTO EmpresaProductora (nif_empresa, nom_empresa, ciutat_empresa, activitat)  VALUES  ('A-12000331','NANTIA SERVICIOS AVANZADOS','MÁLAGA','Surts de tremp cianuradas');
INSERT INTO EmpresaProductora (nif_empresa, nom_empresa, ciutat_empresa, activitat)  VALUES  ('A-12000349','RECUPERACIÓN MOTORES DÍAZ','SEVILLA','Surts de tremp cianuradas');
INSERT INTO EmpresaProductora (nif_empresa, nom_empresa, ciutat_empresa, activitat)  VALUES  ('A-12000367','GRUPO HERMANOS BENÍTEZ','SEVILLA','Surts de tremp cianuradas');
INSERT INTO EmpresaProductora (nif_empresa, nom_empresa, ciutat_empresa, activitat)  VALUES  ('A-12000385','ANTONIO ORTEGA GODINOS','CÁDIZ','Surts de tremp cianuradas');
INSERT INTO EmpresaProductora (nif_empresa, nom_empresa, ciutat_empresa, activitat)  VALUES  ('A-12000403','CHATARRAS EL CORDOBÉS','CÁDIZ','Surts de tremp cianuradas');
INSERT INTO EmpresaProductora (nif_empresa, nom_empresa, ciutat_empresa, activitat)  VALUES  ('A-12000421','ECOTERRA','ALICANTE','Surts de tremp cianuradas');
INSERT INTO EmpresaProductora (nif_empresa, nom_empresa, ciutat_empresa, activitat)  VALUES  ('A-12000439','CARDILES OIL COMPANY','BARCELONA','Surts de tremp cianuradas');
INSERT INTO EmpresaProductora (nif_empresa, nom_empresa, ciutat_empresa, activitat)  VALUES  ('A-12000457','EDUARDO GUTIERREZ ROMERA','SEVILLA','Surts de tremp cianuradas');
INSERT INTO EmpresaProductora (nif_empresa, nom_empresa, ciutat_empresa, activitat)  VALUES  ('A-12000475','DESGUACE SAN JUAN','HUELVA','Surts de tremp cianuradas');
INSERT INTO EmpresaProductora (nif_empresa, nom_empresa, ciutat_empresa, activitat)  VALUES  ('A-12000493','MP MEDIOAMBIENTE','SEVILLA','Surts de tremp cianuradas');
INSERT INTO EmpresaProductora (nif_empresa, nom_empresa, ciutat_empresa, activitat)  VALUES  ('A-12000511','CAM MEDIO AMBIENTE','SEVILLA','Surts de tremp cianuradas');
INSERT INTO EmpresaProductora (nif_empresa, nom_empresa, ciutat_empresa, activitat)  VALUES  ('A-12000529','COFER ASFALTOS','CÓRDOBA','Surts de tremp cianuradas');
INSERT INTO EmpresaProductora (nif_empresa, nom_empresa, ciutat_empresa, activitat)  VALUES  ('A-12000547','AUTORECAMBIO DE OCASIÓN CASTRO','CÓRDOBA','Surts de tremp cianuradas');
INSERT INTO EmpresaProductora (nif_empresa, nom_empresa, ciutat_empresa, activitat)  VALUES  ('A-12000033','APREC','SEVILLA','Tints, colorants, pigments, pintures,  laques, vernissos');
INSERT INTO EmpresaProductora (nif_empresa, nom_empresa, ciutat_empresa, activitat)  VALUES  ('A-12000072','ACCESANI','SEVILLA','Tints, colorants, pigments, pintures,  laques, vernissos');
INSERT INTO EmpresaProductora (nif_empresa, nom_empresa, ciutat_empresa, activitat)  VALUES  ('A-12000093','CESPA INGENIERIA URBANA','GRANADA','Tints, colorants, pigments, pintures,  laques, vernissos');
INSERT INTO EmpresaProductora (nif_empresa, nom_empresa, ciutat_empresa, activitat)  VALUES  ('A-12000114','JUAN CARLOS CALERO S.L.L.','CÓRDOBA','Tints, colorants, pigments, pintures,  laques, vernissos');
INSERT INTO EmpresaProductora (nif_empresa, nom_empresa, ciutat_empresa, activitat)  VALUES  ('A-12000133','PUSAMA','CÁDIZ','Tints, colorants, pigments, pintures,  laques, vernissos');
INSERT INTO EmpresaProductora (nif_empresa, nom_empresa, ciutat_empresa, activitat)  VALUES  ('A-12000151','DESGUACE GRANADA','GRANADA','Tints, colorants, pigments, pintures,  laques, vernissos');
INSERT INTO EmpresaProductora (nif_empresa, nom_empresa, ciutat_empresa, activitat)  VALUES  ('A-12000171','AUTODESGUACE HNOS VARGAS','MALAGA','Tints, colorants, pigments, pintures,  laques, vernissos');
INSERT INTO EmpresaProductora (nif_empresa, nom_empresa, ciutat_empresa, activitat)  VALUES  ('A-12000189','TRANSPORTES Y SALMUERAS NAVARRO Y ESTEVE','VALENCIA','Tints, colorants, pigments, pintures,  laques, vernissos');
INSERT INTO EmpresaProductora (nif_empresa, nom_empresa, ciutat_empresa, activitat)  VALUES  ('A-12000207','TINTANOVA','CÁDIZ','Tints, colorants, pigments, pintures,  laques, vernissos');
INSERT INTO EmpresaProductora (nif_empresa, nom_empresa, ciutat_empresa, activitat)  VALUES  ('A-12000225','GRUAS AGUADULCE','ALMERÍA','Tints, colorants, pigments, pintures,  laques, vernissos');
INSERT INTO EmpresaProductora (nif_empresa, nom_empresa, ciutat_empresa, activitat)  VALUES  ('A-12000243','EURODESGUACE MALAGA','MÁLAGA','Tints, colorants, pigments, pintures,  laques, vernissos');
INSERT INTO EmpresaProductora (nif_empresa, nom_empresa, ciutat_empresa, activitat)  VALUES  ('A-12000262','D. JOSE PARADA BUZON (DESGUACE PARADA)','CÁDIZ','Tints, colorants, pigments, pintures,  laques, vernissos');
INSERT INTO EmpresaProductora (nif_empresa, nom_empresa, ciutat_empresa, activitat)  VALUES  ('A-12000281','GESTIÓN ECOLÓGICA DE DISOLVENTES','JAÉN','Tints, colorants, pigments, pintures,  laques, vernissos');
INSERT INTO EmpresaProductora (nif_empresa, nom_empresa, ciutat_empresa, activitat)  VALUES  ('A-12000299','GRUAS Y TALLERES LORENTE LAZARO','GRANADA','Tints, colorants, pigments, pintures,  laques, vernissos');
INSERT INTO EmpresaProductora (nif_empresa, nom_empresa, ciutat_empresa, activitat)  VALUES  ('A-12000317','D. FRANCISCO PEREZ MORENO','SEVILLA','Tints, colorants, pigments, pintures,  laques, vernissos');
INSERT INTO EmpresaProductora (nif_empresa, nom_empresa, ciutat_empresa, activitat)  VALUES  ('A-12000336','BARRENO UNIÓN','SEVILLA','Tints, colorants, pigments, pintures,  laques, vernissos');
INSERT INTO EmpresaProductora (nif_empresa, nom_empresa, ciutat_empresa, activitat)  VALUES  ('A-12000354','D. JOSE ANTONIO SERRALVO SANTIAGO (MOTO DESGUACE MÁLAGA)','MÁLAGA','Tints, colorants, pigments, pintures,  laques, vernissos');
INSERT INTO EmpresaProductora (nif_empresa, nom_empresa, ciutat_empresa, activitat)  VALUES  ('A-12000372','RECICLAJES Y SUMINISTROS EL PUENTE','SEVILLA','Tints, colorants, pigments, pintures,  laques, vernissos');
INSERT INTO EmpresaProductora (nif_empresa, nom_empresa, ciutat_empresa, activitat)  VALUES  ('A-12000390','SEVITRADE','SEVILLA','Tints, colorants, pigments, pintures,  laques, vernissos');
INSERT INTO EmpresaProductora (nif_empresa, nom_empresa, ciutat_empresa, activitat)  VALUES  ('A-12000408','RECICLADOS Y DESGUACES INDUSTRIALES Y DE AUTOMOCION PYN','GRANADA','Tints, colorants, pigments, pintures,  laques, vernissos');
INSERT INTO EmpresaProductora (nif_empresa, nom_empresa, ciutat_empresa, activitat)  VALUES  ('A-12000426','JOSE ANGEL MELGUIZO LOPEZ','GRANADA','Tints, colorants, pigments, pintures,  laques, vernissos');
INSERT INTO EmpresaProductora (nif_empresa, nom_empresa, ciutat_empresa, activitat)  VALUES  ('A-12000444','CASA DE MASCOTAS LOS JINETES','SEVILLA','Tints, colorants, pigments, pintures,  laques, vernissos');
INSERT INTO EmpresaProductora (nif_empresa, nom_empresa, ciutat_empresa, activitat)  VALUES  ('A-12000462','ANTONIO ROCA GOMEZ','MÁLAGA','Tints, colorants, pigments, pintures,  laques, vernissos');
INSERT INTO EmpresaProductora (nif_empresa, nom_empresa, ciutat_empresa, activitat)  VALUES  ('A-12000480','DESGUACES PIPON','HUELVA','Tints, colorants, pigments, pintures,  laques, vernissos');
INSERT INTO EmpresaProductora (nif_empresa, nom_empresa, ciutat_empresa, activitat)  VALUES  ('A-12000498','IGNACIO LAGOSTENA BISBAL','ALMERÍA','Tints, colorants, pigments, pintures,  laques, vernissos');
INSERT INTO EmpresaProductora (nif_empresa, nom_empresa, ciutat_empresa, activitat)  VALUES  ('A-12000516','GARCOS','SEVILLA','Tints, colorants, pigments, pintures,  laques, vernissos');
INSERT INTO EmpresaProductora (nif_empresa, nom_empresa, ciutat_empresa, activitat)  VALUES  ('A-12000534','JUAN MARTINEZ EXTREMERA','BARCELONA','Tints, colorants, pigments, pintures,  laques, vernissos');
INSERT INTO EmpresaProductora (nif_empresa, nom_empresa, ciutat_empresa, activitat)  VALUES  ('A-12000552','RECUPERADOS DE RECICLADOS ARCOS','SEVILLA','Tints, colorants, pigments, pintures,  laques, vernissos');
INSERT INTO EmpresaProductora (nif_empresa, nom_empresa, ciutat_empresa, activitat)  VALUES  ('A-12000052','RECUPERACIONES SOLER','JAÉN','Tints, colorants, pigments, pintures,  laques, vernissos');

--Residu
INSERT INTO Residu (nif_empresa, cod_residu, toxicitat, quantitat_residu)  VALUES  ('A-12000035','108','100','23');
INSERT INTO Residu (nif_empresa, cod_residu, toxicitat, quantitat_residu)  VALUES  ('A-12000054','108','100','536');
INSERT INTO Residu (nif_empresa, cod_residu, toxicitat, quantitat_residu)  VALUES  ('A-12000074','108','100','456');
INSERT INTO Residu (nif_empresa, cod_residu, toxicitat, quantitat_residu)  VALUES  ('A-12000095','108','100','23');
INSERT INTO Residu (nif_empresa, cod_residu, toxicitat, quantitat_residu)  VALUES  ('A-12000116','108','100','345');
INSERT INTO Residu (nif_empresa, cod_residu, toxicitat, quantitat_residu)  VALUES  ('A-12000135','108','100','63');
INSERT INTO Residu (nif_empresa, cod_residu, toxicitat, quantitat_residu)  VALUES  ('A-12000153','108','100','12');
INSERT INTO Residu (nif_empresa, cod_residu, toxicitat, quantitat_residu)  VALUES  ('A-12000173','108','100','32');
INSERT INTO Residu (nif_empresa, cod_residu, toxicitat, quantitat_residu)  VALUES  ('A-12000191','108','100','354');
INSERT INTO Residu (nif_empresa, cod_residu, toxicitat, quantitat_residu)  VALUES  ('A-12000209','108','100','345');
INSERT INTO Residu (nif_empresa, cod_residu, toxicitat, quantitat_residu)  VALUES  ('A-12000227','108','100','346');
INSERT INTO Residu (nif_empresa, cod_residu, toxicitat, quantitat_residu)  VALUES  ('A-12000245','108','100','232');
INSERT INTO Residu (nif_empresa, cod_residu, toxicitat, quantitat_residu)  VALUES  ('A-12000264','108','100','765');
INSERT INTO Residu (nif_empresa, cod_residu, toxicitat, quantitat_residu)  VALUES  ('A-12000283','108','100','86');
INSERT INTO Residu (nif_empresa, cod_residu, toxicitat, quantitat_residu)  VALUES  ('A-12000301','108','100','354');
INSERT INTO Residu (nif_empresa, cod_residu, toxicitat, quantitat_residu)  VALUES  ('A-12000319','108','100','23');
INSERT INTO Residu (nif_empresa, cod_residu, toxicitat, quantitat_residu)  VALUES  ('A-12000338','108','100','536');
INSERT INTO Residu (nif_empresa, cod_residu, toxicitat, quantitat_residu)  VALUES  ('A-12000356','108','100','456');
INSERT INTO Residu (nif_empresa, cod_residu, toxicitat, quantitat_residu)  VALUES  ('A-12000374','108','100','23');
INSERT INTO Residu (nif_empresa, cod_residu, toxicitat, quantitat_residu)  VALUES  ('A-12000392','108','100','345');
INSERT INTO Residu (nif_empresa, cod_residu, toxicitat, quantitat_residu)  VALUES  ('A-12000410','108','100','63');
INSERT INTO Residu (nif_empresa, cod_residu, toxicitat, quantitat_residu)  VALUES  ('A-12000428','108','100','12');
INSERT INTO Residu (nif_empresa, cod_residu, toxicitat, quantitat_residu)  VALUES  ('A-12000446','108','100','32');
INSERT INTO Residu (nif_empresa, cod_residu, toxicitat, quantitat_residu)  VALUES  ('A-12000464','108','100','354');
INSERT INTO Residu (nif_empresa, cod_residu, toxicitat, quantitat_residu)  VALUES  ('A-12000482','108','100','345');
INSERT INTO Residu (nif_empresa, cod_residu, toxicitat, quantitat_residu)  VALUES  ('A-12000500','108','100','346');
INSERT INTO Residu (nif_empresa, cod_residu, toxicitat, quantitat_residu)  VALUES  ('A-12000518','108','100','232');
INSERT INTO Residu (nif_empresa, cod_residu, toxicitat, quantitat_residu)  VALUES  ('A-12000536','108','100','765');
INSERT INTO Residu (nif_empresa, cod_residu, toxicitat, quantitat_residu)  VALUES  ('A-12000554','108','100','86');
INSERT INTO Residu (nif_empresa, cod_residu, toxicitat, quantitat_residu)  VALUES  ('A-12000028','714','110','354');
INSERT INTO Residu (nif_empresa, cod_residu, toxicitat, quantitat_residu)  VALUES  ('A-12000047','714','110','23');
INSERT INTO Residu (nif_empresa, cod_residu, toxicitat, quantitat_residu)  VALUES  ('A-12000067','714','110','536');
INSERT INTO Residu (nif_empresa, cod_residu, toxicitat, quantitat_residu)  VALUES  ('A-12000087','714','110','456');
INSERT INTO Residu (nif_empresa, cod_residu, toxicitat, quantitat_residu)  VALUES  ('A-12000107','714','110','23');
INSERT INTO Residu (nif_empresa, cod_residu, toxicitat, quantitat_residu)  VALUES  ('A-12000128','714','110','345');
INSERT INTO Residu (nif_empresa, cod_residu, toxicitat, quantitat_residu)  VALUES  ('A-12000146','714','110','63');
INSERT INTO Residu (nif_empresa, cod_residu, toxicitat, quantitat_residu)  VALUES  ('A-12000165','714','110','12');
INSERT INTO Residu (nif_empresa, cod_residu, toxicitat, quantitat_residu)  VALUES  ('A-12000184','714','110','32');
INSERT INTO Residu (nif_empresa, cod_residu, toxicitat, quantitat_residu)  VALUES  ('A-12000202','714','110','354');
INSERT INTO Residu (nif_empresa, cod_residu, toxicitat, quantitat_residu)  VALUES  ('A-12000220','714','110','345');
INSERT INTO Residu (nif_empresa, cod_residu, toxicitat, quantitat_residu)  VALUES  ('A-12000238','714','110','346');
INSERT INTO Residu (nif_empresa, cod_residu, toxicitat, quantitat_residu)  VALUES  ('A-12000256','714','110','232');
INSERT INTO Residu (nif_empresa, cod_residu, toxicitat, quantitat_residu)  VALUES  ('A-12000275','714','110','765');
INSERT INTO Residu (nif_empresa, cod_residu, toxicitat, quantitat_residu)  VALUES  ('A-12000294','714','110','86');
INSERT INTO Residu (nif_empresa, cod_residu, toxicitat, quantitat_residu)  VALUES  ('A-12000312','714','110','354');
INSERT INTO Residu (nif_empresa, cod_residu, toxicitat, quantitat_residu)  VALUES  ('A-12000331','714','110','23');
INSERT INTO Residu (nif_empresa, cod_residu, toxicitat, quantitat_residu)  VALUES  ('A-12000349','714','110','536');
INSERT INTO Residu (nif_empresa, cod_residu, toxicitat, quantitat_residu)  VALUES  ('A-12000367','714','110','456');
INSERT INTO Residu (nif_empresa, cod_residu, toxicitat, quantitat_residu)  VALUES  ('A-12000385','714','110','23');
INSERT INTO Residu (nif_empresa, cod_residu, toxicitat, quantitat_residu)  VALUES  ('A-12000403','714','110','345');
INSERT INTO Residu (nif_empresa, cod_residu, toxicitat, quantitat_residu)  VALUES  ('A-12000421','714','110','63');
INSERT INTO Residu (nif_empresa, cod_residu, toxicitat, quantitat_residu)  VALUES  ('A-12000439','714','110','12');
INSERT INTO Residu (nif_empresa, cod_residu, toxicitat, quantitat_residu)  VALUES  ('A-12000457','714','110','32');
INSERT INTO Residu (nif_empresa, cod_residu, toxicitat, quantitat_residu)  VALUES  ('A-12000475','714','110','354');
INSERT INTO Residu (nif_empresa, cod_residu, toxicitat, quantitat_residu)  VALUES  ('A-12000493','714','110','345');
INSERT INTO Residu (nif_empresa, cod_residu, toxicitat, quantitat_residu)  VALUES  ('A-12000511','714','110','346');
INSERT INTO Residu (nif_empresa, cod_residu, toxicitat, quantitat_residu)  VALUES  ('A-12000529','714','110','232');
INSERT INTO Residu (nif_empresa, cod_residu, toxicitat, quantitat_residu)  VALUES  ('A-12000547','714','110','765');
INSERT INTO Residu (nif_empresa, cod_residu, toxicitat, quantitat_residu)  VALUES  ('A-12000025','1001','120','34');
INSERT INTO Residu (nif_empresa, cod_residu, toxicitat, quantitat_residu)  VALUES  ('A-12000043','1001','120','53');
INSERT INTO Residu (nif_empresa, cod_residu, toxicitat, quantitat_residu)  VALUES  ('A-12000063','1001','120','634');
INSERT INTO Residu (nif_empresa, cod_residu, toxicitat, quantitat_residu)  VALUES  ('A-12000083','1001','120','344');
INSERT INTO Residu (nif_empresa, cod_residu, toxicitat, quantitat_residu)  VALUES  ('A-12000104','1001','120','233');
INSERT INTO Residu (nif_empresa, cod_residu, toxicitat, quantitat_residu)  VALUES  ('A-12000125','1001','120','112');
INSERT INTO Residu (nif_empresa, cod_residu, toxicitat, quantitat_residu)  VALUES  ('A-12000143','1001','120','677');
INSERT INTO Residu (nif_empresa, cod_residu, toxicitat, quantitat_residu)  VALUES  ('A-12000161','1001','120','324');
INSERT INTO Residu (nif_empresa, cod_residu, toxicitat, quantitat_residu)  VALUES  ('A-12000181','1001','120','12');
INSERT INTO Residu (nif_empresa, cod_residu, toxicitat, quantitat_residu)  VALUES  ('A-12000199','1001','120','344');
INSERT INTO Residu (nif_empresa, cod_residu, toxicitat, quantitat_residu)  VALUES  ('A-12000217','1001','120','75');
INSERT INTO Residu (nif_empresa, cod_residu, toxicitat, quantitat_residu)  VALUES  ('A-12000235','1001','120','23');
INSERT INTO Residu (nif_empresa, cod_residu, toxicitat, quantitat_residu)  VALUES  ('A-12000253','1001','120','12');
INSERT INTO Residu (nif_empresa, cod_residu, toxicitat, quantitat_residu)  VALUES  ('A-12000272','1001','120','342');
INSERT INTO Residu (nif_empresa, cod_residu, toxicitat, quantitat_residu)  VALUES  ('A-12000291','1001','120','223');
INSERT INTO Residu (nif_empresa, cod_residu, toxicitat, quantitat_residu)  VALUES  ('A-12000309','1001','120','765');
INSERT INTO Residu (nif_empresa, cod_residu, toxicitat, quantitat_residu)  VALUES  ('A-12000328','1001','120','43');
INSERT INTO Residu (nif_empresa, cod_residu, toxicitat, quantitat_residu)  VALUES  ('A-12000346','1001','120','123');
INSERT INTO Residu (nif_empresa, cod_residu, toxicitat, quantitat_residu)  VALUES  ('A-12000364','1001','120','23');
INSERT INTO Residu (nif_empresa, cod_residu, toxicitat, quantitat_residu)  VALUES  ('A-12000382','1001','120','456');
INSERT INTO Residu (nif_empresa, cod_residu, toxicitat, quantitat_residu)  VALUES  ('A-12000400','1001','120','221');
INSERT INTO Residu (nif_empresa, cod_residu, toxicitat, quantitat_residu)  VALUES  ('A-12000418','1001','120','332');
INSERT INTO Residu (nif_empresa, cod_residu, toxicitat, quantitat_residu)  VALUES  ('A-12000436','1001','120','54');
INSERT INTO Residu (nif_empresa, cod_residu, toxicitat, quantitat_residu)  VALUES  ('A-12000454','1001','120','25');
INSERT INTO Residu (nif_empresa, cod_residu, toxicitat, quantitat_residu)  VALUES  ('A-12000472','1001','120','6');
INSERT INTO Residu (nif_empresa, cod_residu, toxicitat, quantitat_residu)  VALUES  ('A-12000490','1001','120','575');
INSERT INTO Residu (nif_empresa, cod_residu, toxicitat, quantitat_residu)  VALUES  ('A-12000508','1001','120','23');
INSERT INTO Residu (nif_empresa, cod_residu, toxicitat, quantitat_residu)  VALUES  ('A-12000526','1001','120','67');
INSERT INTO Residu (nif_empresa, cod_residu, toxicitat, quantitat_residu)  VALUES  ('A-12000544','1001','120','77');
INSERT INTO Residu (nif_empresa, cod_residu, toxicitat, quantitat_residu)  VALUES  ('A-12000033','1974','20','86');
INSERT INTO Residu (nif_empresa, cod_residu, toxicitat, quantitat_residu)  VALUES  ('A-12000072','1974','20','354');
INSERT INTO Residu (nif_empresa, cod_residu, toxicitat, quantitat_residu)  VALUES  ('A-12000093','1974','20','23');
INSERT INTO Residu (nif_empresa, cod_residu, toxicitat, quantitat_residu)  VALUES  ('A-12000114','1974','20','536');
INSERT INTO Residu (nif_empresa, cod_residu, toxicitat, quantitat_residu)  VALUES  ('A-12000133','1974','20','456');
INSERT INTO Residu (nif_empresa, cod_residu, toxicitat, quantitat_residu)  VALUES  ('A-12000151','1974','20','23');
INSERT INTO Residu (nif_empresa, cod_residu, toxicitat, quantitat_residu)  VALUES  ('A-12000171','1974','20','345');
INSERT INTO Residu (nif_empresa, cod_residu, toxicitat, quantitat_residu)  VALUES  ('A-12000189','1974','20','63');
INSERT INTO Residu (nif_empresa, cod_residu, toxicitat, quantitat_residu)  VALUES  ('A-12000207','1974','20','12');
INSERT INTO Residu (nif_empresa, cod_residu, toxicitat, quantitat_residu)  VALUES  ('A-12000225','1974','20','32');
INSERT INTO Residu (nif_empresa, cod_residu, toxicitat, quantitat_residu)  VALUES  ('A-12000243','1974','20','354');
INSERT INTO Residu (nif_empresa, cod_residu, toxicitat, quantitat_residu)  VALUES  ('A-12000262','1974','20','345');
INSERT INTO Residu (nif_empresa, cod_residu, toxicitat, quantitat_residu)  VALUES  ('A-12000281','1974','20','346');
INSERT INTO Residu (nif_empresa, cod_residu, toxicitat, quantitat_residu)  VALUES  ('A-12000299','1974','20','232');
INSERT INTO Residu (nif_empresa, cod_residu, toxicitat, quantitat_residu)  VALUES  ('A-12000317','1974','20','765');
INSERT INTO Residu (nif_empresa, cod_residu, toxicitat, quantitat_residu)  VALUES  ('A-12000336','1974','20','86');
INSERT INTO Residu (nif_empresa, cod_residu, toxicitat, quantitat_residu)  VALUES  ('A-12000354','1974','20','354');
INSERT INTO Residu (nif_empresa, cod_residu, toxicitat, quantitat_residu)  VALUES  ('A-12000372','1974','20','23');
INSERT INTO Residu (nif_empresa, cod_residu, toxicitat, quantitat_residu)  VALUES  ('A-12000390','1974','20','536');
INSERT INTO Residu (nif_empresa, cod_residu, toxicitat, quantitat_residu)  VALUES  ('A-12000408','1974','20','456');
INSERT INTO Residu (nif_empresa, cod_residu, toxicitat, quantitat_residu)  VALUES  ('A-12000426','1974','20','23');
INSERT INTO Residu (nif_empresa, cod_residu, toxicitat, quantitat_residu)  VALUES  ('A-12000444','1974','20','345');
INSERT INTO Residu (nif_empresa, cod_residu, toxicitat, quantitat_residu)  VALUES  ('A-12000462','1974','20','63');
INSERT INTO Residu (nif_empresa, cod_residu, toxicitat, quantitat_residu)  VALUES  ('A-12000480','1974','20','12');
INSERT INTO Residu (nif_empresa, cod_residu, toxicitat, quantitat_residu)  VALUES  ('A-12000498','1974','20','32');
INSERT INTO Residu (nif_empresa, cod_residu, toxicitat, quantitat_residu)  VALUES  ('A-12000516','1974','20','354');
INSERT INTO Residu (nif_empresa, cod_residu, toxicitat, quantitat_residu)  VALUES  ('A-12000534','1974','20','345');
INSERT INTO Residu (nif_empresa, cod_residu, toxicitat, quantitat_residu)  VALUES  ('A-12000552','1974','20','346');
INSERT INTO Residu (nif_empresa, cod_residu, toxicitat, quantitat_residu)  VALUES  ('A-12000052','1974','20','232');
INSERT INTO Residu (nif_empresa, cod_residu, toxicitat, quantitat_residu)  VALUES  ('A-12000024','2020','30','2');
INSERT INTO Residu (nif_empresa, cod_residu, toxicitat, quantitat_residu)  VALUES  ('A-12000042','2020','30','6');
INSERT INTO Residu (nif_empresa, cod_residu, toxicitat, quantitat_residu)  VALUES  ('A-12000062','2020','30','9');
INSERT INTO Residu (nif_empresa, cod_residu, toxicitat, quantitat_residu)  VALUES  ('A-12000082','2020','30','23');
INSERT INTO Residu (nif_empresa, cod_residu, toxicitat, quantitat_residu)  VALUES  ('A-12000103','2020','30','85');
INSERT INTO Residu (nif_empresa, cod_residu, toxicitat, quantitat_residu)  VALUES  ('A-12000124','2020','30','1');
INSERT INTO Residu (nif_empresa, cod_residu, toxicitat, quantitat_residu)  VALUES  ('A-12000142','2020','30','5');
INSERT INTO Residu (nif_empresa, cod_residu, toxicitat, quantitat_residu)  VALUES  ('A-12000160','2020','30','34');
INSERT INTO Residu (nif_empresa, cod_residu, toxicitat, quantitat_residu)  VALUES  ('A-12000180','2020','30','756');
INSERT INTO Residu (nif_empresa, cod_residu, toxicitat, quantitat_residu)  VALUES  ('A-12000198','2020','30','234');
INSERT INTO Residu (nif_empresa, cod_residu, toxicitat, quantitat_residu)  VALUES  ('A-12000216','2020','30','75');
INSERT INTO Residu (nif_empresa, cod_residu, toxicitat, quantitat_residu)  VALUES  ('A-12000234','2020','30','96');
INSERT INTO Residu (nif_empresa, cod_residu, toxicitat, quantitat_residu)  VALUES  ('A-12000252','2020','30','431');
INSERT INTO Residu (nif_empresa, cod_residu, toxicitat, quantitat_residu)  VALUES  ('A-12000271','2020','30','4');
INSERT INTO Residu (nif_empresa, cod_residu, toxicitat, quantitat_residu)  VALUES  ('A-12000290','2020','30','2');
INSERT INTO Residu (nif_empresa, cod_residu, toxicitat, quantitat_residu)  VALUES  ('A-12000308','2020','30','5');
INSERT INTO Residu (nif_empresa, cod_residu, toxicitat, quantitat_residu)  VALUES  ('A-12000326','2020','30','8');
INSERT INTO Residu (nif_empresa, cod_residu, toxicitat, quantitat_residu)  VALUES  ('A-12000345','2020','30','22');
INSERT INTO Residu (nif_empresa, cod_residu, toxicitat, quantitat_residu)  VALUES  ('A-12000363','2020','30','34');
INSERT INTO Residu (nif_empresa, cod_residu, toxicitat, quantitat_residu)  VALUES  ('A-12000381','2020','30','9');
INSERT INTO Residu (nif_empresa, cod_residu, toxicitat, quantitat_residu)  VALUES  ('A-12000399','2020','30','65');
INSERT INTO Residu (nif_empresa, cod_residu, toxicitat, quantitat_residu)  VALUES  ('A-12000417','2020','30','33');
INSERT INTO Residu (nif_empresa, cod_residu, toxicitat, quantitat_residu)  VALUES  ('A-12000435','2020','30','55');
INSERT INTO Residu (nif_empresa, cod_residu, toxicitat, quantitat_residu)  VALUES  ('A-12000453','2020','30','67');
INSERT INTO Residu (nif_empresa, cod_residu, toxicitat, quantitat_residu)  VALUES  ('A-12000471','2020','30','83');
INSERT INTO Residu (nif_empresa, cod_residu, toxicitat, quantitat_residu)  VALUES  ('A-12000489','2020','30','2');
INSERT INTO Residu (nif_empresa, cod_residu, toxicitat, quantitat_residu)  VALUES  ('A-12000507','2020','30','5');
INSERT INTO Residu (nif_empresa, cod_residu, toxicitat, quantitat_residu)  VALUES  ('A-12000525','2020','30','7');
INSERT INTO Residu (nif_empresa, cod_residu, toxicitat, quantitat_residu)  VALUES  ('A-12000543','2020','30','43');
INSERT INTO Residu (nif_empresa, cod_residu, toxicitat, quantitat_residu)  VALUES  ('A-12000038','2030','40','8');
INSERT INTO Residu (nif_empresa, cod_residu, toxicitat, quantitat_residu)  VALUES  ('A-12000057','2030','40','13');
INSERT INTO Residu (nif_empresa, cod_residu, toxicitat, quantitat_residu)  VALUES  ('A-12000077','2030','40','99');
INSERT INTO Residu (nif_empresa, cod_residu, toxicitat, quantitat_residu)  VALUES  ('A-12000098','2030','40','12');
INSERT INTO Residu (nif_empresa, cod_residu, toxicitat, quantitat_residu)  VALUES  ('A-12000120','2030','40','435');
INSERT INTO Residu (nif_empresa, cod_residu, toxicitat, quantitat_residu)  VALUES  ('A-12000138','2030','40','635');
INSERT INTO Residu (nif_empresa, cod_residu, toxicitat, quantitat_residu)  VALUES  ('A-12000156','2030','40','86');
INSERT INTO Residu (nif_empresa, cod_residu, toxicitat, quantitat_residu)  VALUES  ('A-12000176','2030','40','123');
INSERT INTO Residu (nif_empresa, cod_residu, toxicitat, quantitat_residu)  VALUES  ('A-12000194','2030','40','74');
INSERT INTO Residu (nif_empresa, cod_residu, toxicitat, quantitat_residu)  VALUES  ('A-12000212','2030','40','157');
INSERT INTO Residu (nif_empresa, cod_residu, toxicitat, quantitat_residu)  VALUES  ('A-12000230','2030','40','17');
INSERT INTO Residu (nif_empresa, cod_residu, toxicitat, quantitat_residu)  VALUES  ('A-12000248','2030','40','14');
INSERT INTO Residu (nif_empresa, cod_residu, toxicitat, quantitat_residu)  VALUES  ('A-12000267','2030','40','87');
INSERT INTO Residu (nif_empresa, cod_residu, toxicitat, quantitat_residu)  VALUES  ('A-12000286','2030','40','23');
INSERT INTO Residu (nif_empresa, cod_residu, toxicitat, quantitat_residu)  VALUES  ('A-12000304','2030','40','763');
INSERT INTO Residu (nif_empresa, cod_residu, toxicitat, quantitat_residu)  VALUES  ('A-12000322','2030','40','13');
INSERT INTO Residu (nif_empresa, cod_residu, toxicitat, quantitat_residu)  VALUES  ('A-12000341','2030','40','7');
INSERT INTO Residu (nif_empresa, cod_residu, toxicitat, quantitat_residu)  VALUES  ('A-12000359','2030','40','3');
INSERT INTO Residu (nif_empresa, cod_residu, toxicitat, quantitat_residu)  VALUES  ('A-12000377','2030','40','6');
INSERT INTO Residu (nif_empresa, cod_residu, toxicitat, quantitat_residu)  VALUES  ('A-12000395','2030','40','7');
INSERT INTO Residu (nif_empresa, cod_residu, toxicitat, quantitat_residu)  VALUES  ('A-12000413','2030','40','3');
INSERT INTO Residu (nif_empresa, cod_residu, toxicitat, quantitat_residu)  VALUES  ('A-12000431','2030','40','21');
INSERT INTO Residu (nif_empresa, cod_residu, toxicitat, quantitat_residu)  VALUES  ('A-12000449','2030','40','4');
INSERT INTO Residu (nif_empresa, cod_residu, toxicitat, quantitat_residu)  VALUES  ('A-12000467','2030','40','45');
INSERT INTO Residu (nif_empresa, cod_residu, toxicitat, quantitat_residu)  VALUES  ('A-12000485','2030','40','56');
INSERT INTO Residu (nif_empresa, cod_residu, toxicitat, quantitat_residu)  VALUES  ('A-12000503','2030','40','334');
INSERT INTO Residu (nif_empresa, cod_residu, toxicitat, quantitat_residu)  VALUES  ('A-12000521','2030','40','455');
INSERT INTO Residu (nif_empresa, cod_residu, toxicitat, quantitat_residu)  VALUES  ('A-12000539','2030','40','43');
INSERT INTO Residu (nif_empresa, cod_residu, toxicitat, quantitat_residu)  VALUES  ('A-12000039','2050','60','33');
INSERT INTO Residu (nif_empresa, cod_residu, toxicitat, quantitat_residu)  VALUES  ('A-12000058','2050','60','563');
INSERT INTO Residu (nif_empresa, cod_residu, toxicitat, quantitat_residu)  VALUES  ('A-12000079','2050','60','56');
INSERT INTO Residu (nif_empresa, cod_residu, toxicitat, quantitat_residu)  VALUES  ('A-12000099','2050','60','47');
INSERT INTO Residu (nif_empresa, cod_residu, toxicitat, quantitat_residu)  VALUES  ('A-12000121','2050','60','2');
INSERT INTO Residu (nif_empresa, cod_residu, toxicitat, quantitat_residu)  VALUES  ('A-12000139','2050','60','4');
INSERT INTO Residu (nif_empresa, cod_residu, toxicitat, quantitat_residu)  VALUES  ('A-12000157','2050','60','43');
INSERT INTO Residu (nif_empresa, cod_residu, toxicitat, quantitat_residu)  VALUES  ('A-12000177','2050','60','13');
INSERT INTO Residu (nif_empresa, cod_residu, toxicitat, quantitat_residu)  VALUES  ('A-12000195','2050','60','212');
INSERT INTO Residu (nif_empresa, cod_residu, toxicitat, quantitat_residu)  VALUES  ('A-12000213','2050','60','643');
INSERT INTO Residu (nif_empresa, cod_residu, toxicitat, quantitat_residu)  VALUES  ('A-12000231','2050','60','76');
INSERT INTO Residu (nif_empresa, cod_residu, toxicitat, quantitat_residu)  VALUES  ('A-12000249','2050','60','856');
INSERT INTO Residu (nif_empresa, cod_residu, toxicitat, quantitat_residu)  VALUES  ('A-12000268','2050','60','235');
INSERT INTO Residu (nif_empresa, cod_residu, toxicitat, quantitat_residu)  VALUES  ('A-12000287','2050','60','74');
INSERT INTO Residu (nif_empresa, cod_residu, toxicitat, quantitat_residu)  VALUES  ('A-12000305','2050','60','564');
INSERT INTO Residu (nif_empresa, cod_residu, toxicitat, quantitat_residu)  VALUES  ('A-12000323','2050','60','74');
INSERT INTO Residu (nif_empresa, cod_residu, toxicitat, quantitat_residu)  VALUES  ('A-12000342','2050','60','23');
INSERT INTO Residu (nif_empresa, cod_residu, toxicitat, quantitat_residu)  VALUES  ('A-12000360','2050','60','74');
INSERT INTO Residu (nif_empresa, cod_residu, toxicitat, quantitat_residu)  VALUES  ('A-12000378','2050','60','23');
INSERT INTO Residu (nif_empresa, cod_residu, toxicitat, quantitat_residu)  VALUES  ('A-12000396','2050','60','3');
INSERT INTO Residu (nif_empresa, cod_residu, toxicitat, quantitat_residu)  VALUES  ('A-12000414','2050','60','3');
INSERT INTO Residu (nif_empresa, cod_residu, toxicitat, quantitat_residu)  VALUES  ('A-12000432','2050','60','32');
INSERT INTO Residu (nif_empresa, cod_residu, toxicitat, quantitat_residu)  VALUES  ('A-12000450','2050','60','352');
INSERT INTO Residu (nif_empresa, cod_residu, toxicitat, quantitat_residu)  VALUES  ('A-12000468','2050','60','12');
INSERT INTO Residu (nif_empresa, cod_residu, toxicitat, quantitat_residu)  VALUES  ('A-12000486','2050','60','13');
INSERT INTO Residu (nif_empresa, cod_residu, toxicitat, quantitat_residu)  VALUES  ('A-12000504','2050','60','25');
INSERT INTO Residu (nif_empresa, cod_residu, toxicitat, quantitat_residu)  VALUES  ('A-12000522','2050','60','36');
INSERT INTO Residu (nif_empresa, cod_residu, toxicitat, quantitat_residu)  VALUES  ('A-12000540','2050','60','45');
INSERT INTO Residu (nif_empresa, cod_residu, toxicitat, quantitat_residu)  VALUES  ('A-12000037','2103','70','456');
INSERT INTO Residu (nif_empresa, cod_residu, toxicitat, quantitat_residu)  VALUES  ('A-12000056','2103','70','23');
INSERT INTO Residu (nif_empresa, cod_residu, toxicitat, quantitat_residu)  VALUES  ('A-12000076','2103','70','345');
INSERT INTO Residu (nif_empresa, cod_residu, toxicitat, quantitat_residu)  VALUES  ('A-12000097','2103','70','63');
INSERT INTO Residu (nif_empresa, cod_residu, toxicitat, quantitat_residu)  VALUES  ('A-12000118','2103','70','12');
INSERT INTO Residu (nif_empresa, cod_residu, toxicitat, quantitat_residu)  VALUES  ('A-12000137','2103','70','32');
INSERT INTO Residu (nif_empresa, cod_residu, toxicitat, quantitat_residu)  VALUES  ('A-12000155','2103','70','354');
INSERT INTO Residu (nif_empresa, cod_residu, toxicitat, quantitat_residu)  VALUES  ('A-12000175','2103','70','345');
INSERT INTO Residu (nif_empresa, cod_residu, toxicitat, quantitat_residu)  VALUES  ('A-12000193','2103','70','346');
INSERT INTO Residu (nif_empresa, cod_residu, toxicitat, quantitat_residu)  VALUES  ('A-12000211','2103','70','232');
INSERT INTO Residu (nif_empresa, cod_residu, toxicitat, quantitat_residu)  VALUES  ('A-12000229','2103','70','765');
INSERT INTO Residu (nif_empresa, cod_residu, toxicitat, quantitat_residu)  VALUES  ('A-12000247','2103','70','86');
INSERT INTO Residu (nif_empresa, cod_residu, toxicitat, quantitat_residu)  VALUES  ('A-12000266','2103','70','354');
INSERT INTO Residu (nif_empresa, cod_residu, toxicitat, quantitat_residu)  VALUES  ('A-12000285','2103','70','23');
INSERT INTO Residu (nif_empresa, cod_residu, toxicitat, quantitat_residu)  VALUES  ('A-12000303','2103','70','536');
INSERT INTO Residu (nif_empresa, cod_residu, toxicitat, quantitat_residu)  VALUES  ('A-12000321','2103','70','456');
INSERT INTO Residu (nif_empresa, cod_residu, toxicitat, quantitat_residu)  VALUES  ('A-12000340','2103','70','23');
INSERT INTO Residu (nif_empresa, cod_residu, toxicitat, quantitat_residu)  VALUES  ('A-12000358','2103','70','345');
INSERT INTO Residu (nif_empresa, cod_residu, toxicitat, quantitat_residu)  VALUES  ('A-12000376','2103','70','63');
INSERT INTO Residu (nif_empresa, cod_residu, toxicitat, quantitat_residu)  VALUES  ('A-12000394','2103','70','12');
INSERT INTO Residu (nif_empresa, cod_residu, toxicitat, quantitat_residu)  VALUES  ('A-12000412','2103','70','32');
INSERT INTO Residu (nif_empresa, cod_residu, toxicitat, quantitat_residu)  VALUES  ('A-12000430','2103','70','354');
INSERT INTO Residu (nif_empresa, cod_residu, toxicitat, quantitat_residu)  VALUES  ('A-12000448','2103','70','345');
INSERT INTO Residu (nif_empresa, cod_residu, toxicitat, quantitat_residu)  VALUES  ('A-12000466','2103','70','346');
INSERT INTO Residu (nif_empresa, cod_residu, toxicitat, quantitat_residu)  VALUES  ('A-12000484','2103','70','232');
INSERT INTO Residu (nif_empresa, cod_residu, toxicitat, quantitat_residu)  VALUES  ('A-12000502','2103','70','765');
INSERT INTO Residu (nif_empresa, cod_residu, toxicitat, quantitat_residu)  VALUES  ('A-12000520','2103','70','86');
INSERT INTO Residu (nif_empresa, cod_residu, toxicitat, quantitat_residu)  VALUES  ('A-12000538','2103','70','354');
INSERT INTO Residu (nif_empresa, cod_residu, toxicitat, quantitat_residu)  VALUES  ('A-12000031','2178','80','23');
INSERT INTO Residu (nif_empresa, cod_residu, toxicitat, quantitat_residu)  VALUES  ('A-12000050','2178','80','345');
INSERT INTO Residu (nif_empresa, cod_residu, toxicitat, quantitat_residu)  VALUES  ('A-12000070','2178','80','63');
INSERT INTO Residu (nif_empresa, cod_residu, toxicitat, quantitat_residu)  VALUES  ('A-12000090','2178','80','12');
INSERT INTO Residu (nif_empresa, cod_residu, toxicitat, quantitat_residu)  VALUES  ('A-12000110','2178','80','32');
INSERT INTO Residu (nif_empresa, cod_residu, toxicitat, quantitat_residu)  VALUES  ('A-12000131','2178','80','354');
INSERT INTO Residu (nif_empresa, cod_residu, toxicitat, quantitat_residu)  VALUES  ('A-12000149','2178','80','345');
INSERT INTO Residu (nif_empresa, cod_residu, toxicitat, quantitat_residu)  VALUES  ('A-12000168','2178','80','346');
INSERT INTO Residu (nif_empresa, cod_residu, toxicitat, quantitat_residu)  VALUES  ('A-12000187','2178','80','232');
INSERT INTO Residu (nif_empresa, cod_residu, toxicitat, quantitat_residu)  VALUES  ('A-12000205','2178','80','765');
INSERT INTO Residu (nif_empresa, cod_residu, toxicitat, quantitat_residu)  VALUES  ('A-12000223','2178','80','86');
INSERT INTO Residu (nif_empresa, cod_residu, toxicitat, quantitat_residu)  VALUES  ('A-12000241','2178','80','354');
INSERT INTO Residu (nif_empresa, cod_residu, toxicitat, quantitat_residu)  VALUES  ('A-12000259','2178','80','23');
INSERT INTO Residu (nif_empresa, cod_residu, toxicitat, quantitat_residu)  VALUES  ('A-12000278','2178','80','536');
INSERT INTO Residu (nif_empresa, cod_residu, toxicitat, quantitat_residu)  VALUES  ('A-12000297','2178','80','456');
INSERT INTO Residu (nif_empresa, cod_residu, toxicitat, quantitat_residu)  VALUES  ('A-12000315','2178','80','23');
INSERT INTO Residu (nif_empresa, cod_residu, toxicitat, quantitat_residu)  VALUES  ('A-12000334','2178','80','345');
INSERT INTO Residu (nif_empresa, cod_residu, toxicitat, quantitat_residu)  VALUES  ('A-12000352','2178','80','63');
INSERT INTO Residu (nif_empresa, cod_residu, toxicitat, quantitat_residu)  VALUES  ('A-12000370','2178','80','12');
INSERT INTO Residu (nif_empresa, cod_residu, toxicitat, quantitat_residu)  VALUES  ('A-12000388','2178','80','32');
INSERT INTO Residu (nif_empresa, cod_residu, toxicitat, quantitat_residu)  VALUES  ('A-12000406','2178','80','354');
INSERT INTO Residu (nif_empresa, cod_residu, toxicitat, quantitat_residu)  VALUES  ('A-12000424','2178','80','345');
INSERT INTO Residu (nif_empresa, cod_residu, toxicitat, quantitat_residu)  VALUES  ('A-12000442','2178','80','346');
INSERT INTO Residu (nif_empresa, cod_residu, toxicitat, quantitat_residu)  VALUES  ('A-12000460','2178','80','232');
INSERT INTO Residu (nif_empresa, cod_residu, toxicitat, quantitat_residu)  VALUES  ('A-12000478','2178','80','765');
INSERT INTO Residu (nif_empresa, cod_residu, toxicitat, quantitat_residu)  VALUES  ('A-12000496','2178','80','86');
INSERT INTO Residu (nif_empresa, cod_residu, toxicitat, quantitat_residu)  VALUES  ('A-12000514','2178','80','354');
INSERT INTO Residu (nif_empresa, cod_residu, toxicitat, quantitat_residu)  VALUES  ('A-12000532','2178','80','23');
INSERT INTO Residu (nif_empresa, cod_residu, toxicitat, quantitat_residu)  VALUES  ('A-12000550','2178','80','536');
INSERT INTO Residu (nif_empresa, cod_residu, toxicitat, quantitat_residu)  VALUES  ('A-12000032','4001','90','50');
INSERT INTO Residu (nif_empresa, cod_residu, toxicitat, quantitat_residu)  VALUES  ('A-12000051','4001','90','101');
INSERT INTO Residu (nif_empresa, cod_residu, toxicitat, quantitat_residu)  VALUES  ('A-12000071','4001','90','110');
INSERT INTO Residu (nif_empresa, cod_residu, toxicitat, quantitat_residu)  VALUES  ('A-12000091','4001','90','110');
INSERT INTO Residu (nif_empresa, cod_residu, toxicitat, quantitat_residu)  VALUES  ('A-12000113','4001','90','111');
INSERT INTO Residu (nif_empresa, cod_residu, toxicitat, quantitat_residu)  VALUES  ('A-12000132','4001','90','101');
INSERT INTO Residu (nif_empresa, cod_residu, toxicitat, quantitat_residu)  VALUES  ('A-12000150','4001','90','110');
INSERT INTO Residu (nif_empresa, cod_residu, toxicitat, quantitat_residu)  VALUES  ('A-12000170','4001','90','101');
INSERT INTO Residu (nif_empresa, cod_residu, toxicitat, quantitat_residu)  VALUES  ('A-12000188','4001','90','100');
INSERT INTO Residu (nif_empresa, cod_residu, toxicitat, quantitat_residu)  VALUES  ('A-12000206','4001','90','98');
INSERT INTO Residu (nif_empresa, cod_residu, toxicitat, quantitat_residu)  VALUES  ('A-12000224','4001','90','189');
INSERT INTO Residu (nif_empresa, cod_residu, toxicitat, quantitat_residu)  VALUES  ('A-12000242','4001','90','190');
INSERT INTO Residu (nif_empresa, cod_residu, toxicitat, quantitat_residu)  VALUES  ('A-12000260','4001','90','197');
INSERT INTO Residu (nif_empresa, cod_residu, toxicitat, quantitat_residu)  VALUES  ('A-12000279','4001','90','216');
INSERT INTO Residu (nif_empresa, cod_residu, toxicitat, quantitat_residu)  VALUES  ('A-12000298','4001','90','235');
INSERT INTO Residu (nif_empresa, cod_residu, toxicitat, quantitat_residu)  VALUES  ('A-12000316','4001','90','254');
INSERT INTO Residu (nif_empresa, cod_residu, toxicitat, quantitat_residu)  VALUES  ('A-12000335','4001','90','273');
INSERT INTO Residu (nif_empresa, cod_residu, toxicitat, quantitat_residu)  VALUES  ('A-12000353','4001','90','292');
INSERT INTO Residu (nif_empresa, cod_residu, toxicitat, quantitat_residu)  VALUES  ('A-12000371','4001','90','311');
INSERT INTO Residu (nif_empresa, cod_residu, toxicitat, quantitat_residu)  VALUES  ('A-12000389','4001','90','330');
INSERT INTO Residu (nif_empresa, cod_residu, toxicitat, quantitat_residu)  VALUES  ('A-12000407','4001','90','348');
INSERT INTO Residu (nif_empresa, cod_residu, toxicitat, quantitat_residu)  VALUES  ('A-12000425','4001','90','367');
INSERT INTO Residu (nif_empresa, cod_residu, toxicitat, quantitat_residu)  VALUES  ('A-12000443','4001','90','386');
INSERT INTO Residu (nif_empresa, cod_residu, toxicitat, quantitat_residu)  VALUES  ('A-12000461','4001','90','406');
INSERT INTO Residu (nif_empresa, cod_residu, toxicitat, quantitat_residu)  VALUES  ('A-12000479','4001','90','424');
INSERT INTO Residu (nif_empresa, cod_residu, toxicitat, quantitat_residu)  VALUES  ('A-12000497','4001','90','443');
INSERT INTO Residu (nif_empresa, cod_residu, toxicitat, quantitat_residu)  VALUES  ('A-12000515','4001','90','45');
INSERT INTO Residu (nif_empresa, cod_residu, toxicitat, quantitat_residu)  VALUES  ('A-12000533','4001','90','64');
INSERT INTO Residu (nif_empresa, cod_residu, toxicitat, quantitat_residu)  VALUES  ('A-12000551','4001','90','127');
INSERT INTO Residu (nif_empresa, cod_residu, toxicitat, quantitat_residu)  VALUES  ('A-12000030','4025','130','86');
INSERT INTO Residu (nif_empresa, cod_residu, toxicitat, quantitat_residu)  VALUES  ('A-12000049','4025','130','46');
INSERT INTO Residu (nif_empresa, cod_residu, toxicitat, quantitat_residu)  VALUES  ('A-12000069','4025','130','5');
INSERT INTO Residu (nif_empresa, cod_residu, toxicitat, quantitat_residu)  VALUES  ('A-12000089','4025','130','35');
INSERT INTO Residu (nif_empresa, cod_residu, toxicitat, quantitat_residu)  VALUES  ('A-12000109','4025','130','75');
INSERT INTO Residu (nif_empresa, cod_residu, toxicitat, quantitat_residu)  VALUES  ('A-12000130','4025','130','116');
INSERT INTO Residu (nif_empresa, cod_residu, toxicitat, quantitat_residu)  VALUES  ('A-12000148','4025','130','157');
INSERT INTO Residu (nif_empresa, cod_residu, toxicitat, quantitat_residu)  VALUES  ('A-12000167','4025','130','198');
INSERT INTO Residu (nif_empresa, cod_residu, toxicitat, quantitat_residu)  VALUES  ('A-12000186','4025','130','283');
INSERT INTO Residu (nif_empresa, cod_residu, toxicitat, quantitat_residu)  VALUES  ('A-12000204','4025','130','279');
INSERT INTO Residu (nif_empresa, cod_residu, toxicitat, quantitat_residu)  VALUES  ('A-12000222','4025','130','320');
INSERT INTO Residu (nif_empresa, cod_residu, toxicitat, quantitat_residu)  VALUES  ('A-12000240','4025','130','360');
INSERT INTO Residu (nif_empresa, cod_residu, toxicitat, quantitat_residu)  VALUES  ('A-12000258','4025','130','401');
INSERT INTO Residu (nif_empresa, cod_residu, toxicitat, quantitat_residu)  VALUES  ('A-12000277','4025','130','224');
INSERT INTO Residu (nif_empresa, cod_residu, toxicitat, quantitat_residu)  VALUES  ('A-12000296','4025','130','423');
INSERT INTO Residu (nif_empresa, cod_residu, toxicitat, quantitat_residu)  VALUES  ('A-12000314','4025','130','2425');
INSERT INTO Residu (nif_empresa, cod_residu, toxicitat, quantitat_residu)  VALUES  ('A-12000333','4025','130','532');
INSERT INTO Residu (nif_empresa, cod_residu, toxicitat, quantitat_residu)  VALUES  ('A-12000351','4025','130','35');
INSERT INTO Residu (nif_empresa, cod_residu, toxicitat, quantitat_residu)  VALUES  ('A-12000369','4025','130','2432');
INSERT INTO Residu (nif_empresa, cod_residu, toxicitat, quantitat_residu)  VALUES  ('A-12000387','4025','130','234');
INSERT INTO Residu (nif_empresa, cod_residu, toxicitat, quantitat_residu)  VALUES  ('A-12000405','4025','130','43');
INSERT INTO Residu (nif_empresa, cod_residu, toxicitat, quantitat_residu)  VALUES  ('A-12000423','4025','130','646');
INSERT INTO Residu (nif_empresa, cod_residu, toxicitat, quantitat_residu)  VALUES  ('A-12000441','4025','130','243');
INSERT INTO Residu (nif_empresa, cod_residu, toxicitat, quantitat_residu)  VALUES  ('A-12000459','4025','130','53');
INSERT INTO Residu (nif_empresa, cod_residu, toxicitat, quantitat_residu)  VALUES  ('A-12000477','4025','130','645');
INSERT INTO Residu (nif_empresa, cod_residu, toxicitat, quantitat_residu)  VALUES  ('A-12000495','4025','130','23');
INSERT INTO Residu (nif_empresa, cod_residu, toxicitat, quantitat_residu)  VALUES  ('A-12000513','4025','130','543');
INSERT INTO Residu (nif_empresa, cod_residu, toxicitat, quantitat_residu)  VALUES  ('A-12000531','4025','130','656');
INSERT INTO Residu (nif_empresa, cod_residu, toxicitat, quantitat_residu)  VALUES  ('A-12000549','4025','130','243');
INSERT INTO Residu (nif_empresa, cod_residu, toxicitat, quantitat_residu)  VALUES  ('A-12000029','4108','140','233');
INSERT INTO Residu (nif_empresa, cod_residu, toxicitat, quantitat_residu)  VALUES  ('A-12000048','4108','140','345');
INSERT INTO Residu (nif_empresa, cod_residu, toxicitat, quantitat_residu)  VALUES  ('A-12000068','4108','140','53');
INSERT INTO Residu (nif_empresa, cod_residu, toxicitat, quantitat_residu)  VALUES  ('A-12000088','4108','140','654');
INSERT INTO Residu (nif_empresa, cod_residu, toxicitat, quantitat_residu)  VALUES  ('A-12000108','4108','140','234');
INSERT INTO Residu (nif_empresa, cod_residu, toxicitat, quantitat_residu)  VALUES  ('A-12000129','4108','140','543');
INSERT INTO Residu (nif_empresa, cod_residu, toxicitat, quantitat_residu)  VALUES  ('A-12000147','4108','140','346');
INSERT INTO Residu (nif_empresa, cod_residu, toxicitat, quantitat_residu)  VALUES  ('A-12000166','4108','140','24');
INSERT INTO Residu (nif_empresa, cod_residu, toxicitat, quantitat_residu)  VALUES  ('A-12000185','4108','140','536');
INSERT INTO Residu (nif_empresa, cod_residu, toxicitat, quantitat_residu)  VALUES  ('A-12000203','4108','140','456');
INSERT INTO Residu (nif_empresa, cod_residu, toxicitat, quantitat_residu)  VALUES  ('A-12000221','4108','140','23');
INSERT INTO Residu (nif_empresa, cod_residu, toxicitat, quantitat_residu)  VALUES  ('A-12000239','4108','140','345');
INSERT INTO Residu (nif_empresa, cod_residu, toxicitat, quantitat_residu)  VALUES  ('A-12000257','4108','140','63');
INSERT INTO Residu (nif_empresa, cod_residu, toxicitat, quantitat_residu)  VALUES  ('A-12000276','4108','140','12');
INSERT INTO Residu (nif_empresa, cod_residu, toxicitat, quantitat_residu)  VALUES  ('A-12000295','4108','140','32');
INSERT INTO Residu (nif_empresa, cod_residu, toxicitat, quantitat_residu)  VALUES  ('A-12000313','4108','140','354');
INSERT INTO Residu (nif_empresa, cod_residu, toxicitat, quantitat_residu)  VALUES  ('A-12000332','4108','140','345');
INSERT INTO Residu (nif_empresa, cod_residu, toxicitat, quantitat_residu)  VALUES  ('A-12000350','4108','140','346');
INSERT INTO Residu (nif_empresa, cod_residu, toxicitat, quantitat_residu)  VALUES  ('A-12000368','4108','140','232');
INSERT INTO Residu (nif_empresa, cod_residu, toxicitat, quantitat_residu)  VALUES  ('A-12000386','4108','140','765');
INSERT INTO Residu (nif_empresa, cod_residu, toxicitat, quantitat_residu)  VALUES  ('A-12000404','4108','140','86');
INSERT INTO Residu (nif_empresa, cod_residu, toxicitat, quantitat_residu)  VALUES  ('A-12000422','4108','140','354');
INSERT INTO Residu (nif_empresa, cod_residu, toxicitat, quantitat_residu)  VALUES  ('A-12000440','4108','140','23');
INSERT INTO Residu (nif_empresa, cod_residu, toxicitat, quantitat_residu)  VALUES  ('A-12000458','4108','140','64');
INSERT INTO Residu (nif_empresa, cod_residu, toxicitat, quantitat_residu)  VALUES  ('A-12000476','4108','140','756');
INSERT INTO Residu (nif_empresa, cod_residu, toxicitat, quantitat_residu)  VALUES  ('A-12000494','4108','140','345');
INSERT INTO Residu (nif_empresa, cod_residu, toxicitat, quantitat_residu)  VALUES  ('A-12000512','4108','140','53');
INSERT INTO Residu (nif_empresa, cod_residu, toxicitat, quantitat_residu)  VALUES  ('A-12000530','4108','140','654');
INSERT INTO Residu (nif_empresa, cod_residu, toxicitat, quantitat_residu)  VALUES  ('A-12000548','4108','140','234');
INSERT INTO Residu (nif_empresa, cod_residu, toxicitat, quantitat_residu)  VALUES  ('A-12000023','5001','150','543');
INSERT INTO Residu (nif_empresa, cod_residu, toxicitat, quantitat_residu)  VALUES  ('A-12000041','5001','150','346');
INSERT INTO Residu (nif_empresa, cod_residu, toxicitat, quantitat_residu)  VALUES  ('A-12000060','5001','150','24');
INSERT INTO Residu (nif_empresa, cod_residu, toxicitat, quantitat_residu)  VALUES  ('A-12000081','5001','150','536');
INSERT INTO Residu (nif_empresa, cod_residu, toxicitat, quantitat_residu)  VALUES  ('A-12000102','5001','150','456');
INSERT INTO Residu (nif_empresa, cod_residu, toxicitat, quantitat_residu)  VALUES  ('A-12000123','5001','150','23');
INSERT INTO Residu (nif_empresa, cod_residu, toxicitat, quantitat_residu)  VALUES  ('A-12000141','5001','150','345');
INSERT INTO Residu (nif_empresa, cod_residu, toxicitat, quantitat_residu)  VALUES  ('A-12000159','5001','150','63');
INSERT INTO Residu (nif_empresa, cod_residu, toxicitat, quantitat_residu)  VALUES  ('A-12000179','5001','150','12');
INSERT INTO Residu (nif_empresa, cod_residu, toxicitat, quantitat_residu)  VALUES  ('A-12000197','5001','150','32');
INSERT INTO Residu (nif_empresa, cod_residu, toxicitat, quantitat_residu)  VALUES  ('A-12000215','5001','150','354');
INSERT INTO Residu (nif_empresa, cod_residu, toxicitat, quantitat_residu)  VALUES  ('A-12000233','5001','150','345');
INSERT INTO Residu (nif_empresa, cod_residu, toxicitat, quantitat_residu)  VALUES  ('A-12000251','5001','150','346');
INSERT INTO Residu (nif_empresa, cod_residu, toxicitat, quantitat_residu)  VALUES  ('A-12000270','5001','150','232');
INSERT INTO Residu (nif_empresa, cod_residu, toxicitat, quantitat_residu)  VALUES  ('A-12000289','5001','150','765');
INSERT INTO Residu (nif_empresa, cod_residu, toxicitat, quantitat_residu)  VALUES  ('A-12000307','5001','150','86');
INSERT INTO Residu (nif_empresa, cod_residu, toxicitat, quantitat_residu)  VALUES  ('A-12000325','5001','150','354');
INSERT INTO Residu (nif_empresa, cod_residu, toxicitat, quantitat_residu)  VALUES  ('A-12000344','5001','150','23');
INSERT INTO Residu (nif_empresa, cod_residu, toxicitat, quantitat_residu)  VALUES  ('A-12000362','5001','150','64');
INSERT INTO Residu (nif_empresa, cod_residu, toxicitat, quantitat_residu)  VALUES  ('A-12000380','5001','150','756');
INSERT INTO Residu (nif_empresa, cod_residu, toxicitat, quantitat_residu)  VALUES  ('A-12000398','5001','150','345');
INSERT INTO Residu (nif_empresa, cod_residu, toxicitat, quantitat_residu)  VALUES  ('A-12000416','5001','150','53');
INSERT INTO Residu (nif_empresa, cod_residu, toxicitat, quantitat_residu)  VALUES  ('A-12000434','5001','150','654');
INSERT INTO Residu (nif_empresa, cod_residu, toxicitat, quantitat_residu)  VALUES  ('A-12000452','5001','150','234');
INSERT INTO Residu (nif_empresa, cod_residu, toxicitat, quantitat_residu)  VALUES  ('A-12000470','5001','150','543');
INSERT INTO Residu (nif_empresa, cod_residu, toxicitat, quantitat_residu)  VALUES  ('A-12000488','5001','150','346');
INSERT INTO Residu (nif_empresa, cod_residu, toxicitat, quantitat_residu)  VALUES  ('A-12000506','5001','150','24');
INSERT INTO Residu (nif_empresa, cod_residu, toxicitat, quantitat_residu)  VALUES  ('A-12000524','5001','150','536');
INSERT INTO Residu (nif_empresa, cod_residu, toxicitat, quantitat_residu)  VALUES  ('A-12000542','5001','150','456');
INSERT INTO Residu (nif_empresa, cod_residu, toxicitat, quantitat_residu)  VALUES  ('A-12000026','5038','160','32');
INSERT INTO Residu (nif_empresa, cod_residu, toxicitat, quantitat_residu)  VALUES  ('A-12000044','5038','160','354');
INSERT INTO Residu (nif_empresa, cod_residu, toxicitat, quantitat_residu)  VALUES  ('A-12000065','5038','160','345');
INSERT INTO Residu (nif_empresa, cod_residu, toxicitat, quantitat_residu)  VALUES  ('A-12000084','5038','160','346');
INSERT INTO Residu (nif_empresa, cod_residu, toxicitat, quantitat_residu)  VALUES  ('A-12000105','5038','160','232');
INSERT INTO Residu (nif_empresa, cod_residu, toxicitat, quantitat_residu)  VALUES  ('A-12000126','5038','160','765');
INSERT INTO Residu (nif_empresa, cod_residu, toxicitat, quantitat_residu)  VALUES  ('A-12000144','5038','160','86');
INSERT INTO Residu (nif_empresa, cod_residu, toxicitat, quantitat_residu)  VALUES  ('A-12000163','5038','160','354');
INSERT INTO Residu (nif_empresa, cod_residu, toxicitat, quantitat_residu)  VALUES  ('A-12000182','5038','160','23');
INSERT INTO Residu (nif_empresa, cod_residu, toxicitat, quantitat_residu)  VALUES  ('A-12000200','5038','160','64');
INSERT INTO Residu (nif_empresa, cod_residu, toxicitat, quantitat_residu)  VALUES  ('A-12000218','5038','160','756');
INSERT INTO Residu (nif_empresa, cod_residu, toxicitat, quantitat_residu)  VALUES  ('A-12000236','5038','160','345');
INSERT INTO Residu (nif_empresa, cod_residu, toxicitat, quantitat_residu)  VALUES  ('A-12000254','5038','160','53');
INSERT INTO Residu (nif_empresa, cod_residu, toxicitat, quantitat_residu)  VALUES  ('A-12000273','5038','160','654');
INSERT INTO Residu (nif_empresa, cod_residu, toxicitat, quantitat_residu)  VALUES  ('A-12000292','5038','160','234');
INSERT INTO Residu (nif_empresa, cod_residu, toxicitat, quantitat_residu)  VALUES  ('A-12000310','5038','160','543');
INSERT INTO Residu (nif_empresa, cod_residu, toxicitat, quantitat_residu)  VALUES  ('A-12000329','5038','160','346');
INSERT INTO Residu (nif_empresa, cod_residu, toxicitat, quantitat_residu)  VALUES  ('A-12000347','5038','160','24');
INSERT INTO Residu (nif_empresa, cod_residu, toxicitat, quantitat_residu)  VALUES  ('A-12000365','5038','160','536');
INSERT INTO Residu (nif_empresa, cod_residu, toxicitat, quantitat_residu)  VALUES  ('A-12000383','5038','160','456');
INSERT INTO Residu (nif_empresa, cod_residu, toxicitat, quantitat_residu)  VALUES  ('A-12000401','5038','160','23');
INSERT INTO Residu (nif_empresa, cod_residu, toxicitat, quantitat_residu)  VALUES  ('A-12000419','5038','160','345');
INSERT INTO Residu (nif_empresa, cod_residu, toxicitat, quantitat_residu)  VALUES  ('A-12000437','5038','160','63');
INSERT INTO Residu (nif_empresa, cod_residu, toxicitat, quantitat_residu)  VALUES  ('A-12000455','5038','160','12');
INSERT INTO Residu (nif_empresa, cod_residu, toxicitat, quantitat_residu)  VALUES  ('A-12000473','5038','160','32');
INSERT INTO Residu (nif_empresa, cod_residu, toxicitat, quantitat_residu)  VALUES  ('A-12000491','5038','160','354');
INSERT INTO Residu (nif_empresa, cod_residu, toxicitat, quantitat_residu)  VALUES  ('A-12000509','5038','160','345');
INSERT INTO Residu (nif_empresa, cod_residu, toxicitat, quantitat_residu)  VALUES  ('A-12000527','5038','160','346');
INSERT INTO Residu (nif_empresa, cod_residu, toxicitat, quantitat_residu)  VALUES  ('A-12000545','5038','160','232');
INSERT INTO Residu (nif_empresa, cod_residu, toxicitat, quantitat_residu)  VALUES  ('A-12000036','5050','170','23');
INSERT INTO Residu (nif_empresa, cod_residu, toxicitat, quantitat_residu)  VALUES  ('A-12000055','5050','170','345');
INSERT INTO Residu (nif_empresa, cod_residu, toxicitat, quantitat_residu)  VALUES  ('A-12000075','5050','170','63');
INSERT INTO Residu (nif_empresa, cod_residu, toxicitat, quantitat_residu)  VALUES  ('A-12000096','5050','170','12');
INSERT INTO Residu (nif_empresa, cod_residu, toxicitat, quantitat_residu)  VALUES  ('A-12000117','5050','170','32');
INSERT INTO Residu (nif_empresa, cod_residu, toxicitat, quantitat_residu)  VALUES  ('A-12000136','5050','170','354');
INSERT INTO Residu (nif_empresa, cod_residu, toxicitat, quantitat_residu)  VALUES  ('A-12000154','5050','170','345');
INSERT INTO Residu (nif_empresa, cod_residu, toxicitat, quantitat_residu)  VALUES  ('A-12000174','5050','170','346');
INSERT INTO Residu (nif_empresa, cod_residu, toxicitat, quantitat_residu)  VALUES  ('A-12000192','5050','170','232');
INSERT INTO Residu (nif_empresa, cod_residu, toxicitat, quantitat_residu)  VALUES  ('A-12000210','5050','170','765');
INSERT INTO Residu (nif_empresa, cod_residu, toxicitat, quantitat_residu)  VALUES  ('A-12000228','5050','170','86');
INSERT INTO Residu (nif_empresa, cod_residu, toxicitat, quantitat_residu)  VALUES  ('A-12000246','5050','170','354');
INSERT INTO Residu (nif_empresa, cod_residu, toxicitat, quantitat_residu)  VALUES  ('A-12000265','5050','170','23');
INSERT INTO Residu (nif_empresa, cod_residu, toxicitat, quantitat_residu)  VALUES  ('A-12000284','5050','170','64');
INSERT INTO Residu (nif_empresa, cod_residu, toxicitat, quantitat_residu)  VALUES  ('A-12000302','5050','170','756');
INSERT INTO Residu (nif_empresa, cod_residu, toxicitat, quantitat_residu)  VALUES  ('A-12000320','5050','170','345');
INSERT INTO Residu (nif_empresa, cod_residu, toxicitat, quantitat_residu)  VALUES  ('A-12000339','5050','170','53');
INSERT INTO Residu (nif_empresa, cod_residu, toxicitat, quantitat_residu)  VALUES  ('A-12000357','5050','170','654');
INSERT INTO Residu (nif_empresa, cod_residu, toxicitat, quantitat_residu)  VALUES  ('A-12000375','5050','170','234');
INSERT INTO Residu (nif_empresa, cod_residu, toxicitat, quantitat_residu)  VALUES  ('A-12000393','5050','170','543');
INSERT INTO Residu (nif_empresa, cod_residu, toxicitat, quantitat_residu)  VALUES  ('A-12000411','5050','170','346');
INSERT INTO Residu (nif_empresa, cod_residu, toxicitat, quantitat_residu)  VALUES  ('A-12000429','5050','170','24');
INSERT INTO Residu (nif_empresa, cod_residu, toxicitat, quantitat_residu)  VALUES  ('A-12000447','5050','170','536');
INSERT INTO Residu (nif_empresa, cod_residu, toxicitat, quantitat_residu)  VALUES  ('A-12000465','5050','170','456');
INSERT INTO Residu (nif_empresa, cod_residu, toxicitat, quantitat_residu)  VALUES  ('A-12000483','5050','170','23');
INSERT INTO Residu (nif_empresa, cod_residu, toxicitat, quantitat_residu)  VALUES  ('A-12000501','5050','170','345');
INSERT INTO Residu (nif_empresa, cod_residu, toxicitat, quantitat_residu)  VALUES  ('A-12000519','5050','170','63');
INSERT INTO Residu (nif_empresa, cod_residu, toxicitat, quantitat_residu)  VALUES  ('A-12000537','5050','170','12');
INSERT INTO Residu (nif_empresa, cod_residu, toxicitat, quantitat_residu)  VALUES  ('A-12000053','5550','180','765');
INSERT INTO Residu (nif_empresa, cod_residu, toxicitat, quantitat_residu)  VALUES  ('A-12000034','5550','180','86');
INSERT INTO Residu (nif_empresa, cod_residu, toxicitat, quantitat_residu)  VALUES  ('A-12000073','5550','180','354');
INSERT INTO Residu (nif_empresa, cod_residu, toxicitat, quantitat_residu)  VALUES  ('A-12000094','5550','180','23');
INSERT INTO Residu (nif_empresa, cod_residu, toxicitat, quantitat_residu)  VALUES  ('A-12000115','5550','180','64');
INSERT INTO Residu (nif_empresa, cod_residu, toxicitat, quantitat_residu)  VALUES  ('A-12000134','5550','180','756');
INSERT INTO Residu (nif_empresa, cod_residu, toxicitat, quantitat_residu)  VALUES  ('A-12000152','5550','180','345');
INSERT INTO Residu (nif_empresa, cod_residu, toxicitat, quantitat_residu)  VALUES  ('A-12000172','5550','180','53');
INSERT INTO Residu (nif_empresa, cod_residu, toxicitat, quantitat_residu)  VALUES  ('A-12000190','5550','180','654');
INSERT INTO Residu (nif_empresa, cod_residu, toxicitat, quantitat_residu)  VALUES  ('A-12000208','5550','180','234');
INSERT INTO Residu (nif_empresa, cod_residu, toxicitat, quantitat_residu)  VALUES  ('A-12000226','5550','180','543');
INSERT INTO Residu (nif_empresa, cod_residu, toxicitat, quantitat_residu)  VALUES  ('A-12000244','5550','180','346');
INSERT INTO Residu (nif_empresa, cod_residu, toxicitat, quantitat_residu)  VALUES  ('A-12000263','5550','180','24');
INSERT INTO Residu (nif_empresa, cod_residu, toxicitat, quantitat_residu)  VALUES  ('A-12000282','5550','180','536');
INSERT INTO Residu (nif_empresa, cod_residu, toxicitat, quantitat_residu)  VALUES  ('A-12000300','5550','180','456');
INSERT INTO Residu (nif_empresa, cod_residu, toxicitat, quantitat_residu)  VALUES  ('A-12000318','5550','180','23');
INSERT INTO Residu (nif_empresa, cod_residu, toxicitat, quantitat_residu)  VALUES  ('A-12000337','5550','180','345');
INSERT INTO Residu (nif_empresa, cod_residu, toxicitat, quantitat_residu)  VALUES  ('A-12000355','5550','180','63');
INSERT INTO Residu (nif_empresa, cod_residu, toxicitat, quantitat_residu)  VALUES  ('A-12000373','5550','180','12');
INSERT INTO Residu (nif_empresa, cod_residu, toxicitat, quantitat_residu)  VALUES  ('A-12000391','5550','180','32');
INSERT INTO Residu (nif_empresa, cod_residu, toxicitat, quantitat_residu)  VALUES  ('A-12000409','5550','180','354');
INSERT INTO Residu (nif_empresa, cod_residu, toxicitat, quantitat_residu)  VALUES  ('A-12000427','5550','180','345');
INSERT INTO Residu (nif_empresa, cod_residu, toxicitat, quantitat_residu)  VALUES  ('A-12000445','5550','180','346');
INSERT INTO Residu (nif_empresa, cod_residu, toxicitat, quantitat_residu)  VALUES  ('A-12000463','5550','180','232');
INSERT INTO Residu (nif_empresa, cod_residu, toxicitat, quantitat_residu)  VALUES  ('A-12000481','5550','180','765');
INSERT INTO Residu (nif_empresa, cod_residu, toxicitat, quantitat_residu)  VALUES  ('A-12000499','5550','180','86');
INSERT INTO Residu (nif_empresa, cod_residu, toxicitat, quantitat_residu)  VALUES  ('A-12000517','5550','180','354');
INSERT INTO Residu (nif_empresa, cod_residu, toxicitat, quantitat_residu)  VALUES  ('A-12000535','5550','180','23');
INSERT INTO Residu (nif_empresa, cod_residu, toxicitat, quantitat_residu)  VALUES  ('A-12000553','5550','180','64');
INSERT INTO Residu (nif_empresa, cod_residu, toxicitat, quantitat_residu)  VALUES  ('A-12000022','8078','190','756');
INSERT INTO Residu (nif_empresa, cod_residu, toxicitat, quantitat_residu)  VALUES  ('A-12000040','8078','190','345');
INSERT INTO Residu (nif_empresa, cod_residu, toxicitat, quantitat_residu)  VALUES  ('A-12000059','8078','190','53');
INSERT INTO Residu (nif_empresa, cod_residu, toxicitat, quantitat_residu)  VALUES  ('A-12000080','8078','190','654');
INSERT INTO Residu (nif_empresa, cod_residu, toxicitat, quantitat_residu)  VALUES  ('A-12000101','8078','190','234');
INSERT INTO Residu (nif_empresa, cod_residu, toxicitat, quantitat_residu)  VALUES  ('A-12000122','8078','190','543');
INSERT INTO Residu (nif_empresa, cod_residu, toxicitat, quantitat_residu)  VALUES  ('A-12000140','8078','190','346');
INSERT INTO Residu (nif_empresa, cod_residu, toxicitat, quantitat_residu)  VALUES  ('A-12000158','8078','190','24');
INSERT INTO Residu (nif_empresa, cod_residu, toxicitat, quantitat_residu)  VALUES  ('A-12000178','8078','190','536');
INSERT INTO Residu (nif_empresa, cod_residu, toxicitat, quantitat_residu)  VALUES  ('A-12000196','8078','190','456');
INSERT INTO Residu (nif_empresa, cod_residu, toxicitat, quantitat_residu)  VALUES  ('A-12000214','8078','190','23');
INSERT INTO Residu (nif_empresa, cod_residu, toxicitat, quantitat_residu)  VALUES  ('A-12000232','8078','190','345');
INSERT INTO Residu (nif_empresa, cod_residu, toxicitat, quantitat_residu)  VALUES  ('A-12000250','8078','190','63');
INSERT INTO Residu (nif_empresa, cod_residu, toxicitat, quantitat_residu)  VALUES  ('A-12000269','8078','190','12');
INSERT INTO Residu (nif_empresa, cod_residu, toxicitat, quantitat_residu)  VALUES  ('A-12000288','8078','190','32');
INSERT INTO Residu (nif_empresa, cod_residu, toxicitat, quantitat_residu)  VALUES  ('A-12000306','8078','190','354');
INSERT INTO Residu (nif_empresa, cod_residu, toxicitat, quantitat_residu)  VALUES  ('A-12000324','8078','190','345');
INSERT INTO Residu (nif_empresa, cod_residu, toxicitat, quantitat_residu)  VALUES  ('A-12000343','8078','190','346');
INSERT INTO Residu (nif_empresa, cod_residu, toxicitat, quantitat_residu)  VALUES  ('A-12000361','8078','190','232');
INSERT INTO Residu (nif_empresa, cod_residu, toxicitat, quantitat_residu)  VALUES  ('A-12000379','8078','190','765');
INSERT INTO Residu (nif_empresa, cod_residu, toxicitat, quantitat_residu)  VALUES  ('A-12000397','8078','190','86');
INSERT INTO Residu (nif_empresa, cod_residu, toxicitat, quantitat_residu)  VALUES  ('A-12000415','8078','190','354');
INSERT INTO Residu (nif_empresa, cod_residu, toxicitat, quantitat_residu)  VALUES  ('A-12000433','8078','190','23');
INSERT INTO Residu (nif_empresa, cod_residu, toxicitat, quantitat_residu)  VALUES  ('A-12000451','8078','190','64');
INSERT INTO Residu (nif_empresa, cod_residu, toxicitat, quantitat_residu)  VALUES  ('A-12000469','8078','190','756');
INSERT INTO Residu (nif_empresa, cod_residu, toxicitat, quantitat_residu)  VALUES  ('A-12000487','8078','190','345');
INSERT INTO Residu (nif_empresa, cod_residu, toxicitat, quantitat_residu)  VALUES  ('A-12000505','8078','190','53');
INSERT INTO Residu (nif_empresa, cod_residu, toxicitat, quantitat_residu)  VALUES  ('A-12000523','8078','190','654');
INSERT INTO Residu (nif_empresa, cod_residu, toxicitat, quantitat_residu)  VALUES  ('A-12000541','8078','190','234');
INSERT INTO Residu (nif_empresa, cod_residu, toxicitat, quantitat_residu)  VALUES  ('A-12000027','8889','200','543');
INSERT INTO Residu (nif_empresa, cod_residu, toxicitat, quantitat_residu)  VALUES  ('A-12000046','8889','200','346');
INSERT INTO Residu (nif_empresa, cod_residu, toxicitat, quantitat_residu)  VALUES  ('A-12000066','8889','200','24');
INSERT INTO Residu (nif_empresa, cod_residu, toxicitat, quantitat_residu)  VALUES  ('A-12000086','8889','200','536');
INSERT INTO Residu (nif_empresa, cod_residu, toxicitat, quantitat_residu)  VALUES  ('A-12000106','8889','200','456');
INSERT INTO Residu (nif_empresa, cod_residu, toxicitat, quantitat_residu)  VALUES  ('A-12000127','8889','200','23');
INSERT INTO Residu (nif_empresa, cod_residu, toxicitat, quantitat_residu)  VALUES  ('A-12000145','8889','200','345');
INSERT INTO Residu (nif_empresa, cod_residu, toxicitat, quantitat_residu)  VALUES  ('A-12000164','8889','200','63');
INSERT INTO Residu (nif_empresa, cod_residu, toxicitat, quantitat_residu)  VALUES  ('A-12000183','8889','200','12');
INSERT INTO Residu (nif_empresa, cod_residu, toxicitat, quantitat_residu)  VALUES  ('A-12000201','8889','200','32');
INSERT INTO Residu (nif_empresa, cod_residu, toxicitat, quantitat_residu)  VALUES  ('A-12000219','8889','200','354');
INSERT INTO Residu (nif_empresa, cod_residu, toxicitat, quantitat_residu)  VALUES  ('A-12000237','8889','200','345');
INSERT INTO Residu (nif_empresa, cod_residu, toxicitat, quantitat_residu)  VALUES  ('A-12000255','8889','200','346');
INSERT INTO Residu (nif_empresa, cod_residu, toxicitat, quantitat_residu)  VALUES  ('A-12000274','8889','200','232');
INSERT INTO Residu (nif_empresa, cod_residu, toxicitat, quantitat_residu)  VALUES  ('A-12000293','8889','200','765');
INSERT INTO Residu (nif_empresa, cod_residu, toxicitat, quantitat_residu)  VALUES  ('A-12000311','8889','200','86');
INSERT INTO Residu (nif_empresa, cod_residu, toxicitat, quantitat_residu)  VALUES  ('A-12000330','8889','200','354');
INSERT INTO Residu (nif_empresa, cod_residu, toxicitat, quantitat_residu)  VALUES  ('A-12000348','8889','200','23');
INSERT INTO Residu (nif_empresa, cod_residu, toxicitat, quantitat_residu)  VALUES  ('A-12000366','8889','200','64');
INSERT INTO Residu (nif_empresa, cod_residu, toxicitat, quantitat_residu)  VALUES  ('A-12000384','8889','200','756');
INSERT INTO Residu (nif_empresa, cod_residu, toxicitat, quantitat_residu)  VALUES  ('A-12000402','8889','200','345');
INSERT INTO Residu (nif_empresa, cod_residu, toxicitat, quantitat_residu)  VALUES  ('A-12000420','8889','200','53');
INSERT INTO Residu (nif_empresa, cod_residu, toxicitat, quantitat_residu)  VALUES  ('A-12000438','8889','200','654');
INSERT INTO Residu (nif_empresa, cod_residu, toxicitat, quantitat_residu)  VALUES  ('A-12000456','8889','200','234');
INSERT INTO Residu (nif_empresa, cod_residu, toxicitat, quantitat_residu)  VALUES  ('A-12000474','8889','200','543');
INSERT INTO Residu (nif_empresa, cod_residu, toxicitat, quantitat_residu)  VALUES  ('A-12000492','8889','200','346');
INSERT INTO Residu (nif_empresa, cod_residu, toxicitat, quantitat_residu)  VALUES  ('A-12000510','8889','200','24');
INSERT INTO Residu (nif_empresa, cod_residu, toxicitat, quantitat_residu)  VALUES  ('A-12000528','8889','200','536');
INSERT INTO Residu (nif_empresa, cod_residu, toxicitat, quantitat_residu)  VALUES  ('A-12000546','8889','200','456');

--Constituent

INSERT INTO constituent (cod_constituent, nom_constituent)  VALUES  ('991','Beril·li; compostos de beril·li');
INSERT INTO constituent (cod_constituent, nom_constituent)  VALUES  ('992','Compostos de vanadi');
INSERT INTO constituent (cod_constituent, nom_constituent)  VALUES  ('993','Compostos de crom');
INSERT INTO constituent (cod_constituent, nom_constituent)  VALUES  ('994','Compostos de cobalt');
INSERT INTO constituent (cod_constituent, nom_constituent)  VALUES  ('995','Compostos de níquel');
INSERT INTO constituent (cod_constituent, nom_constituent)  VALUES  ('996','Compostos de coure');
INSERT INTO constituent (cod_constituent, nom_constituent)  VALUES  ('997','Compostos de zinc');
INSERT INTO constituent (cod_constituent, nom_constituent)  VALUES  ('998','Arsènic; compostos d arsènic');
INSERT INTO constituent (cod_constituent, nom_constituent)  VALUES  ('999','Seleni; compostos de seleni');
INSERT INTO constituent (cod_constituent, nom_constituent)  VALUES  ('9910','Compostos de plata');
INSERT INTO constituent (cod_constituent, nom_constituent)  VALUES  ('9911','Cadmi; compostos de cadmi');
INSERT INTO constituent (cod_constituent, nom_constituent)  VALUES  ('9912','Compostos d estany');
INSERT INTO constituent (cod_constituent, nom_constituent)  VALUES  ('9913','Antimoni; compostos d antimoni');
INSERT INTO constituent (cod_constituent, nom_constituent)  VALUES  ('9914','Tel·luri; compostos de tel·luri');
INSERT INTO constituent (cod_constituent, nom_constituent)  VALUES  ('9915','Compostos de bari, exclòs el sulfat bàric');
INSERT INTO constituent (cod_constituent, nom_constituent)  VALUES  ('9916',' Mercuri; compostos de mercuri');
INSERT INTO constituent (cod_constituent, nom_constituent)  VALUES  ('9917','Tal·li; compostos de tal·li.');
INSERT INTO constituent (cod_constituent, nom_constituent)  VALUES  ('9918','Plom; compostos de plom');
INSERT INTO constituent (cod_constituent, nom_constituent)  VALUES  ('9919','Sulfurs inorgànics');
INSERT INTO constituent (cod_constituent, nom_constituent)  VALUES  ('9920','Compostos inorgànics de fluor, exclòs el fluorur càlcic');
INSERT INTO constituent (cod_constituent, nom_constituent)  VALUES  ('9921','Cianurs inorgànics');
INSERT INTO constituent (cod_constituent, nom_constituent)  VALUES  ('9922','Metalls alcalins: Liti, sodi, potassi, calci, magnesi');
INSERT INTO constituent (cod_constituent, nom_constituent)  VALUES  ('9923','Solucions àcides o àcids en forma sòlida');
INSERT INTO constituent (cod_constituent, nom_constituent)  VALUES  ('9924','Solucions bàsiques o bases en forma sòlida');
INSERT INTO constituent (cod_constituent, nom_constituent)  VALUES  ('9925','Amiant (pólvores i fibres)');
INSERT INTO constituent (cod_constituent, nom_constituent)  VALUES  ('9926','Fòsfor; compostos de fòsfor, exclosos els fosfats minerals');
INSERT INTO constituent (cod_constituent, nom_constituent)  VALUES  ('9927','PCB i/o PCT');
INSERT INTO constituent (cod_constituent, nom_constituent)  VALUES  ('9928','Biocides i substàncies fitofarmaceutiques');
INSERT INTO constituent (cod_constituent, nom_constituent)  VALUES  ('9930','Compostos farmacèutics o veterinaris');
INSERT INTO constituent (cod_constituent, nom_constituent)  VALUES  ('9931','Dissolvents halogenats');
INSERT INTO constituent (cod_constituent, nom_constituent)  VALUES  ('9932','Cianurs orgànics');

--Residu_Constituent
INSERT INTO residu_constituent (nif_empresa, cod_residu, cod_constituent, quantitat)  VALUES  ('A-12000025','1001','9928','34');
INSERT INTO residu_constituent (nif_empresa, cod_residu, cod_constituent, quantitat)  VALUES  ('A-12000043','1001','9928','53');
INSERT INTO residu_constituent (nif_empresa, cod_residu, cod_constituent, quantitat)  VALUES  ('A-12000063','1001','9928','634');
INSERT INTO residu_constituent (nif_empresa, cod_residu, cod_constituent, quantitat)  VALUES  ('A-12000083','1001','9928','344');
INSERT INTO residu_constituent (nif_empresa, cod_residu, cod_constituent, quantitat)  VALUES  ('A-12000104','1001','9928','233');
INSERT INTO residu_constituent (nif_empresa, cod_residu, cod_constituent, quantitat)  VALUES  ('A-12000125','1001','9928','112');
INSERT INTO residu_constituent (nif_empresa, cod_residu, cod_constituent, quantitat)  VALUES  ('A-12000143','1001','9928','677');
INSERT INTO residu_constituent (nif_empresa, cod_residu, cod_constituent, quantitat)  VALUES  ('A-12000161','1001','9928','324');
INSERT INTO residu_constituent (nif_empresa, cod_residu, cod_constituent, quantitat)  VALUES  ('A-12000181','1001','9928','12');
INSERT INTO residu_constituent (nif_empresa, cod_residu, cod_constituent, quantitat)  VALUES  ('A-12000199','1001','9928','344');
INSERT INTO residu_constituent (nif_empresa, cod_residu, cod_constituent, quantitat)  VALUES  ('A-12000217','1001','9928','75');
INSERT INTO residu_constituent (nif_empresa, cod_residu, cod_constituent, quantitat)  VALUES  ('A-12000235','1001','9928','23');
INSERT INTO residu_constituent (nif_empresa, cod_residu, cod_constituent, quantitat)  VALUES  ('A-12000253','1001','9928','12');
INSERT INTO residu_constituent (nif_empresa, cod_residu, cod_constituent, quantitat)  VALUES  ('A-12000272','1001','9928','342');
INSERT INTO residu_constituent (nif_empresa, cod_residu, cod_constituent, quantitat)  VALUES  ('A-12000291','1001','9928','223');
INSERT INTO residu_constituent (nif_empresa, cod_residu, cod_constituent, quantitat)  VALUES  ('A-12000309','1001','9928','765');
INSERT INTO residu_constituent (nif_empresa, cod_residu, cod_constituent, quantitat)  VALUES  ('A-12000328','1001','9928','43');
INSERT INTO residu_constituent (nif_empresa, cod_residu, cod_constituent, quantitat)  VALUES  ('A-12000346','1001','9928','123');
INSERT INTO residu_constituent (nif_empresa, cod_residu, cod_constituent, quantitat)  VALUES  ('A-12000364','1001','9928','23');
INSERT INTO residu_constituent (nif_empresa, cod_residu, cod_constituent, quantitat)  VALUES  ('A-12000382','1001','9928','456');
INSERT INTO residu_constituent (nif_empresa, cod_residu, cod_constituent, quantitat)  VALUES  ('A-12000400','1001','9928','221');
INSERT INTO residu_constituent (nif_empresa, cod_residu, cod_constituent, quantitat)  VALUES  ('A-12000418','1001','9928','332');
INSERT INTO residu_constituent (nif_empresa, cod_residu, cod_constituent, quantitat)  VALUES  ('A-12000436','1001','9928','54');
INSERT INTO residu_constituent (nif_empresa, cod_residu, cod_constituent, quantitat)  VALUES  ('A-12000454','1001','9928','25');
INSERT INTO residu_constituent (nif_empresa, cod_residu, cod_constituent, quantitat)  VALUES  ('A-12000472','1001','9928','6');
INSERT INTO residu_constituent (nif_empresa, cod_residu, cod_constituent, quantitat)  VALUES  ('A-12000490','1001','9928','575');
INSERT INTO residu_constituent (nif_empresa, cod_residu, cod_constituent, quantitat)  VALUES  ('A-12000508','1001','9928','23');
INSERT INTO residu_constituent (nif_empresa, cod_residu, cod_constituent, quantitat)  VALUES  ('A-12000526','1001','9928','67');
INSERT INTO residu_constituent (nif_empresa, cod_residu, cod_constituent, quantitat)  VALUES  ('A-12000544','1001','9928','77');
INSERT INTO residu_constituent (nif_empresa, cod_residu, cod_constituent, quantitat)  VALUES  ('A-12000024','2020','9912','2');
INSERT INTO residu_constituent (nif_empresa, cod_residu, cod_constituent, quantitat)  VALUES  ('A-12000042','2020','9914','6');
INSERT INTO residu_constituent (nif_empresa, cod_residu, cod_constituent, quantitat)  VALUES  ('A-12000062','2020','9912','9');
INSERT INTO residu_constituent (nif_empresa, cod_residu, cod_constituent, quantitat)  VALUES  ('A-12000082','2020','9912','23');
INSERT INTO residu_constituent (nif_empresa, cod_residu, cod_constituent, quantitat)  VALUES  ('A-12000103','2020','9914','85');
INSERT INTO residu_constituent (nif_empresa, cod_residu, cod_constituent, quantitat)  VALUES  ('A-12000124','2020','9912','1');
INSERT INTO residu_constituent (nif_empresa, cod_residu, cod_constituent, quantitat)  VALUES  ('A-12000142','2020','9914','5');
INSERT INTO residu_constituent (nif_empresa, cod_residu, cod_constituent, quantitat)  VALUES  ('A-12000160','2020','9912','34');
INSERT INTO residu_constituent (nif_empresa, cod_residu, cod_constituent, quantitat)  VALUES  ('A-12000180','2020','9914','756');
INSERT INTO residu_constituent (nif_empresa, cod_residu, cod_constituent, quantitat)  VALUES  ('A-12000198','2020','9912','234');
INSERT INTO residu_constituent (nif_empresa, cod_residu, cod_constituent, quantitat)  VALUES  ('A-12000216','2020','9914','75');
INSERT INTO residu_constituent (nif_empresa, cod_residu, cod_constituent, quantitat)  VALUES  ('A-12000234','2020','9912','96');
INSERT INTO residu_constituent (nif_empresa, cod_residu, cod_constituent, quantitat)  VALUES  ('A-12000252','2020','9914','431');
INSERT INTO residu_constituent (nif_empresa, cod_residu, cod_constituent, quantitat)  VALUES  ('A-12000271','2020','9912','4');
INSERT INTO residu_constituent (nif_empresa, cod_residu, cod_constituent, quantitat)  VALUES  ('A-12000290','2020','9914','2');
INSERT INTO residu_constituent (nif_empresa, cod_residu, cod_constituent, quantitat)  VALUES  ('A-12000308','2020','9912','5');
INSERT INTO residu_constituent (nif_empresa, cod_residu, cod_constituent, quantitat)  VALUES  ('A-12000326','2020','9914','8');
INSERT INTO residu_constituent (nif_empresa, cod_residu, cod_constituent, quantitat)  VALUES  ('A-12000345','2020','9912','22');
INSERT INTO residu_constituent (nif_empresa, cod_residu, cod_constituent, quantitat)  VALUES  ('A-12000363','2020','9914','34');
INSERT INTO residu_constituent (nif_empresa, cod_residu, cod_constituent, quantitat)  VALUES  ('A-12000381','2020','9912','9');
INSERT INTO residu_constituent (nif_empresa, cod_residu, cod_constituent, quantitat)  VALUES  ('A-12000399','2020','9914','65');
INSERT INTO residu_constituent (nif_empresa, cod_residu, cod_constituent, quantitat)  VALUES  ('A-12000417','2020','9912','33');
INSERT INTO residu_constituent (nif_empresa, cod_residu, cod_constituent, quantitat)  VALUES  ('A-12000435','2020','9914','55');
INSERT INTO residu_constituent (nif_empresa, cod_residu, cod_constituent, quantitat)  VALUES  ('A-12000453','2020','9912','67');
INSERT INTO residu_constituent (nif_empresa, cod_residu, cod_constituent, quantitat)  VALUES  ('A-12000471','2020','9914','83');
INSERT INTO residu_constituent (nif_empresa, cod_residu, cod_constituent, quantitat)  VALUES  ('A-12000489','2020','9912','2');
INSERT INTO residu_constituent (nif_empresa, cod_residu, cod_constituent, quantitat)  VALUES  ('A-12000507','2020','9914','5');
INSERT INTO residu_constituent (nif_empresa, cod_residu, cod_constituent, quantitat)  VALUES  ('A-12000525','2020','9912','7');
INSERT INTO residu_constituent (nif_empresa, cod_residu, cod_constituent, quantitat)  VALUES  ('A-12000543','2020','9914','43');
INSERT INTO residu_constituent (nif_empresa, cod_residu, cod_constituent, quantitat)  VALUES  ('A-12000038','2030','9916','8');
INSERT INTO residu_constituent (nif_empresa, cod_residu, cod_constituent, quantitat)  VALUES  ('A-12000057','2030','9916','13');
INSERT INTO residu_constituent (nif_empresa, cod_residu, cod_constituent, quantitat)  VALUES  ('A-12000077','2030','9916','99');
INSERT INTO residu_constituent (nif_empresa, cod_residu, cod_constituent, quantitat)  VALUES  ('A-12000098','2030','9916','12');
INSERT INTO residu_constituent (nif_empresa, cod_residu, cod_constituent, quantitat)  VALUES  ('A-12000120','2030','9916','435');
INSERT INTO residu_constituent (nif_empresa, cod_residu, cod_constituent, quantitat)  VALUES  ('A-12000138','2030','9916','635');
INSERT INTO residu_constituent (nif_empresa, cod_residu, cod_constituent, quantitat)  VALUES  ('A-12000156','2030','9916','86');
INSERT INTO residu_constituent (nif_empresa, cod_residu, cod_constituent, quantitat)  VALUES  ('A-12000176','2030','9916','123');
INSERT INTO residu_constituent (nif_empresa, cod_residu, cod_constituent, quantitat)  VALUES  ('A-12000194','2030','9916','74');
INSERT INTO residu_constituent (nif_empresa, cod_residu, cod_constituent, quantitat)  VALUES  ('A-12000212','2030','9916','157');
INSERT INTO residu_constituent (nif_empresa, cod_residu, cod_constituent, quantitat)  VALUES  ('A-12000230','2030','9916','17');
INSERT INTO residu_constituent (nif_empresa, cod_residu, cod_constituent, quantitat)  VALUES  ('A-12000248','2030','9916','14');
INSERT INTO residu_constituent (nif_empresa, cod_residu, cod_constituent, quantitat)  VALUES  ('A-12000267','2030','9916','87');
INSERT INTO residu_constituent (nif_empresa, cod_residu, cod_constituent, quantitat)  VALUES  ('A-12000286','2030','9916','23');
INSERT INTO residu_constituent (nif_empresa, cod_residu, cod_constituent, quantitat)  VALUES  ('A-12000304','2030','9916','763');
INSERT INTO residu_constituent (nif_empresa, cod_residu, cod_constituent, quantitat)  VALUES  ('A-12000322','2030','9916','13');
INSERT INTO residu_constituent (nif_empresa, cod_residu, cod_constituent, quantitat)  VALUES  ('A-12000341','2030','9916','7');
INSERT INTO residu_constituent (nif_empresa, cod_residu, cod_constituent, quantitat)  VALUES  ('A-12000359','2030','9916','3');
INSERT INTO residu_constituent (nif_empresa, cod_residu, cod_constituent, quantitat)  VALUES  ('A-12000377','2030','9916','6');
INSERT INTO residu_constituent (nif_empresa, cod_residu, cod_constituent, quantitat)  VALUES  ('A-12000395','2030','9916','7');
INSERT INTO residu_constituent (nif_empresa, cod_residu, cod_constituent, quantitat)  VALUES  ('A-12000413','2030','9916','3');
INSERT INTO residu_constituent (nif_empresa, cod_residu, cod_constituent, quantitat)  VALUES  ('A-12000431','2030','9916','21');
INSERT INTO residu_constituent (nif_empresa, cod_residu, cod_constituent, quantitat)  VALUES  ('A-12000449','2030','9916','4');
INSERT INTO residu_constituent (nif_empresa, cod_residu, cod_constituent, quantitat)  VALUES  ('A-12000467','2030','9916','45');
INSERT INTO residu_constituent (nif_empresa, cod_residu, cod_constituent, quantitat)  VALUES  ('A-12000485','2030','9916','56');
INSERT INTO residu_constituent (nif_empresa, cod_residu, cod_constituent, quantitat)  VALUES  ('A-12000503','2030','9916','334');
INSERT INTO residu_constituent (nif_empresa, cod_residu, cod_constituent, quantitat)  VALUES  ('A-12000521','2030','9916','455');
INSERT INTO residu_constituent (nif_empresa, cod_residu, cod_constituent, quantitat)  VALUES  ('A-12000539','2030','9916','43');
INSERT INTO residu_constituent (nif_empresa, cod_residu, cod_constituent, quantitat)  VALUES  ('A-12000039','2050','9923','33');
INSERT INTO residu_constituent (nif_empresa, cod_residu, cod_constituent, quantitat)  VALUES  ('A-12000058','2050','9923','563');
INSERT INTO residu_constituent (nif_empresa, cod_residu, cod_constituent, quantitat)  VALUES  ('A-12000079','2050','9923','56');
INSERT INTO residu_constituent (nif_empresa, cod_residu, cod_constituent, quantitat)  VALUES  ('A-12000099','2050','9923','47');
INSERT INTO residu_constituent (nif_empresa, cod_residu, cod_constituent, quantitat)  VALUES  ('A-12000121','2050','9923','2');
INSERT INTO residu_constituent (nif_empresa, cod_residu, cod_constituent, quantitat)  VALUES  ('A-12000139','2050','9923','4');
INSERT INTO residu_constituent (nif_empresa, cod_residu, cod_constituent, quantitat)  VALUES  ('A-12000157','2050','9923','43');
INSERT INTO residu_constituent (nif_empresa, cod_residu, cod_constituent, quantitat)  VALUES  ('A-12000177','2050','9923','13');
INSERT INTO residu_constituent (nif_empresa, cod_residu, cod_constituent, quantitat)  VALUES  ('A-12000195','2050','9923','212');
INSERT INTO residu_constituent (nif_empresa, cod_residu, cod_constituent, quantitat)  VALUES  ('A-12000213','2050','9923','643');
INSERT INTO residu_constituent (nif_empresa, cod_residu, cod_constituent, quantitat)  VALUES  ('A-12000231','2050','9923','76');
INSERT INTO residu_constituent (nif_empresa, cod_residu, cod_constituent, quantitat)  VALUES  ('A-12000249','2050','9923','856');
INSERT INTO residu_constituent (nif_empresa, cod_residu, cod_constituent, quantitat)  VALUES  ('A-12000268','2050','9923','235');
INSERT INTO residu_constituent (nif_empresa, cod_residu, cod_constituent, quantitat)  VALUES  ('A-12000287','2050','9923','74');
INSERT INTO residu_constituent (nif_empresa, cod_residu, cod_constituent, quantitat)  VALUES  ('A-12000305','2050','9923','564');
INSERT INTO residu_constituent (nif_empresa, cod_residu, cod_constituent, quantitat)  VALUES  ('A-12000323','2050','9923','74');
INSERT INTO residu_constituent (nif_empresa, cod_residu, cod_constituent, quantitat)  VALUES  ('A-12000342','2050','9923','23');
INSERT INTO residu_constituent (nif_empresa, cod_residu, cod_constituent, quantitat)  VALUES  ('A-12000360','2050','9923','74');
INSERT INTO residu_constituent (nif_empresa, cod_residu, cod_constituent, quantitat)  VALUES  ('A-12000378','2050','9923','23');
INSERT INTO residu_constituent (nif_empresa, cod_residu, cod_constituent, quantitat)  VALUES  ('A-12000396','2050','9923','3');
INSERT INTO residu_constituent (nif_empresa, cod_residu, cod_constituent, quantitat)  VALUES  ('A-12000414','2050','9923','3');
INSERT INTO residu_constituent (nif_empresa, cod_residu, cod_constituent, quantitat)  VALUES  ('A-12000432','2050','9923','32');
INSERT INTO residu_constituent (nif_empresa, cod_residu, cod_constituent, quantitat)  VALUES  ('A-12000450','2050','9923','352');
INSERT INTO residu_constituent (nif_empresa, cod_residu, cod_constituent, quantitat)  VALUES  ('A-12000468','2050','9923','12');
INSERT INTO residu_constituent (nif_empresa, cod_residu, cod_constituent, quantitat)  VALUES  ('A-12000486','2050','9923','13');
INSERT INTO residu_constituent (nif_empresa, cod_residu, cod_constituent, quantitat)  VALUES  ('A-12000504','2050','9923','25');
INSERT INTO residu_constituent (nif_empresa, cod_residu, cod_constituent, quantitat)  VALUES  ('A-12000522','2050','9923','36');
INSERT INTO residu_constituent (nif_empresa, cod_residu, cod_constituent, quantitat)  VALUES  ('A-12000540','2050','9923','45');
INSERT INTO residu_constituent (nif_empresa, cod_residu, cod_constituent, quantitat)  VALUES  ('A-12000032','4001','9924','50');
INSERT INTO residu_constituent (nif_empresa, cod_residu, cod_constituent, quantitat)  VALUES  ('A-12000051','4001','9924','101');
INSERT INTO residu_constituent (nif_empresa, cod_residu, cod_constituent, quantitat)  VALUES  ('A-12000071','4001','9924','110');
INSERT INTO residu_constituent (nif_empresa, cod_residu, cod_constituent, quantitat)  VALUES  ('A-12000091','4001','9924','110');
INSERT INTO residu_constituent (nif_empresa, cod_residu, cod_constituent, quantitat)  VALUES  ('A-12000113','4001','9924','111');
INSERT INTO residu_constituent (nif_empresa, cod_residu, cod_constituent, quantitat)  VALUES  ('A-12000132','4001','9924','101');
INSERT INTO residu_constituent (nif_empresa, cod_residu, cod_constituent, quantitat)  VALUES  ('A-12000150','4001','9924','110');
INSERT INTO residu_constituent (nif_empresa, cod_residu, cod_constituent, quantitat)  VALUES  ('A-12000170','4001','9924','101');
INSERT INTO residu_constituent (nif_empresa, cod_residu, cod_constituent, quantitat)  VALUES  ('A-12000188','4001','9924','100');
INSERT INTO residu_constituent (nif_empresa, cod_residu, cod_constituent, quantitat)  VALUES  ('A-12000206','4001','9924','98');
INSERT INTO residu_constituent (nif_empresa, cod_residu, cod_constituent, quantitat)  VALUES  ('A-12000224','4001','9924','189');
INSERT INTO residu_constituent (nif_empresa, cod_residu, cod_constituent, quantitat)  VALUES  ('A-12000242','4001','9924','190');
INSERT INTO residu_constituent (nif_empresa, cod_residu, cod_constituent, quantitat)  VALUES  ('A-12000260','4001','9924','197');
INSERT INTO residu_constituent (nif_empresa, cod_residu, cod_constituent, quantitat)  VALUES  ('A-12000279','4001','9924','216');
INSERT INTO residu_constituent (nif_empresa, cod_residu, cod_constituent, quantitat)  VALUES  ('A-12000298','4001','9924','235');
INSERT INTO residu_constituent (nif_empresa, cod_residu, cod_constituent, quantitat)  VALUES  ('A-12000316','4001','9924','254');
INSERT INTO residu_constituent (nif_empresa, cod_residu, cod_constituent, quantitat)  VALUES  ('A-12000335','4001','9924','273');
INSERT INTO residu_constituent (nif_empresa, cod_residu, cod_constituent, quantitat)  VALUES  ('A-12000353','4001','9924','292');
INSERT INTO residu_constituent (nif_empresa, cod_residu, cod_constituent, quantitat)  VALUES  ('A-12000371','4001','9924','311');
INSERT INTO residu_constituent (nif_empresa, cod_residu, cod_constituent, quantitat)  VALUES  ('A-12000389','4001','9924','330');
INSERT INTO residu_constituent (nif_empresa, cod_residu, cod_constituent, quantitat)  VALUES  ('A-12000407','4001','9924','348');
INSERT INTO residu_constituent (nif_empresa, cod_residu, cod_constituent, quantitat)  VALUES  ('A-12000425','4001','9924','367');
INSERT INTO residu_constituent (nif_empresa, cod_residu, cod_constituent, quantitat)  VALUES  ('A-12000443','4001','9924','386');
INSERT INTO residu_constituent (nif_empresa, cod_residu, cod_constituent, quantitat)  VALUES  ('A-12000461','4001','9924','406');
INSERT INTO residu_constituent (nif_empresa, cod_residu, cod_constituent, quantitat)  VALUES  ('A-12000479','4001','9924','424');
INSERT INTO residu_constituent (nif_empresa, cod_residu, cod_constituent, quantitat)  VALUES  ('A-12000497','4001','9924','443');
INSERT INTO residu_constituent (nif_empresa, cod_residu, cod_constituent, quantitat)  VALUES  ('A-12000515','4001','9924','45');
INSERT INTO residu_constituent (nif_empresa, cod_residu, cod_constituent, quantitat)  VALUES  ('A-12000533','4001','9924','64');
INSERT INTO residu_constituent (nif_empresa, cod_residu, cod_constituent, quantitat)  VALUES  ('A-12000551','4001','9924','127');
INSERT INTO residu_constituent (nif_empresa, cod_residu, cod_constituent, quantitat)  VALUES  ('A-12000030','4025','9926','86');
INSERT INTO residu_constituent (nif_empresa, cod_residu, cod_constituent, quantitat)  VALUES  ('A-12000049','4025','9926','46');
INSERT INTO residu_constituent (nif_empresa, cod_residu, cod_constituent, quantitat)  VALUES  ('A-12000069','4025','9926','5');
INSERT INTO residu_constituent (nif_empresa, cod_residu, cod_constituent, quantitat)  VALUES  ('A-12000089','4025','9926','35');
INSERT INTO residu_constituent (nif_empresa, cod_residu, cod_constituent, quantitat)  VALUES  ('A-12000109','4025','9926','75');
INSERT INTO residu_constituent (nif_empresa, cod_residu, cod_constituent, quantitat)  VALUES  ('A-12000130','4025','9926','116');
INSERT INTO residu_constituent (nif_empresa, cod_residu, cod_constituent, quantitat)  VALUES  ('A-12000148','4025','9926','157');
INSERT INTO residu_constituent (nif_empresa, cod_residu, cod_constituent, quantitat)  VALUES  ('A-12000167','4025','9926','198');
INSERT INTO residu_constituent (nif_empresa, cod_residu, cod_constituent, quantitat)  VALUES  ('A-12000186','4025','9926','283');
INSERT INTO residu_constituent (nif_empresa, cod_residu, cod_constituent, quantitat)  VALUES  ('A-12000204','4025','9926','279');
INSERT INTO residu_constituent (nif_empresa, cod_residu, cod_constituent, quantitat)  VALUES  ('A-12000222','4025','9926','320');
INSERT INTO residu_constituent (nif_empresa, cod_residu, cod_constituent, quantitat)  VALUES  ('A-12000240','4025','9926','360');
INSERT INTO residu_constituent (nif_empresa, cod_residu, cod_constituent, quantitat)  VALUES  ('A-12000258','4025','9926','401');
INSERT INTO residu_constituent (nif_empresa, cod_residu, cod_constituent, quantitat)  VALUES  ('A-12000277','4025','9926','224');
INSERT INTO residu_constituent (nif_empresa, cod_residu, cod_constituent, quantitat)  VALUES  ('A-12000296','4025','9926','423');
INSERT INTO residu_constituent (nif_empresa, cod_residu, cod_constituent, quantitat)  VALUES  ('A-12000314','4025','9926','2425');
INSERT INTO residu_constituent (nif_empresa, cod_residu, cod_constituent, quantitat)  VALUES  ('A-12000333','4025','9926','532');
INSERT INTO residu_constituent (nif_empresa, cod_residu, cod_constituent, quantitat)  VALUES  ('A-12000351','4025','9926','35');
INSERT INTO residu_constituent (nif_empresa, cod_residu, cod_constituent, quantitat)  VALUES  ('A-12000369','4025','9926','2432');
INSERT INTO residu_constituent (nif_empresa, cod_residu, cod_constituent, quantitat)  VALUES  ('A-12000387','4025','9926','234');
INSERT INTO residu_constituent (nif_empresa, cod_residu, cod_constituent, quantitat)  VALUES  ('A-12000405','4025','9926','43');
INSERT INTO residu_constituent (nif_empresa, cod_residu, cod_constituent, quantitat)  VALUES  ('A-12000423','4025','9926','646');
INSERT INTO residu_constituent (nif_empresa, cod_residu, cod_constituent, quantitat)  VALUES  ('A-12000441','4025','9926','243');
INSERT INTO residu_constituent (nif_empresa, cod_residu, cod_constituent, quantitat)  VALUES  ('A-12000459','4025','9926','53');
INSERT INTO residu_constituent (nif_empresa, cod_residu, cod_constituent, quantitat)  VALUES  ('A-12000477','4025','9926','645');
INSERT INTO residu_constituent (nif_empresa, cod_residu, cod_constituent, quantitat)  VALUES  ('A-12000495','4025','9926','23');
INSERT INTO residu_constituent (nif_empresa, cod_residu, cod_constituent, quantitat)  VALUES  ('A-12000513','4025','9926','543');
INSERT INTO residu_constituent (nif_empresa, cod_residu, cod_constituent, quantitat)  VALUES  ('A-12000531','4025','9926','656');
INSERT INTO residu_constituent (nif_empresa, cod_residu, cod_constituent, quantitat)  VALUES  ('A-12000549','4025','9926','243');
INSERT INTO residu_constituent (nif_empresa, cod_residu, cod_constituent, quantitat)  VALUES  ('A-12000029','4108','9923','233');
INSERT INTO residu_constituent (nif_empresa, cod_residu, cod_constituent, quantitat)  VALUES  ('A-12000048','4108','9923','345');
INSERT INTO residu_constituent (nif_empresa, cod_residu, cod_constituent, quantitat)  VALUES  ('A-12000068','4108','9923','53');
INSERT INTO residu_constituent (nif_empresa, cod_residu, cod_constituent, quantitat)  VALUES  ('A-12000088','4108','9923','654');
INSERT INTO residu_constituent (nif_empresa, cod_residu, cod_constituent, quantitat)  VALUES  ('A-12000108','4108','9923','234');
INSERT INTO residu_constituent (nif_empresa, cod_residu, cod_constituent, quantitat)  VALUES  ('A-12000129','4108','9923','543');
INSERT INTO residu_constituent (nif_empresa, cod_residu, cod_constituent, quantitat)  VALUES  ('A-12000147','4108','9923','346');
INSERT INTO residu_constituent (nif_empresa, cod_residu, cod_constituent, quantitat)  VALUES  ('A-12000166','4108','9923','24');
INSERT INTO residu_constituent (nif_empresa, cod_residu, cod_constituent, quantitat)  VALUES  ('A-12000185','4108','9923','536');
INSERT INTO residu_constituent (nif_empresa, cod_residu, cod_constituent, quantitat)  VALUES  ('A-12000203','4108','9923','456');
INSERT INTO residu_constituent (nif_empresa, cod_residu, cod_constituent, quantitat)  VALUES  ('A-12000221','4108','9923','23');
INSERT INTO residu_constituent (nif_empresa, cod_residu, cod_constituent, quantitat)  VALUES  ('A-12000239','4108','9923','345');
INSERT INTO residu_constituent (nif_empresa, cod_residu, cod_constituent, quantitat)  VALUES  ('A-12000257','4108','9923','63');
INSERT INTO residu_constituent (nif_empresa, cod_residu, cod_constituent, quantitat)  VALUES  ('A-12000276','4108','9923','12');
INSERT INTO residu_constituent (nif_empresa, cod_residu, cod_constituent, quantitat)  VALUES  ('A-12000295','4108','9923','32');
INSERT INTO residu_constituent (nif_empresa, cod_residu, cod_constituent, quantitat)  VALUES  ('A-12000313','4108','9923','354');
INSERT INTO residu_constituent (nif_empresa, cod_residu, cod_constituent, quantitat)  VALUES  ('A-12000332','4108','9923','345');
INSERT INTO residu_constituent (nif_empresa, cod_residu, cod_constituent, quantitat)  VALUES  ('A-12000350','4108','9923','346');
INSERT INTO residu_constituent (nif_empresa, cod_residu, cod_constituent, quantitat)  VALUES  ('A-12000368','4108','9923','232');
INSERT INTO residu_constituent (nif_empresa, cod_residu, cod_constituent, quantitat)  VALUES  ('A-12000386','4108','9923','765');
INSERT INTO residu_constituent (nif_empresa, cod_residu, cod_constituent, quantitat)  VALUES  ('A-12000404','4108','9923','86');
INSERT INTO residu_constituent (nif_empresa, cod_residu, cod_constituent, quantitat)  VALUES  ('A-12000422','4108','9923','354');
INSERT INTO residu_constituent (nif_empresa, cod_residu, cod_constituent, quantitat)  VALUES  ('A-12000440','4108','9923','23');
INSERT INTO residu_constituent (nif_empresa, cod_residu, cod_constituent, quantitat)  VALUES  ('A-12000458','4108','9923','64');
INSERT INTO residu_constituent (nif_empresa, cod_residu, cod_constituent, quantitat)  VALUES  ('A-12000476','4108','9923','756');
INSERT INTO residu_constituent (nif_empresa, cod_residu, cod_constituent, quantitat)  VALUES  ('A-12000494','4108','9923','345');
INSERT INTO residu_constituent (nif_empresa, cod_residu, cod_constituent, quantitat)  VALUES  ('A-12000512','4108','9923','53');
INSERT INTO residu_constituent (nif_empresa, cod_residu, cod_constituent, quantitat)  VALUES  ('A-12000530','4108','9923','654');
INSERT INTO residu_constituent (nif_empresa, cod_residu, cod_constituent, quantitat)  VALUES  ('A-12000548','4108','9923','234');
INSERT INTO residu_constituent (nif_empresa, cod_residu, cod_constituent, quantitat)  VALUES  ('A-12000023','5001','9930','543');
INSERT INTO residu_constituent (nif_empresa, cod_residu, cod_constituent, quantitat)  VALUES  ('A-12000041','5001','9930','346');
INSERT INTO residu_constituent (nif_empresa, cod_residu, cod_constituent, quantitat)  VALUES  ('A-12000060','5001','9930','24');
INSERT INTO residu_constituent (nif_empresa, cod_residu, cod_constituent, quantitat)  VALUES  ('A-12000081','5001','9930','536');
INSERT INTO residu_constituent (nif_empresa, cod_residu, cod_constituent, quantitat)  VALUES  ('A-12000102','5001','9930','456');
INSERT INTO residu_constituent (nif_empresa, cod_residu, cod_constituent, quantitat)  VALUES  ('A-12000123','5001','9930','23');
INSERT INTO residu_constituent (nif_empresa, cod_residu, cod_constituent, quantitat)  VALUES  ('A-12000141','5001','9930','345');
INSERT INTO residu_constituent (nif_empresa, cod_residu, cod_constituent, quantitat)  VALUES  ('A-12000159','5001','9930','63');
INSERT INTO residu_constituent (nif_empresa, cod_residu, cod_constituent, quantitat)  VALUES  ('A-12000179','5001','9930','12');
INSERT INTO residu_constituent (nif_empresa, cod_residu, cod_constituent, quantitat)  VALUES  ('A-12000197','5001','9930','32');
INSERT INTO residu_constituent (nif_empresa, cod_residu, cod_constituent, quantitat)  VALUES  ('A-12000215','5001','9930','354');
INSERT INTO residu_constituent (nif_empresa, cod_residu, cod_constituent, quantitat)  VALUES  ('A-12000233','5001','9930','345');
INSERT INTO residu_constituent (nif_empresa, cod_residu, cod_constituent, quantitat)  VALUES  ('A-12000251','5001','9930','346');
INSERT INTO residu_constituent (nif_empresa, cod_residu, cod_constituent, quantitat)  VALUES  ('A-12000270','5001','9930','232');
INSERT INTO residu_constituent (nif_empresa, cod_residu, cod_constituent, quantitat)  VALUES  ('A-12000289','5001','9930','765');
INSERT INTO residu_constituent (nif_empresa, cod_residu, cod_constituent, quantitat)  VALUES  ('A-12000307','5001','9930','86');
INSERT INTO residu_constituent (nif_empresa, cod_residu, cod_constituent, quantitat)  VALUES  ('A-12000325','5001','9930','354');
INSERT INTO residu_constituent (nif_empresa, cod_residu, cod_constituent, quantitat)  VALUES  ('A-12000344','5001','9930','23');
INSERT INTO residu_constituent (nif_empresa, cod_residu, cod_constituent, quantitat)  VALUES  ('A-12000362','5001','9930','64');
INSERT INTO residu_constituent (nif_empresa, cod_residu, cod_constituent, quantitat)  VALUES  ('A-12000380','5001','9930','756');
INSERT INTO residu_constituent (nif_empresa, cod_residu, cod_constituent, quantitat)  VALUES  ('A-12000398','5001','9930','345');
INSERT INTO residu_constituent (nif_empresa, cod_residu, cod_constituent, quantitat)  VALUES  ('A-12000416','5001','9930','53');
INSERT INTO residu_constituent (nif_empresa, cod_residu, cod_constituent, quantitat)  VALUES  ('A-12000434','5001','9930','654');
INSERT INTO residu_constituent (nif_empresa, cod_residu, cod_constituent, quantitat)  VALUES  ('A-12000452','5001','9930','234');
INSERT INTO residu_constituent (nif_empresa, cod_residu, cod_constituent, quantitat)  VALUES  ('A-12000470','5001','9930','543');
INSERT INTO residu_constituent (nif_empresa, cod_residu, cod_constituent, quantitat)  VALUES  ('A-12000488','5001','9930','346');
INSERT INTO residu_constituent (nif_empresa, cod_residu, cod_constituent, quantitat)  VALUES  ('A-12000506','5001','9930','24');
INSERT INTO residu_constituent (nif_empresa, cod_residu, cod_constituent, quantitat)  VALUES  ('A-12000524','5001','9930','536');
INSERT INTO residu_constituent (nif_empresa, cod_residu, cod_constituent, quantitat)  VALUES  ('A-12000542','5001','9930','456');
INSERT INTO residu_constituent (nif_empresa, cod_residu, cod_constituent, quantitat)  VALUES  ('A-12000036','5050','993','23');
INSERT INTO residu_constituent (nif_empresa, cod_residu, cod_constituent, quantitat)  VALUES  ('A-12000055','5050','993','345');
INSERT INTO residu_constituent (nif_empresa, cod_residu, cod_constituent, quantitat)  VALUES  ('A-12000075','5050','993','63');
INSERT INTO residu_constituent (nif_empresa, cod_residu, cod_constituent, quantitat)  VALUES  ('A-12000096','5050','993','12');
INSERT INTO residu_constituent (nif_empresa, cod_residu, cod_constituent, quantitat)  VALUES  ('A-12000117','5050','993','32');
INSERT INTO residu_constituent (nif_empresa, cod_residu, cod_constituent, quantitat)  VALUES  ('A-12000136','5050','993','354');
INSERT INTO residu_constituent (nif_empresa, cod_residu, cod_constituent, quantitat)  VALUES  ('A-12000154','5050','993','345');
INSERT INTO residu_constituent (nif_empresa, cod_residu, cod_constituent, quantitat)  VALUES  ('A-12000174','5050','993','346');
INSERT INTO residu_constituent (nif_empresa, cod_residu, cod_constituent, quantitat)  VALUES  ('A-12000192','5050','993','232');
INSERT INTO residu_constituent (nif_empresa, cod_residu, cod_constituent, quantitat)  VALUES  ('A-12000210','5050','993','765');
INSERT INTO residu_constituent (nif_empresa, cod_residu, cod_constituent, quantitat)  VALUES  ('A-12000228','5050','993','86');
INSERT INTO residu_constituent (nif_empresa, cod_residu, cod_constituent, quantitat)  VALUES  ('A-12000246','5050','993','354');
INSERT INTO residu_constituent (nif_empresa, cod_residu, cod_constituent, quantitat)  VALUES  ('A-12000265','5050','993','23');
INSERT INTO residu_constituent (nif_empresa, cod_residu, cod_constituent, quantitat)  VALUES  ('A-12000284','5050','993','64');
INSERT INTO residu_constituent (nif_empresa, cod_residu, cod_constituent, quantitat)  VALUES  ('A-12000302','5050','993','756');
INSERT INTO residu_constituent (nif_empresa, cod_residu, cod_constituent, quantitat)  VALUES  ('A-12000320','5050','993','345');
INSERT INTO residu_constituent (nif_empresa, cod_residu, cod_constituent, quantitat)  VALUES  ('A-12000339','5050','993','53');
INSERT INTO residu_constituent (nif_empresa, cod_residu, cod_constituent, quantitat)  VALUES  ('A-12000357','5050','993','654');
INSERT INTO residu_constituent (nif_empresa, cod_residu, cod_constituent, quantitat)  VALUES  ('A-12000375','5050','993','234');
INSERT INTO residu_constituent (nif_empresa, cod_residu, cod_constituent, quantitat)  VALUES  ('A-12000393','5050','993','543');
INSERT INTO residu_constituent (nif_empresa, cod_residu, cod_constituent, quantitat)  VALUES  ('A-12000411','5050','993','346');
INSERT INTO residu_constituent (nif_empresa, cod_residu, cod_constituent, quantitat)  VALUES  ('A-12000429','5050','993','24');
INSERT INTO residu_constituent (nif_empresa, cod_residu, cod_constituent, quantitat)  VALUES  ('A-12000447','5050','993','536');
INSERT INTO residu_constituent (nif_empresa, cod_residu, cod_constituent, quantitat)  VALUES  ('A-12000465','5050','993','456');
INSERT INTO residu_constituent (nif_empresa, cod_residu, cod_constituent, quantitat)  VALUES  ('A-12000483','5050','993','23');
INSERT INTO residu_constituent (nif_empresa, cod_residu, cod_constituent, quantitat)  VALUES  ('A-12000501','5050','993','345');
INSERT INTO residu_constituent (nif_empresa, cod_residu, cod_constituent, quantitat)  VALUES  ('A-12000519','5050','993','63');
INSERT INTO residu_constituent (nif_empresa, cod_residu, cod_constituent, quantitat)  VALUES  ('A-12000537','5050','993','12');
INSERT INTO residu_constituent (nif_empresa, cod_residu, cod_constituent, quantitat)  VALUES  ('A-12000026','5038','9923','32');
INSERT INTO residu_constituent (nif_empresa, cod_residu, cod_constituent, quantitat)  VALUES  ('A-12000044','5038','9923','354');
INSERT INTO residu_constituent (nif_empresa, cod_residu, cod_constituent, quantitat)  VALUES  ('A-12000065','5038','9923','345');
INSERT INTO residu_constituent (nif_empresa, cod_residu, cod_constituent, quantitat)  VALUES  ('A-12000084','5038','9923','346');
INSERT INTO residu_constituent (nif_empresa, cod_residu, cod_constituent, quantitat)  VALUES  ('A-12000105','5038','9923','232');
INSERT INTO residu_constituent (nif_empresa, cod_residu, cod_constituent, quantitat)  VALUES  ('A-12000126','5038','9923','765');
INSERT INTO residu_constituent (nif_empresa, cod_residu, cod_constituent, quantitat)  VALUES  ('A-12000144','5038','9923','86');
INSERT INTO residu_constituent (nif_empresa, cod_residu, cod_constituent, quantitat)  VALUES  ('A-12000163','5038','9923','354');
INSERT INTO residu_constituent (nif_empresa, cod_residu, cod_constituent, quantitat)  VALUES  ('A-12000182','5038','9923','23');
INSERT INTO residu_constituent (nif_empresa, cod_residu, cod_constituent, quantitat)  VALUES  ('A-12000200','5038','9923','64');
INSERT INTO residu_constituent (nif_empresa, cod_residu, cod_constituent, quantitat)  VALUES  ('A-12000218','5038','9923','756');
INSERT INTO residu_constituent (nif_empresa, cod_residu, cod_constituent, quantitat)  VALUES  ('A-12000236','5038','9923','345');
INSERT INTO residu_constituent (nif_empresa, cod_residu, cod_constituent, quantitat)  VALUES  ('A-12000254','5038','9923','53');
INSERT INTO residu_constituent (nif_empresa, cod_residu, cod_constituent, quantitat)  VALUES  ('A-12000273','5038','9923','654');
INSERT INTO residu_constituent (nif_empresa, cod_residu, cod_constituent, quantitat)  VALUES  ('A-12000292','5038','9923','234');
INSERT INTO residu_constituent (nif_empresa, cod_residu, cod_constituent, quantitat)  VALUES  ('A-12000310','5038','9923','543');
INSERT INTO residu_constituent (nif_empresa, cod_residu, cod_constituent, quantitat)  VALUES  ('A-12000329','5038','9923','346');
INSERT INTO residu_constituent (nif_empresa, cod_residu, cod_constituent, quantitat)  VALUES  ('A-12000347','5038','9923','24');
INSERT INTO residu_constituent (nif_empresa, cod_residu, cod_constituent, quantitat)  VALUES  ('A-12000365','5038','9923','536');
INSERT INTO residu_constituent (nif_empresa, cod_residu, cod_constituent, quantitat)  VALUES  ('A-12000383','5038','9923','456');
INSERT INTO residu_constituent (nif_empresa, cod_residu, cod_constituent, quantitat)  VALUES  ('A-12000401','5038','9923','23');
INSERT INTO residu_constituent (nif_empresa, cod_residu, cod_constituent, quantitat)  VALUES  ('A-12000419','5038','9923','345');
INSERT INTO residu_constituent (nif_empresa, cod_residu, cod_constituent, quantitat)  VALUES  ('A-12000437','5038','9923','63');
INSERT INTO residu_constituent (nif_empresa, cod_residu, cod_constituent, quantitat)  VALUES  ('A-12000455','5038','9923','12');
INSERT INTO residu_constituent (nif_empresa, cod_residu, cod_constituent, quantitat)  VALUES  ('A-12000473','5038','9923','32');
INSERT INTO residu_constituent (nif_empresa, cod_residu, cod_constituent, quantitat)  VALUES  ('A-12000491','5038','9923','354');
INSERT INTO residu_constituent (nif_empresa, cod_residu, cod_constituent, quantitat)  VALUES  ('A-12000509','5038','9923','345');
INSERT INTO residu_constituent (nif_empresa, cod_residu, cod_constituent, quantitat)  VALUES  ('A-12000527','5038','9923','346');
INSERT INTO residu_constituent (nif_empresa, cod_residu, cod_constituent, quantitat)  VALUES  ('A-12000545','5038','9923','232');
INSERT INTO residu_constituent (nif_empresa, cod_residu, cod_constituent, quantitat)  VALUES  ('A-12000053','5550','9931','765');
INSERT INTO residu_constituent (nif_empresa, cod_residu, cod_constituent, quantitat)  VALUES  ('A-12000034','5550','9931','86');
INSERT INTO residu_constituent (nif_empresa, cod_residu, cod_constituent, quantitat)  VALUES  ('A-12000073','5550','9931','354');
INSERT INTO residu_constituent (nif_empresa, cod_residu, cod_constituent, quantitat)  VALUES  ('A-12000094','5550','9931','23');
INSERT INTO residu_constituent (nif_empresa, cod_residu, cod_constituent, quantitat)  VALUES  ('A-12000115','5550','9931','64');
INSERT INTO residu_constituent (nif_empresa, cod_residu, cod_constituent, quantitat)  VALUES  ('A-12000134','5550','9931','756');
INSERT INTO residu_constituent (nif_empresa, cod_residu, cod_constituent, quantitat)  VALUES  ('A-12000152','5550','9931','345');
INSERT INTO residu_constituent (nif_empresa, cod_residu, cod_constituent, quantitat)  VALUES  ('A-12000172','5550','9931','53');
INSERT INTO residu_constituent (nif_empresa, cod_residu, cod_constituent, quantitat)  VALUES  ('A-12000190','5550','9931','654');
INSERT INTO residu_constituent (nif_empresa, cod_residu, cod_constituent, quantitat)  VALUES  ('A-12000208','5550','9931','234');
INSERT INTO residu_constituent (nif_empresa, cod_residu, cod_constituent, quantitat)  VALUES  ('A-12000226','5550','9931','543');
INSERT INTO residu_constituent (nif_empresa, cod_residu, cod_constituent, quantitat)  VALUES  ('A-12000244','5550','9931','346');
INSERT INTO residu_constituent (nif_empresa, cod_residu, cod_constituent, quantitat)  VALUES  ('A-12000263','5550','9931','24');
INSERT INTO residu_constituent (nif_empresa, cod_residu, cod_constituent, quantitat)  VALUES  ('A-12000282','5550','9931','536');
INSERT INTO residu_constituent (nif_empresa, cod_residu, cod_constituent, quantitat)  VALUES  ('A-12000300','5550','9931','456');
INSERT INTO residu_constituent (nif_empresa, cod_residu, cod_constituent, quantitat)  VALUES  ('A-12000318','5550','9931','23');
INSERT INTO residu_constituent (nif_empresa, cod_residu, cod_constituent, quantitat)  VALUES  ('A-12000337','5550','9931','345');
INSERT INTO residu_constituent (nif_empresa, cod_residu, cod_constituent, quantitat)  VALUES  ('A-12000355','5550','9931','63');
INSERT INTO residu_constituent (nif_empresa, cod_residu, cod_constituent, quantitat)  VALUES  ('A-12000373','5550','9931','12');
INSERT INTO residu_constituent (nif_empresa, cod_residu, cod_constituent, quantitat)  VALUES  ('A-12000391','5550','9931','32');
INSERT INTO residu_constituent (nif_empresa, cod_residu, cod_constituent, quantitat)  VALUES  ('A-12000409','5550','9931','354');
INSERT INTO residu_constituent (nif_empresa, cod_residu, cod_constituent, quantitat)  VALUES  ('A-12000427','5550','9931','345');
INSERT INTO residu_constituent (nif_empresa, cod_residu, cod_constituent, quantitat)  VALUES  ('A-12000445','5550','9931','346');
INSERT INTO residu_constituent (nif_empresa, cod_residu, cod_constituent, quantitat)  VALUES  ('A-12000463','5550','9931','232');
INSERT INTO residu_constituent (nif_empresa, cod_residu, cod_constituent, quantitat)  VALUES  ('A-12000481','5550','9931','765');
INSERT INTO residu_constituent (nif_empresa, cod_residu, cod_constituent, quantitat)  VALUES  ('A-12000499','5550','9931','86');
INSERT INTO residu_constituent (nif_empresa, cod_residu, cod_constituent, quantitat)  VALUES  ('A-12000517','5550','9931','354');
INSERT INTO residu_constituent (nif_empresa, cod_residu, cod_constituent, quantitat)  VALUES  ('A-12000535','5550','9931','23');
INSERT INTO residu_constituent (nif_empresa, cod_residu, cod_constituent, quantitat)  VALUES  ('A-12000553','5550','9931','64');
INSERT INTO residu_constituent (nif_empresa, cod_residu, cod_constituent, quantitat)  VALUES  ('A-12000022','8078','9930','756');
INSERT INTO residu_constituent (nif_empresa, cod_residu, cod_constituent, quantitat)  VALUES  ('A-12000040','8078','9930','345');
INSERT INTO residu_constituent (nif_empresa, cod_residu, cod_constituent, quantitat)  VALUES  ('A-12000059','8078','9930','53');
INSERT INTO residu_constituent (nif_empresa, cod_residu, cod_constituent, quantitat)  VALUES  ('A-12000080','8078','9930','654');
INSERT INTO residu_constituent (nif_empresa, cod_residu, cod_constituent, quantitat)  VALUES  ('A-12000101','8078','9930','234');
INSERT INTO residu_constituent (nif_empresa, cod_residu, cod_constituent, quantitat)  VALUES  ('A-12000122','8078','9930','543');
INSERT INTO residu_constituent (nif_empresa, cod_residu, cod_constituent, quantitat)  VALUES  ('A-12000140','8078','9930','346');
INSERT INTO residu_constituent (nif_empresa, cod_residu, cod_constituent, quantitat)  VALUES  ('A-12000158','8078','9930','24');
INSERT INTO residu_constituent (nif_empresa, cod_residu, cod_constituent, quantitat)  VALUES  ('A-12000178','8078','9930','536');
INSERT INTO residu_constituent (nif_empresa, cod_residu, cod_constituent, quantitat)  VALUES  ('A-12000196','8078','9930','456');
INSERT INTO residu_constituent (nif_empresa, cod_residu, cod_constituent, quantitat)  VALUES  ('A-12000214','8078','9930','23');
INSERT INTO residu_constituent (nif_empresa, cod_residu, cod_constituent, quantitat)  VALUES  ('A-12000232','8078','9930','345');
INSERT INTO residu_constituent (nif_empresa, cod_residu, cod_constituent, quantitat)  VALUES  ('A-12000250','8078','9930','63');
INSERT INTO residu_constituent (nif_empresa, cod_residu, cod_constituent, quantitat)  VALUES  ('A-12000269','8078','9930','12');
INSERT INTO residu_constituent (nif_empresa, cod_residu, cod_constituent, quantitat)  VALUES  ('A-12000288','8078','9930','32');
INSERT INTO residu_constituent (nif_empresa, cod_residu, cod_constituent, quantitat)  VALUES  ('A-12000306','8078','9930','354');
INSERT INTO residu_constituent (nif_empresa, cod_residu, cod_constituent, quantitat)  VALUES  ('A-12000324','8078','9930','345');
INSERT INTO residu_constituent (nif_empresa, cod_residu, cod_constituent, quantitat)  VALUES  ('A-12000343','8078','9930','346');
INSERT INTO residu_constituent (nif_empresa, cod_residu, cod_constituent, quantitat)  VALUES  ('A-12000361','8078','9930','232');
INSERT INTO residu_constituent (nif_empresa, cod_residu, cod_constituent, quantitat)  VALUES  ('A-12000379','8078','9930','765');
INSERT INTO residu_constituent (nif_empresa, cod_residu, cod_constituent, quantitat)  VALUES  ('A-12000397','8078','9930','86');
INSERT INTO residu_constituent (nif_empresa, cod_residu, cod_constituent, quantitat)  VALUES  ('A-12000415','8078','9930','354');
INSERT INTO residu_constituent (nif_empresa, cod_residu, cod_constituent, quantitat)  VALUES  ('A-12000433','8078','9930','23');
INSERT INTO residu_constituent (nif_empresa, cod_residu, cod_constituent, quantitat)  VALUES  ('A-12000451','8078','9930','64');
INSERT INTO residu_constituent (nif_empresa, cod_residu, cod_constituent, quantitat)  VALUES  ('A-12000469','8078','9930','756');
INSERT INTO residu_constituent (nif_empresa, cod_residu, cod_constituent, quantitat)  VALUES  ('A-12000487','8078','9930','345');
INSERT INTO residu_constituent (nif_empresa, cod_residu, cod_constituent, quantitat)  VALUES  ('A-12000505','8078','9930','53');
INSERT INTO residu_constituent (nif_empresa, cod_residu, cod_constituent, quantitat)  VALUES  ('A-12000523','8078','9930','654');
INSERT INTO residu_constituent (nif_empresa, cod_residu, cod_constituent, quantitat)  VALUES  ('A-12000541','8078','9930','234');
INSERT INTO residu_constituent (nif_empresa, cod_residu, cod_constituent, quantitat)  VALUES  ('A-12000027','8889','9932','543');
INSERT INTO residu_constituent (nif_empresa, cod_residu, cod_constituent, quantitat)  VALUES  ('A-12000046','8889','9932','346');
INSERT INTO residu_constituent (nif_empresa, cod_residu, cod_constituent, quantitat)  VALUES  ('A-12000066','8889','9932','24');
INSERT INTO residu_constituent (nif_empresa, cod_residu, cod_constituent, quantitat)  VALUES  ('A-12000086','8889','9932','536');
INSERT INTO residu_constituent (nif_empresa, cod_residu, cod_constituent, quantitat)  VALUES  ('A-12000106','8889','9932','456');
INSERT INTO residu_constituent (nif_empresa, cod_residu, cod_constituent, quantitat)  VALUES  ('A-12000127','8889','9932','23');
INSERT INTO residu_constituent (nif_empresa, cod_residu, cod_constituent, quantitat)  VALUES  ('A-12000145','8889','9932','345');
INSERT INTO residu_constituent (nif_empresa, cod_residu, cod_constituent, quantitat)  VALUES  ('A-12000164','8889','9932','63');
INSERT INTO residu_constituent (nif_empresa, cod_residu, cod_constituent, quantitat)  VALUES  ('A-12000183','8889','9932','12');
INSERT INTO residu_constituent (nif_empresa, cod_residu, cod_constituent, quantitat)  VALUES  ('A-12000201','8889','9932','32');
INSERT INTO residu_constituent (nif_empresa, cod_residu, cod_constituent, quantitat)  VALUES  ('A-12000219','8889','9932','354');
INSERT INTO residu_constituent (nif_empresa, cod_residu, cod_constituent, quantitat)  VALUES  ('A-12000237','8889','9932','345');
INSERT INTO residu_constituent (nif_empresa, cod_residu, cod_constituent, quantitat)  VALUES  ('A-12000255','8889','9932','346');
INSERT INTO residu_constituent (nif_empresa, cod_residu, cod_constituent, quantitat)  VALUES  ('A-12000274','8889','9932','232');
INSERT INTO residu_constituent (nif_empresa, cod_residu, cod_constituent, quantitat)  VALUES  ('A-12000293','8889','9932','765');
INSERT INTO residu_constituent (nif_empresa, cod_residu, cod_constituent, quantitat)  VALUES  ('A-12000311','8889','9932','86');
INSERT INTO residu_constituent (nif_empresa, cod_residu, cod_constituent, quantitat)  VALUES  ('A-12000330','8889','9932','354');
INSERT INTO residu_constituent (nif_empresa, cod_residu, cod_constituent, quantitat)  VALUES  ('A-12000348','8889','9932','23');
INSERT INTO residu_constituent (nif_empresa, cod_residu, cod_constituent, quantitat)  VALUES  ('A-12000366','8889','9932','64');
INSERT INTO residu_constituent (nif_empresa, cod_residu, cod_constituent, quantitat)  VALUES  ('A-12000384','8889','9932','756');
INSERT INTO residu_constituent (nif_empresa, cod_residu, cod_constituent, quantitat)  VALUES  ('A-12000402','8889','9932','345');
INSERT INTO residu_constituent (nif_empresa, cod_residu, cod_constituent, quantitat)  VALUES  ('A-12000420','8889','9932','53');
INSERT INTO residu_constituent (nif_empresa, cod_residu, cod_constituent, quantitat)  VALUES  ('A-12000438','8889','9932','654');
INSERT INTO residu_constituent (nif_empresa, cod_residu, cod_constituent, quantitat)  VALUES  ('A-12000456','8889','9932','234');
INSERT INTO residu_constituent (nif_empresa, cod_residu, cod_constituent, quantitat)  VALUES  ('A-12000474','8889','9932','543');
INSERT INTO residu_constituent (nif_empresa, cod_residu, cod_constituent, quantitat)  VALUES  ('A-12000492','8889','9932','346');
INSERT INTO residu_constituent (nif_empresa, cod_residu, cod_constituent, quantitat)  VALUES  ('A-12000510','8889','9932','24');
INSERT INTO residu_constituent (nif_empresa, cod_residu, cod_constituent, quantitat)  VALUES  ('A-12000528','8889','9932','536');
INSERT INTO residu_constituent (nif_empresa, cod_residu, cod_constituent, quantitat)  VALUES  ('A-12000546','8889','9932','456');
INSERT INTO residu_constituent (nif_empresa, cod_residu, cod_constituent, quantitat)  VALUES  ('A-12000031','2178','9927','23');
INSERT INTO residu_constituent (nif_empresa, cod_residu, cod_constituent, quantitat)  VALUES  ('A-12000050','2178','9927','345');
INSERT INTO residu_constituent (nif_empresa, cod_residu, cod_constituent, quantitat)  VALUES  ('A-12000070','2178','9927','63');
INSERT INTO residu_constituent (nif_empresa, cod_residu, cod_constituent, quantitat)  VALUES  ('A-12000090','2178','9927','12');
INSERT INTO residu_constituent (nif_empresa, cod_residu, cod_constituent, quantitat)  VALUES  ('A-12000110','2178','9927','32');
INSERT INTO residu_constituent (nif_empresa, cod_residu, cod_constituent, quantitat)  VALUES  ('A-12000131','2178','9927','354');
INSERT INTO residu_constituent (nif_empresa, cod_residu, cod_constituent, quantitat)  VALUES  ('A-12000149','2178','9927','345');
INSERT INTO residu_constituent (nif_empresa, cod_residu, cod_constituent, quantitat)  VALUES  ('A-12000168','2178','9927','346');
INSERT INTO residu_constituent (nif_empresa, cod_residu, cod_constituent, quantitat)  VALUES  ('A-12000187','2178','9927','232');
INSERT INTO residu_constituent (nif_empresa, cod_residu, cod_constituent, quantitat)  VALUES  ('A-12000205','2178','9927','765');
INSERT INTO residu_constituent (nif_empresa, cod_residu, cod_constituent, quantitat)  VALUES  ('A-12000223','2178','9927','86');
INSERT INTO residu_constituent (nif_empresa, cod_residu, cod_constituent, quantitat)  VALUES  ('A-12000241','2178','9927','354');
INSERT INTO residu_constituent (nif_empresa, cod_residu, cod_constituent, quantitat)  VALUES  ('A-12000259','2178','9927','23');
INSERT INTO residu_constituent (nif_empresa, cod_residu, cod_constituent, quantitat)  VALUES  ('A-12000278','2178','9927','536');
INSERT INTO residu_constituent (nif_empresa, cod_residu, cod_constituent, quantitat)  VALUES  ('A-12000297','2178','9927','456');
INSERT INTO residu_constituent (nif_empresa, cod_residu, cod_constituent, quantitat)  VALUES  ('A-12000315','2178','9927','23');
INSERT INTO residu_constituent (nif_empresa, cod_residu, cod_constituent, quantitat)  VALUES  ('A-12000334','2178','9927','345');
INSERT INTO residu_constituent (nif_empresa, cod_residu, cod_constituent, quantitat)  VALUES  ('A-12000352','2178','9927','63');
INSERT INTO residu_constituent (nif_empresa, cod_residu, cod_constituent, quantitat)  VALUES  ('A-12000370','2178','9927','12');
INSERT INTO residu_constituent (nif_empresa, cod_residu, cod_constituent, quantitat)  VALUES  ('A-12000388','2178','9927','32');
INSERT INTO residu_constituent (nif_empresa, cod_residu, cod_constituent, quantitat)  VALUES  ('A-12000406','2178','9927','354');
INSERT INTO residu_constituent (nif_empresa, cod_residu, cod_constituent, quantitat)  VALUES  ('A-12000424','2178','9927','345');
INSERT INTO residu_constituent (nif_empresa, cod_residu, cod_constituent, quantitat)  VALUES  ('A-12000442','2178','9927','346');
INSERT INTO residu_constituent (nif_empresa, cod_residu, cod_constituent, quantitat)  VALUES  ('A-12000460','2178','9927','232');
INSERT INTO residu_constituent (nif_empresa, cod_residu, cod_constituent, quantitat)  VALUES  ('A-12000478','2178','9927','765');
INSERT INTO residu_constituent (nif_empresa, cod_residu, cod_constituent, quantitat)  VALUES  ('A-12000496','2178','9927','86');
INSERT INTO residu_constituent (nif_empresa, cod_residu, cod_constituent, quantitat)  VALUES  ('A-12000514','2178','9927','354');
INSERT INTO residu_constituent (nif_empresa, cod_residu, cod_constituent, quantitat)  VALUES  ('A-12000532','2178','9927','23');
INSERT INTO residu_constituent (nif_empresa, cod_residu, cod_constituent, quantitat)  VALUES  ('A-12000550','2178','9927','536');
INSERT INTO residu_constituent (nif_empresa, cod_residu, cod_constituent, quantitat)  VALUES  ('A-12000037','2103','993','456');
INSERT INTO residu_constituent (nif_empresa, cod_residu, cod_constituent, quantitat)  VALUES  ('A-12000056','2103','993','23');
INSERT INTO residu_constituent (nif_empresa, cod_residu, cod_constituent, quantitat)  VALUES  ('A-12000076','2103','993','345');
INSERT INTO residu_constituent (nif_empresa, cod_residu, cod_constituent, quantitat)  VALUES  ('A-12000097','2103','993','63');
INSERT INTO residu_constituent (nif_empresa, cod_residu, cod_constituent, quantitat)  VALUES  ('A-12000118','2103','993','12');
INSERT INTO residu_constituent (nif_empresa, cod_residu, cod_constituent, quantitat)  VALUES  ('A-12000137','2103','993','32');
INSERT INTO residu_constituent (nif_empresa, cod_residu, cod_constituent, quantitat)  VALUES  ('A-12000155','2103','993','354');
INSERT INTO residu_constituent (nif_empresa, cod_residu, cod_constituent, quantitat)  VALUES  ('A-12000175','2103','993','345');
INSERT INTO residu_constituent (nif_empresa, cod_residu, cod_constituent, quantitat)  VALUES  ('A-12000193','2103','993','346');
INSERT INTO residu_constituent (nif_empresa, cod_residu, cod_constituent, quantitat)  VALUES  ('A-12000211','2103','993','232');
INSERT INTO residu_constituent (nif_empresa, cod_residu, cod_constituent, quantitat)  VALUES  ('A-12000229','2103','993','765');
INSERT INTO residu_constituent (nif_empresa, cod_residu, cod_constituent, quantitat)  VALUES  ('A-12000247','2103','993','86');
INSERT INTO residu_constituent (nif_empresa, cod_residu, cod_constituent, quantitat)  VALUES  ('A-12000266','2103','993','354');
INSERT INTO residu_constituent (nif_empresa, cod_residu, cod_constituent, quantitat)  VALUES  ('A-12000285','2103','993','23');
INSERT INTO residu_constituent (nif_empresa, cod_residu, cod_constituent, quantitat)  VALUES  ('A-12000303','2103','993','536');
INSERT INTO residu_constituent (nif_empresa, cod_residu, cod_constituent, quantitat)  VALUES  ('A-12000321','2103','993','456');
INSERT INTO residu_constituent (nif_empresa, cod_residu, cod_constituent, quantitat)  VALUES  ('A-12000340','2103','993','23');
INSERT INTO residu_constituent (nif_empresa, cod_residu, cod_constituent, quantitat)  VALUES  ('A-12000358','2103','993','345');
INSERT INTO residu_constituent (nif_empresa, cod_residu, cod_constituent, quantitat)  VALUES  ('A-12000376','2103','993','63');
INSERT INTO residu_constituent (nif_empresa, cod_residu, cod_constituent, quantitat)  VALUES  ('A-12000394','2103','993','12');
INSERT INTO residu_constituent (nif_empresa, cod_residu, cod_constituent, quantitat)  VALUES  ('A-12000412','2103','993','32');
INSERT INTO residu_constituent (nif_empresa, cod_residu, cod_constituent, quantitat)  VALUES  ('A-12000430','2103','993','354');
INSERT INTO residu_constituent (nif_empresa, cod_residu, cod_constituent, quantitat)  VALUES  ('A-12000448','2103','993','345');
INSERT INTO residu_constituent (nif_empresa, cod_residu, cod_constituent, quantitat)  VALUES  ('A-12000466','2103','993','346');
INSERT INTO residu_constituent (nif_empresa, cod_residu, cod_constituent, quantitat)  VALUES  ('A-12000484','2103','993','232');
INSERT INTO residu_constituent (nif_empresa, cod_residu, cod_constituent, quantitat)  VALUES  ('A-12000502','2103','993','765');
INSERT INTO residu_constituent (nif_empresa, cod_residu, cod_constituent, quantitat)  VALUES  ('A-12000520','2103','993','86');
INSERT INTO residu_constituent (nif_empresa, cod_residu, cod_constituent, quantitat)  VALUES  ('A-12000538','2103','993','354');
INSERT INTO residu_constituent (nif_empresa, cod_residu, cod_constituent, quantitat)  VALUES  ('A-12000035','108','9919','23');
INSERT INTO residu_constituent (nif_empresa, cod_residu, cod_constituent, quantitat)  VALUES  ('A-12000054','108','9919','536');
INSERT INTO residu_constituent (nif_empresa, cod_residu, cod_constituent, quantitat)  VALUES  ('A-12000074','108','9919','456');
INSERT INTO residu_constituent (nif_empresa, cod_residu, cod_constituent, quantitat)  VALUES  ('A-12000095','108','9919','23');
INSERT INTO residu_constituent (nif_empresa, cod_residu, cod_constituent, quantitat)  VALUES  ('A-12000116','108','9919','345');
INSERT INTO residu_constituent (nif_empresa, cod_residu, cod_constituent, quantitat)  VALUES  ('A-12000135','108','9919','63');
INSERT INTO residu_constituent (nif_empresa, cod_residu, cod_constituent, quantitat)  VALUES  ('A-12000153','108','9919','12');
INSERT INTO residu_constituent (nif_empresa, cod_residu, cod_constituent, quantitat)  VALUES  ('A-12000173','108','9919','32');
INSERT INTO residu_constituent (nif_empresa, cod_residu, cod_constituent, quantitat)  VALUES  ('A-12000191','108','9919','354');
INSERT INTO residu_constituent (nif_empresa, cod_residu, cod_constituent, quantitat)  VALUES  ('A-12000209','108','9919','345');
INSERT INTO residu_constituent (nif_empresa, cod_residu, cod_constituent, quantitat)  VALUES  ('A-12000227','108','9919','346');
INSERT INTO residu_constituent (nif_empresa, cod_residu, cod_constituent, quantitat)  VALUES  ('A-12000245','108','9919','232');
INSERT INTO residu_constituent (nif_empresa, cod_residu, cod_constituent, quantitat)  VALUES  ('A-12000264','108','9919','765');
INSERT INTO residu_constituent (nif_empresa, cod_residu, cod_constituent, quantitat)  VALUES  ('A-12000283','108','9919','86');
INSERT INTO residu_constituent (nif_empresa, cod_residu, cod_constituent, quantitat)  VALUES  ('A-12000301','108','9919','354');
INSERT INTO residu_constituent (nif_empresa, cod_residu, cod_constituent, quantitat)  VALUES  ('A-12000319','108','9919','23');
INSERT INTO residu_constituent (nif_empresa, cod_residu, cod_constituent, quantitat)  VALUES  ('A-12000338','108','9919','536');
INSERT INTO residu_constituent (nif_empresa, cod_residu, cod_constituent, quantitat)  VALUES  ('A-12000356','108','9919','456');
INSERT INTO residu_constituent (nif_empresa, cod_residu, cod_constituent, quantitat)  VALUES  ('A-12000374','108','9919','23');
INSERT INTO residu_constituent (nif_empresa, cod_residu, cod_constituent, quantitat)  VALUES  ('A-12000392','108','9919','345');
INSERT INTO residu_constituent (nif_empresa, cod_residu, cod_constituent, quantitat)  VALUES  ('A-12000410','108','9919','63');
INSERT INTO residu_constituent (nif_empresa, cod_residu, cod_constituent, quantitat)  VALUES  ('A-12000428','108','9919','12');
INSERT INTO residu_constituent (nif_empresa, cod_residu, cod_constituent, quantitat)  VALUES  ('A-12000446','108','9919','32');
INSERT INTO residu_constituent (nif_empresa, cod_residu, cod_constituent, quantitat)  VALUES  ('A-12000464','108','9919','354');
INSERT INTO residu_constituent (nif_empresa, cod_residu, cod_constituent, quantitat)  VALUES  ('A-12000482','108','9919','345');
INSERT INTO residu_constituent (nif_empresa, cod_residu, cod_constituent, quantitat)  VALUES  ('A-12000500','108','9919','346');
INSERT INTO residu_constituent (nif_empresa, cod_residu, cod_constituent, quantitat)  VALUES  ('A-12000518','108','9919','232');
INSERT INTO residu_constituent (nif_empresa, cod_residu, cod_constituent, quantitat)  VALUES  ('A-12000536','108','9919','765');
INSERT INTO residu_constituent (nif_empresa, cod_residu, cod_constituent, quantitat)  VALUES  ('A-12000554','108','9919','86');
INSERT INTO residu_constituent (nif_empresa, cod_residu, cod_constituent, quantitat)  VALUES  ('A-12000028','714','9921','354');
INSERT INTO residu_constituent (nif_empresa, cod_residu, cod_constituent, quantitat)  VALUES  ('A-12000047','714','9921','23');
INSERT INTO residu_constituent (nif_empresa, cod_residu, cod_constituent, quantitat)  VALUES  ('A-12000067','714','9921','536');
INSERT INTO residu_constituent (nif_empresa, cod_residu, cod_constituent, quantitat)  VALUES  ('A-12000087','714','9921','456');
INSERT INTO residu_constituent (nif_empresa, cod_residu, cod_constituent, quantitat)  VALUES  ('A-12000107','714','9921','23');
INSERT INTO residu_constituent (nif_empresa, cod_residu, cod_constituent, quantitat)  VALUES  ('A-12000128','714','9921','345');
INSERT INTO residu_constituent (nif_empresa, cod_residu, cod_constituent, quantitat)  VALUES  ('A-12000146','714','9921','63');
INSERT INTO residu_constituent (nif_empresa, cod_residu, cod_constituent, quantitat)  VALUES  ('A-12000165','714','9921','12');
INSERT INTO residu_constituent (nif_empresa, cod_residu, cod_constituent, quantitat)  VALUES  ('A-12000184','714','9921','32');
INSERT INTO residu_constituent (nif_empresa, cod_residu, cod_constituent, quantitat)  VALUES  ('A-12000202','714','9921','354');
INSERT INTO residu_constituent (nif_empresa, cod_residu, cod_constituent, quantitat)  VALUES  ('A-12000220','714','9921','345');
INSERT INTO residu_constituent (nif_empresa, cod_residu, cod_constituent, quantitat)  VALUES  ('A-12000238','714','9921','346');
INSERT INTO residu_constituent (nif_empresa, cod_residu, cod_constituent, quantitat)  VALUES  ('A-12000256','714','9921','232');
INSERT INTO residu_constituent (nif_empresa, cod_residu, cod_constituent, quantitat)  VALUES  ('A-12000275','714','9921','765');
INSERT INTO residu_constituent (nif_empresa, cod_residu, cod_constituent, quantitat)  VALUES  ('A-12000294','714','9921','86');
INSERT INTO residu_constituent (nif_empresa, cod_residu, cod_constituent, quantitat)  VALUES  ('A-12000312','714','9921','354');
INSERT INTO residu_constituent (nif_empresa, cod_residu, cod_constituent, quantitat)  VALUES  ('A-12000331','714','9921','23');
INSERT INTO residu_constituent (nif_empresa, cod_residu, cod_constituent, quantitat)  VALUES  ('A-12000349','714','9921','536');
INSERT INTO residu_constituent (nif_empresa, cod_residu, cod_constituent, quantitat)  VALUES  ('A-12000367','714','9921','456');
INSERT INTO residu_constituent (nif_empresa, cod_residu, cod_constituent, quantitat)  VALUES  ('A-12000385','714','9921','23');
INSERT INTO residu_constituent (nif_empresa, cod_residu, cod_constituent, quantitat)  VALUES  ('A-12000403','714','9921','345');
INSERT INTO residu_constituent (nif_empresa, cod_residu, cod_constituent, quantitat)  VALUES  ('A-12000421','714','9921','63');
INSERT INTO residu_constituent (nif_empresa, cod_residu, cod_constituent, quantitat)  VALUES  ('A-12000439','714','9921','12');
INSERT INTO residu_constituent (nif_empresa, cod_residu, cod_constituent, quantitat)  VALUES  ('A-12000457','714','9921','32');
INSERT INTO residu_constituent (nif_empresa, cod_residu, cod_constituent, quantitat)  VALUES  ('A-12000475','714','9921','354');
INSERT INTO residu_constituent (nif_empresa, cod_residu, cod_constituent, quantitat)  VALUES  ('A-12000493','714','9921','345');
INSERT INTO residu_constituent (nif_empresa, cod_residu, cod_constituent, quantitat)  VALUES  ('A-12000511','714','9921','346');
INSERT INTO residu_constituent (nif_empresa, cod_residu, cod_constituent, quantitat)  VALUES  ('A-12000529','714','9921','232');
INSERT INTO residu_constituent (nif_empresa, cod_residu, cod_constituent, quantitat)  VALUES  ('A-12000547','714','9921','765');
INSERT INTO residu_constituent (nif_empresa, cod_residu, cod_constituent, quantitat)  VALUES  ('A-12000033','1974','9917','86');
INSERT INTO residu_constituent (nif_empresa, cod_residu, cod_constituent, quantitat)  VALUES  ('A-12000072','1974','9917','354');
INSERT INTO residu_constituent (nif_empresa, cod_residu, cod_constituent, quantitat)  VALUES  ('A-12000093','1974','9917','23');
INSERT INTO residu_constituent (nif_empresa, cod_residu, cod_constituent, quantitat)  VALUES  ('A-12000114','1974','9917','536');
INSERT INTO residu_constituent (nif_empresa, cod_residu, cod_constituent, quantitat)  VALUES  ('A-12000133','1974','9917','456');
INSERT INTO residu_constituent (nif_empresa, cod_residu, cod_constituent, quantitat)  VALUES  ('A-12000151','1974','9917','23');
INSERT INTO residu_constituent (nif_empresa, cod_residu, cod_constituent, quantitat)  VALUES  ('A-12000171','1974','9917','345');
INSERT INTO residu_constituent (nif_empresa, cod_residu, cod_constituent, quantitat)  VALUES  ('A-12000189','1974','9917','63');
INSERT INTO residu_constituent (nif_empresa, cod_residu, cod_constituent, quantitat)  VALUES  ('A-12000207','1974','9917','12');
INSERT INTO residu_constituent (nif_empresa, cod_residu, cod_constituent, quantitat)  VALUES  ('A-12000225','1974','9917','32');
INSERT INTO residu_constituent (nif_empresa, cod_residu, cod_constituent, quantitat)  VALUES  ('A-12000243','1974','9917','354');
INSERT INTO residu_constituent (nif_empresa, cod_residu, cod_constituent, quantitat)  VALUES  ('A-12000262','1974','9917','345');
INSERT INTO residu_constituent (nif_empresa, cod_residu, cod_constituent, quantitat)  VALUES  ('A-12000281','1974','9917','346');
INSERT INTO residu_constituent (nif_empresa, cod_residu, cod_constituent, quantitat)  VALUES  ('A-12000299','1974','9917','232');
INSERT INTO residu_constituent (nif_empresa, cod_residu, cod_constituent, quantitat)  VALUES  ('A-12000317','1974','9917','765');
INSERT INTO residu_constituent (nif_empresa, cod_residu, cod_constituent, quantitat)  VALUES  ('A-12000336','1974','9917','86');
INSERT INTO residu_constituent (nif_empresa, cod_residu, cod_constituent, quantitat)  VALUES  ('A-12000354','1974','9917','354');
INSERT INTO residu_constituent (nif_empresa, cod_residu, cod_constituent, quantitat)  VALUES  ('A-12000372','1974','9917','23');
INSERT INTO residu_constituent (nif_empresa, cod_residu, cod_constituent, quantitat)  VALUES  ('A-12000390','1974','9917','536');
INSERT INTO residu_constituent (nif_empresa, cod_residu, cod_constituent, quantitat)  VALUES  ('A-12000408','1974','9917','456');
INSERT INTO residu_constituent (nif_empresa, cod_residu, cod_constituent, quantitat)  VALUES  ('A-12000426','1974','9917','23');
INSERT INTO residu_constituent (nif_empresa, cod_residu, cod_constituent, quantitat)  VALUES  ('A-12000444','1974','9917','345');
INSERT INTO residu_constituent (nif_empresa, cod_residu, cod_constituent, quantitat)  VALUES  ('A-12000462','1974','9917','63');
INSERT INTO residu_constituent (nif_empresa, cod_residu, cod_constituent, quantitat)  VALUES  ('A-12000480','1974','9917','12');
INSERT INTO residu_constituent (nif_empresa, cod_residu, cod_constituent, quantitat)  VALUES  ('A-12000498','1974','9917','32');
INSERT INTO residu_constituent (nif_empresa, cod_residu, cod_constituent, quantitat)  VALUES  ('A-12000516','1974','9917','354');
INSERT INTO residu_constituent (nif_empresa, cod_residu, cod_constituent, quantitat)  VALUES  ('A-12000534','1974','9917','345');
INSERT INTO residu_constituent (nif_empresa, cod_residu, cod_constituent, quantitat)  VALUES  ('A-12000552','1974','9917','346');
INSERT INTO residu_constituent (nif_empresa, cod_residu, cod_constituent, quantitat)  VALUES  ('A-12000052','1974','9917','232');

--Empresa Transportista
INSERT INTO EmpresaTransportista (nif_emptransport, nom_emptransport, ciutat_emptransport)  VALUES  ('A-22300276','ACS INDUSTRIA METAL MECÁNICA E.I.R.L.','CÓRDOBA');
INSERT INTO EmpresaTransportista (nif_emptransport, nom_emptransport, ciutat_emptransport)  VALUES  ('A-22300277','AQUILES MARCELINO AGUILAR ZACARIAS','ALMERÍA');
INSERT INTO EmpresaTransportista (nif_emptransport, nom_emptransport, ciutat_emptransport)  VALUES  ('A-22300278','CARROCERÍAS INTEGRADAS S.A. - CAISA','CÁDIZ');
INSERT INTO EmpresaTransportista (nif_emptransport, nom_emptransport, ciutat_emptransport)  VALUES  ('A-22300279','CARROCERÍAS SAN LUIS E.I.R.L.','CÁDIZ');
INSERT INTO EmpresaTransportista (nif_emptransport, nom_emptransport, ciutat_emptransport)  VALUES  ('A-22300280','CECILIA PORRAS ANCO','CÁDIZ');
INSERT INTO EmpresaTransportista (nif_emptransport, nom_emptransport, ciutat_emptransport)  VALUES  ('A-22300281','CESAR AUGUSTO COBOS AVILA','SEVILLA');
INSERT INTO EmpresaTransportista (nif_emptransport, nom_emptransport, ciutat_emptransport)  VALUES  ('A-22300282','CESAR AUGUSTO GARCIA SALAZAR','MÁLAGA');
INSERT INTO EmpresaTransportista (nif_emptransport, nom_emptransport, ciutat_emptransport)  VALUES  ('A-22300283','COLUMBIA S.R.L.','ALMERÍA');
INSERT INTO EmpresaTransportista (nif_emptransport, nom_emptransport, ciutat_emptransport)  VALUES  ('A-22300284','COMPANY OF BUSINESSES AND INTERNATIONAL TRADE JOSCH S.A.C.','MÁLAGA');
INSERT INTO EmpresaTransportista (nif_emptransport, nom_emptransport, ciutat_emptransport)  VALUES  ('A-22300285','COMPAÑIA INDUSTRIAL DE CARROCERIAS S.A.C.','CÁDIZ');
INSERT INTO EmpresaTransportista (nif_emptransport, nom_emptransport, ciutat_emptransport)  VALUES  ('A-22300286','COMPAÑÍA PERUANA DE REMOLQUES S.A.','GRANADA');
INSERT INTO EmpresaTransportista (nif_emptransport, nom_emptransport, ciutat_emptransport)  VALUES  ('A-22300287','CONSTRUCCIONES Y SERVICIOS METÁLICOS S.A.C. - CONSERMET S.A.C.','SEVILLA');
INSERT INTO EmpresaTransportista (nif_emptransport, nom_emptransport, ciutat_emptransport)  VALUES  ('A-22300288','CONTROLTEMP S.A.C.','SEVILLA');
INSERT INTO EmpresaTransportista (nif_emptransport, nom_emptransport, ciutat_emptransport)  VALUES  ('A-22300289','CORPORACIÓN CAYMÁN S.A.C.','CÁDIZ');
INSERT INTO EmpresaTransportista (nif_emptransport, nom_emptransport, ciutat_emptransport)  VALUES  ('A-22300290','CORPORACIÓN CUSO S.A.C.','MÁLAGA');
INSERT INTO EmpresaTransportista (nif_emptransport, nom_emptransport, ciutat_emptransport)  VALUES  ('A-22300291','CORPORACIÓN METÁLICA DEL ACERO S.A.C.','CÓRDOBA');
INSERT INTO EmpresaTransportista (nif_emptransport, nom_emptransport, ciutat_emptransport)  VALUES  ('A-22300292','CORPORACIÓN POWER S MOTOR S S.R.L.','SEVILLA');
INSERT INTO EmpresaTransportista (nif_emptransport, nom_emptransport, ciutat_emptransport)  VALUES  ('A-22300293','CORPORACIÓN WRT S.A.C. - WRT S.A.C.','HUELVA');
INSERT INTO EmpresaTransportista (nif_emptransport, nom_emptransport, ciutat_emptransport)  VALUES  ('A-22300294','DC EXPREES S.A.C.','CÁDIZ');
INSERT INTO EmpresaTransportista (nif_emptransport, nom_emptransport, ciutat_emptransport)  VALUES  ('A-22300295','DECO HOGAR E.I.R.L.','CÓRDOBA');
INSERT INTO EmpresaTransportista (nif_emptransport, nom_emptransport, ciutat_emptransport)  VALUES  ('A-22300296','DIMATIC S.A.C.','CÁDIZ');
INSERT INTO EmpresaTransportista (nif_emptransport, nom_emptransport, ciutat_emptransport)  VALUES  ('A-22300297','EHF S.A.C.','SEVILLA');
INSERT INTO EmpresaTransportista (nif_emptransport, nom_emptransport, ciutat_emptransport)  VALUES  ('A-22300298','ELECTROMECANICA J.E.M. S.R.L.','SEVILLA');
INSERT INTO EmpresaTransportista (nif_emptransport, nom_emptransport, ciutat_emptransport)  VALUES  ('A-22300299','EMPRESA DE REMOLQUES APOLO E.I.R.L.','CÓRDOBA');
INSERT INTO EmpresaTransportista (nif_emptransport, nom_emptransport, ciutat_emptransport)  VALUES  ('A-22300300','ESTRUCTURAS METÁLICAS OLMEDO E.I.R.L.','SEVILLA');
INSERT INTO EmpresaTransportista (nif_emptransport, nom_emptransport, ciutat_emptransport)  VALUES  ('A-22300301','FÁBRICA DE CONSTRUCCIONES METÁLICAS ARRIETA S.R.L.','SEVILLA');
INSERT INTO EmpresaTransportista (nif_emptransport, nom_emptransport, ciutat_emptransport)  VALUES  ('A-22300302','FABRICACIÓN Y SERVICIOS ROLANDO MÁRQUEZ MACHADO E.I.R.L. - FAB. Y SERV. R.M. Y M. E.I.R.L.','SEVILLA');
INSERT INTO EmpresaTransportista (nif_emptransport, nom_emptransport, ciutat_emptransport)  VALUES  ('A-22300303','FABRICACIONES BRA S.A.C.','');
INSERT INTO EmpresaTransportista (nif_emptransport, nom_emptransport, ciutat_emptransport)  VALUES  ('A-22300304','FABRICACIONES METÁLICAS CARRANZA S.A.C. FAMECA S.A.C.','MÁLAGA');
INSERT INTO EmpresaTransportista (nif_emptransport, nom_emptransport, ciutat_emptransport)  VALUES  ('A-22300305','FABRICACIONES METÁLICAS LUJÁN S.A.C.','HUELVA');
INSERT INTO EmpresaTransportista (nif_emptransport, nom_emptransport, ciutat_emptransport)  VALUES  ('A-22300306','FABRICACIONES METALICAS Y SERVICIOS DIESEL S.A.C - FAMEDI S.A.C.','CÁDIZ');
INSERT INTO EmpresaTransportista (nif_emptransport, nom_emptransport, ciutat_emptransport)  VALUES  ('A-22300307','FABRICACIONES MONTOYA S.R.L.','SEVILLA');
INSERT INTO EmpresaTransportista (nif_emptransport, nom_emptransport, ciutat_emptransport)  VALUES  ('A-22300308','FABRIMETAL S.A.C.','MÁLAGA');
INSERT INTO EmpresaTransportista (nif_emptransport, nom_emptransport, ciutat_emptransport)  VALUES  ('A-22300309','FACAMESUR E.I.R.L.','SEVILLA');
INSERT INTO EmpresaTransportista (nif_emptransport, nom_emptransport, ciutat_emptransport)  VALUES  ('A-22300310','FACTORÍA BARBOZA S.R.L.','CÓRDOBA');
INSERT INTO EmpresaTransportista (nif_emptransport, nom_emptransport, ciutat_emptransport)  VALUES  ('A-22300311','FACTORÍA FACJOCA S.A.C.','MÁLAGA');
INSERT INTO EmpresaTransportista (nif_emptransport, nom_emptransport, ciutat_emptransport)  VALUES  ('A-22300312','FACTORÍA FELISUR E.I.R.L.','SEVILLA');
INSERT INTO EmpresaTransportista (nif_emptransport, nom_emptransport, ciutat_emptransport)  VALUES  ('A-22300313','FACTORÍA J.C. E.I.R.L.','SEVILLA');
INSERT INTO EmpresaTransportista (nif_emptransport, nom_emptransport, ciutat_emptransport)  VALUES  ('A-22300314','FACTORIA KING ROQUE S.R.L.','SEVILLA');
INSERT INTO EmpresaTransportista (nif_emptransport, nom_emptransport, ciutat_emptransport)  VALUES  ('A-22300315','FACTORÍA METAL CHOQUE E.I.R.L.','CÁDIZ');
INSERT INTO EmpresaTransportista (nif_emptransport, nom_emptransport, ciutat_emptransport)  VALUES  ('A-22300316','FACTORIA PETER BILL INTEX S.R.L.','MÁLAGA');
INSERT INTO EmpresaTransportista (nif_emptransport, nom_emptransport, ciutat_emptransport)  VALUES  ('A-22300317','FACTORIA TATA S.A.C.','MÁLAGA');
INSERT INTO EmpresaTransportista (nif_emptransport, nom_emptransport, ciutat_emptransport)  VALUES  ('A-22300318','FACTORÍA Y SERVICIOS DE MECÁNICA E INDUSTRIA S.R.L. - FACSEMIN','CÁDIZ');
INSERT INTO EmpresaTransportista (nif_emptransport, nom_emptransport, ciutat_emptransport)  VALUES  ('A-22300319','FACTORY MULTISERVICIOS MAG S.R.L.','MÁLAGA');
INSERT INTO EmpresaTransportista (nif_emptransport, nom_emptransport, ciutat_emptransport)  VALUES  ('A-22300320','FAMA ANDINA S.A.C.','MÁLAGA');
INSERT INTO EmpresaTransportista (nif_emptransport, nom_emptransport, ciutat_emptransport)  VALUES  ('A-22300321','GL MAQUINARIAS S.A.C.','GRANADA');
INSERT INTO EmpresaTransportista (nif_emptransport, nom_emptransport, ciutat_emptransport)  VALUES  ('A-22300322','GRUPO C i R VELOZ S.A.C.','SEVILLA');
INSERT INTO EmpresaTransportista (nif_emptransport, nom_emptransport, ciutat_emptransport)  VALUES  ('A-22300323','GRUPO SERMET S.A.C.','CÁDIZ');
INSERT INTO EmpresaTransportista (nif_emptransport, nom_emptransport, ciutat_emptransport)  VALUES  ('A-22300324','HALCÓN S.A.','CÁDIZ');
INSERT INTO EmpresaTransportista (nif_emptransport, nom_emptransport, ciutat_emptransport)  VALUES  ('A-22300325','HONDA SELVA DEL PERU S.A','ALMERÍA');
INSERT INTO EmpresaTransportista (nif_emptransport, nom_emptransport, ciutat_emptransport)  VALUES  ('A-22300326','IBIMCO PERÚ S.A.C.','NAVARRA');
INSERT INTO EmpresaTransportista (nif_emptransport, nom_emptransport, ciutat_emptransport)  VALUES  ('A-22300327','IMPORT EXPORT LAM S.A.C.','CÓRDOBA');
INSERT INTO EmpresaTransportista (nif_emptransport, nom_emptransport, ciutat_emptransport)  VALUES  ('A-22300328','INDUSTRIA CARROCERA DEL PERÚ S.A.C. - INCAPER','CÓRDOBA');
INSERT INTO EmpresaTransportista (nif_emptransport, nom_emptransport, ciutat_emptransport)  VALUES  ('A-22300329','INDUSTRIA METÁLICA BULLON S.A.C.','SEVILLA');
INSERT INTO EmpresaTransportista (nif_emptransport, nom_emptransport, ciutat_emptransport)  VALUES  ('A-22300330','INDUSTRIA METÁLICA PORRAS E.I.R.L.','JAÉN');
INSERT INTO EmpresaTransportista (nif_emptransport, nom_emptransport, ciutat_emptransport)  VALUES  ('A-22300331','INDUSTRIA METALICAS EL RAFA E.I.R.L.','SEVILLA');
INSERT INTO EmpresaTransportista (nif_emptransport, nom_emptransport, ciutat_emptransport)  VALUES  ('A-22300332','INDUSTRIAL UNION S.R.L.','SEVILLA');
INSERT INTO EmpresaTransportista (nif_emptransport, nom_emptransport, ciutat_emptransport)  VALUES  ('A-22300333','INDUSTRIAS ANCALAYO S.A.C.','SEVILLA');
INSERT INTO EmpresaTransportista (nif_emptransport, nom_emptransport, ciutat_emptransport)  VALUES  ('A-22300334','INDUSTRIAS DE MOTOTAXIS, TRICICLOS Y OTROS EXCEL E.I.R.L.','HUELVA');
INSERT INTO EmpresaTransportista (nif_emptransport, nom_emptransport, ciutat_emptransport)  VALUES  ('A-22300335','INDUSTRIAS FIRME E.I.R.L.','GRANADA');
INSERT INTO EmpresaTransportista (nif_emptransport, nom_emptransport, ciutat_emptransport)  VALUES  ('A-22300336','INDUSTRIAS MECÁNICAS DEL SUR S.A.C.','CÓRDOBA');
INSERT INTO EmpresaTransportista (nif_emptransport, nom_emptransport, ciutat_emptransport)  VALUES  ('A-22300337','INDUSTRIAS METÁLICAS ALYER S.R.L.','MADIRD');
INSERT INTO EmpresaTransportista (nif_emptransport, nom_emptransport, ciutat_emptransport)  VALUES  ('A-22300338','INDUSTRIAS ROY PERU E.I.R.L.','CÓRDOBA');
INSERT INTO EmpresaTransportista (nif_emptransport, nom_emptransport, ciutat_emptransport)  VALUES  ('A-22300339','INDUSTRIAS TRICAR S.A.C.','MÁLAGA');
INSERT INTO EmpresaTransportista (nif_emptransport, nom_emptransport, ciutat_emptransport)  VALUES  ('A-22300340','INKA TRAYLERS S.R.L.','SEVILLA');
INSERT INTO EmpresaTransportista (nif_emptransport, nom_emptransport, ciutat_emptransport)  VALUES  ('A-22300341','INTECPO S.A.C.','SEVILLA');
INSERT INTO EmpresaTransportista (nif_emptransport, nom_emptransport, ciutat_emptransport)  VALUES  ('A-22300342','INVERSIONES GENERALES ESTRELLA S.A.','SEVILLA');
INSERT INTO EmpresaTransportista (nif_emptransport, nom_emptransport, ciutat_emptransport)  VALUES  ('A-22300343','INVERSIONES REYWAL S.R.L.','ALMERÍA');
INSERT INTO EmpresaTransportista (nif_emptransport, nom_emptransport, ciutat_emptransport)  VALUES  ('A-22300344','J i S AUTOMOTRIZ ASOCIADOS E.I.R.L.','ALMERÍA');
INSERT INTO EmpresaTransportista (nif_emptransport, nom_emptransport, ciutat_emptransport)  VALUES  ('A-22300345','JR GROUP INDUSTRIAS S.A.C.','MADRID');
INSERT INTO EmpresaTransportista (nif_emptransport, nom_emptransport, ciutat_emptransport)  VALUES  ('A-22300346','JUAN SALVATIERRA CONDEZO','CÓRDOBA');
INSERT INTO EmpresaTransportista (nif_emptransport, nom_emptransport, ciutat_emptransport)  VALUES  ('A-22300347','KALA INGENIERÍA METÁLICA S.A.C.','PORTUGAL');
INSERT INTO EmpresaTransportista (nif_emptransport, nom_emptransport, ciutat_emptransport)  VALUES  ('A-22300348','L i S NASSI S.A.C.','MELILLA');
INSERT INTO EmpresaTransportista (nif_emptransport, nom_emptransport, ciutat_emptransport)  VALUES  ('A-22300349','LA FUERZA DE LA FABRICACION S.A.C. - FUFABRISAC','GRANADA');
INSERT INTO EmpresaTransportista (nif_emptransport, nom_emptransport, ciutat_emptransport)  VALUES  ('A-22300350','LIMA TRAYLERS S.A.C.','GRANADA');
INSERT INTO EmpresaTransportista (nif_emptransport, nom_emptransport, ciutat_emptransport)  VALUES  ('A-22300351','LQ TRADING IMPORT EXPORT S.A.C.','CÁDIZ');
INSERT INTO EmpresaTransportista (nif_emptransport, nom_emptransport, ciutat_emptransport)  VALUES  ('A-22300352','MANUEL AUGUSTO ROCHA DÍAZ E.I.R.L.','SEVILLA');
INSERT INTO EmpresaTransportista (nif_emptransport, nom_emptransport, ciutat_emptransport)  VALUES  ('A-22300353','MAQUINARIAS Y VEHICULOS IQUITOS S.A.','CÓRDOBA');
INSERT INTO EmpresaTransportista (nif_emptransport, nom_emptransport, ciutat_emptransport)  VALUES  ('A-22300354','METALLUM S.A.C.','GRANADA');
INSERT INTO EmpresaTransportista (nif_emptransport, nom_emptransport, ciutat_emptransport)  VALUES  ('A-22300355','MOTORES LATINOAMERICANOS S.A.C.','SEVILLA');
INSERT INTO EmpresaTransportista (nif_emptransport, nom_emptransport, ciutat_emptransport)  VALUES  ('A-22300356','MOTOS STILOS S.A.C.','MADRID');
INSERT INTO EmpresaTransportista (nif_emptransport, nom_emptransport, ciutat_emptransport)  VALUES  ('A-22300357','MOTOSERVICIOS LOS OLIVOS S.R.L.','JAÉN');
INSERT INTO EmpresaTransportista (nif_emptransport, nom_emptransport, ciutat_emptransport)  VALUES  ('A-22300358','PROCESOS METÁLICOS HINOSTROZA S.A.C.','CÓRDOBA');
INSERT INTO EmpresaTransportista (nif_emptransport, nom_emptransport, ciutat_emptransport)  VALUES  ('A-22300359','PROFESIONALES COSECA S.A.C.','SEVILLA');
INSERT INTO EmpresaTransportista (nif_emptransport, nom_emptransport, ciutat_emptransport)  VALUES  ('A-22300360','PUMA MOTORS E.I.R.L.','SEVILLA');
INSERT INTO EmpresaTransportista (nif_emptransport, nom_emptransport, ciutat_emptransport)  VALUES  ('A-22300361','RAJUNSA S.A.C.','SEVILLA');
INSERT INTO EmpresaTransportista (nif_emptransport, nom_emptransport, ciutat_emptransport)  VALUES  ('A-22300362','RAMD S SERVICIOS GENERALES E.I.R.L.','SEVILLA');
INSERT INTO EmpresaTransportista (nif_emptransport, nom_emptransport, ciutat_emptransport)  VALUES  ('A-22300363','RAUDO JAPAN S.A.C.','HUELVA');
INSERT INTO EmpresaTransportista (nif_emptransport, nom_emptransport, ciutat_emptransport)  VALUES  ('A-22300364','REMOLQUES TRAMONTANA S.A.C.','SEVILLA');
INSERT INTO EmpresaTransportista (nif_emptransport, nom_emptransport, ciutat_emptransport)  VALUES  ('A-22300365','REPARACIÓN CONSTRUCCIÓN TANQUES CISTERNAS AFINES E.I.R.L. - RECONCISA','CÁDIZ');
INSERT INTO EmpresaTransportista (nif_emptransport, nom_emptransport, ciutat_emptransport)  VALUES  ('A-22300366','RISSING MOTORS S.A.C.','HUELVA');
INSERT INTO EmpresaTransportista (nif_emptransport, nom_emptransport, ciutat_emptransport)  VALUES  ('A-22300367','RMB SATECI S.A.C.','SEVILLA');
INSERT INTO EmpresaTransportista (nif_emptransport, nom_emptransport, ciutat_emptransport)  VALUES  ('A-22300368','ROSITA INDUSTRIAS METÁLICAS E.I.R.L.','SEVILLA');
INSERT INTO EmpresaTransportista (nif_emptransport, nom_emptransport, ciutat_emptransport)  VALUES  ('A-22300369','RTM MOTORS S.A.C.','CÁDIZ');
INSERT INTO EmpresaTransportista (nif_emptransport, nom_emptransport, ciutat_emptransport)  VALUES  ('A-22300370','SERVICIO, MANTENIMIENTO Y FABRICACIONES SEÑOR DE HUANCA E.I.R.L. - SEMAFASH E.I.R.L.','ALMERÍA');
INSERT INTO EmpresaTransportista (nif_emptransport, nom_emptransport, ciutat_emptransport)  VALUES  ('A-22300371','SERVICIOS INGENIERÍA ELECTROMECÁNICA S.A.C. - SIELSAC','ALMERÍA');
INSERT INTO EmpresaTransportista (nif_emptransport, nom_emptransport, ciutat_emptransport)  VALUES  ('A-22300372','SGM INGENIEROS E.I.R.L.','CÁDIZ');
INSERT INTO EmpresaTransportista (nif_emptransport, nom_emptransport, ciutat_emptransport)  VALUES  ('A-22300373','SHIMBA SELVA S.A.C.','CÓRDOBA');
INSERT INTO EmpresaTransportista (nif_emptransport, nom_emptransport, ciutat_emptransport)  VALUES  ('A-22300374','TECWEL INGENIERÍA Y CONSTRUCCIÓN S.A.C.','SEVILLA');
INSERT INTO EmpresaTransportista (nif_emptransport, nom_emptransport, ciutat_emptransport)  VALUES  ('A-22300375','TRACTO CAMIONES USA S.A.C.','SEVILLA');
INSERT INTO EmpresaTransportista (nif_emptransport, nom_emptransport, ciutat_emptransport)  VALUES  ('A-22300376','TRADING GROUP S.A.C.','GRANADA');
INSERT INTO EmpresaTransportista (nif_emptransport, nom_emptransport, ciutat_emptransport)  VALUES  ('A-22300377','TRANSVISA E.I.R.L.','GRANADA');
INSERT INTO EmpresaTransportista (nif_emptransport, nom_emptransport, ciutat_emptransport)  VALUES  ('A-22300378','TRICAR TECNOLOGÍA S.A.C.','MÁLAGA');
INSERT INTO EmpresaTransportista (nif_emptransport, nom_emptransport, ciutat_emptransport)  VALUES  ('A-22300379','VF MOTOPARTS S.R.LTDA.','MADRID');
INSERT INTO EmpresaTransportista (nif_emptransport, nom_emptransport, ciutat_emptransport)  VALUES  ('A-22300380','VIJHON E.I.R.L.','ALMERÍA');
INSERT INTO EmpresaTransportista (nif_emptransport, nom_emptransport, ciutat_emptransport)  VALUES  ('A-22300381','VILMEN S RALLY S.R.L.','MÁLAGA');
INSERT INTO EmpresaTransportista (nif_emptransport, nom_emptransport, ciutat_emptransport)  VALUES  ('A-22300382','VRAMEL CONTRATISTAS E.I.R.L.','CÁDIZ');
INSERT INTO EmpresaTransportista (nif_emptransport, nom_emptransport, ciutat_emptransport)  VALUES  ('A-22300383','ZEUS PERU S.A.C','SEVILLA');
INSERT INTO EmpresaTransportista (nif_emptransport, nom_emptransport, ciutat_emptransport)  VALUES  ('A-22300384','ZINSAC DEL PERU S.A.C.','GRANADA');

--Desti
INSERT INTO Desti (cod_desti, nom_desti, ciutat_desti)  VALUES  ('1','GES_FARMA','CIUDAD REAL');
INSERT INTO Desti (cod_desti, nom_desti, ciutat_desti)  VALUES  ('2','GES_FUSTA','ALBACETE');
INSERT INTO Desti (cod_desti, nom_desti, ciutat_desti)  VALUES  ('3','GES_POLICLORAT','ALMERÍA');
INSERT INTO Desti (cod_desti, nom_desti, ciutat_desti)  VALUES  ('4','GES_DIOXINA','GRANADA');
INSERT INTO Desti (cod_desti, nom_desti, ciutat_desti)  VALUES  ('5','GES_Alquitran','PORTUGAL');
INSERT INTO Desti (cod_desti, nom_desti, ciutat_desti)  VALUES  ('6','GES_Pirolisis','VALLADOLID');
INSERT INTO Desti (cod_desti, nom_desti, ciutat_desti)  VALUES  ('7','ges_hidrocarburs','MALAGA');
INSERT INTO Desti (cod_desti, nom_desti, ciutat_desti)  VALUES  ('8','GES_OLIS','VIZCAYA');
INSERT INTO Desti (cod_desti, nom_desti, ciutat_desti)  VALUES  ('9','GES_VETERINARIS','GUADALAJARA');
INSERT INTO Desti (cod_desti, nom_desti, ciutat_desti)  VALUES  ('10','GES_EXPLOSIUS','MÁLAGA');
INSERT INTO Desti (cod_desti, nom_desti, ciutat_desti)  VALUES  ('11','ges_MEL','MELILLA');
INSERT INTO Desti (cod_desti, nom_desti, ciutat_desti)  VALUES  ('12','Ges_Resines','CASTELLÓN');
INSERT INTO Desti (cod_desti, nom_desti, ciutat_desti)  VALUES  ('13','Ges_res_clinics','CÓRDOBA');
INSERT INTO Desti (cod_desti, nom_desti, ciutat_desti)  VALUES  ('14','Ges_vernissos','JAÉN');
INSERT INTO Desti (cod_desti, nom_desti, ciutat_desti)  VALUES  ('15','Ges_residus_MAD','MADRID');
INSERT INTO Desti (cod_desti, nom_desti, ciutat_desti)  VALUES  ('16','ges_residus_imd','LLEIDA');
INSERT INTO Desti (cod_desti, nom_desti, ciutat_desti)  VALUES  ('17','ges_residus_fotog','CÁDIZ');
INSERT INTO Desti (cod_desti, nom_desti, ciutat_desti)  VALUES  ('18','ges_subs_pcb','HUELVA');
INSERT INTO Desti (cod_desti, nom_desti, ciutat_desti)  VALUES  ('19','ges_residus_CAT','BARCELONA');
INSERT INTO Desti (cod_desti, nom_desti, ciutat_desti)  VALUES  ('20','Ges_residus_ VAL','VALENCIA');
INSERT INTO Desti (cod_desti, nom_desti, ciutat_desti)  VALUES  ('21','Ges_residus_MUR','MURCIA');
INSERT INTO Desti (cod_desti, nom_desti, ciutat_desti)  VALUES  ('22','Ges_residus_PAL','PALENCIA');
INSERT INTO Desti (cod_desti, nom_desti, ciutat_desti)  VALUES  ('23','ges_residus_AST','ASTURIAS');
INSERT INTO Desti (cod_desti, nom_desti, ciutat_desti)  VALUES  ('24','ges_cianur','ALICANTE');
INSERT INTO Desti (cod_desti, nom_desti, ciutat_desti)  VALUES  ('25','ges_AND','SEVILLA');
INSERT INTO Desti (cod_desti, nom_desti, ciutat_desti)  VALUES  ('26','Ges_NAV','NAVARRA');
INSERT INTO Desti (cod_desti, nom_desti, ciutat_desti)  VALUES  ('27','GES_CUEN','CUENCA');
INSERT INTO Desti (cod_desti, nom_desti, ciutat_desti)  VALUES  ('28','ges_dissolvents','LA RIOJA');

--Trasllat
INSERT INTO Trasllat (nif_empresa, cod_residu, data_enviament,cod_desti,envas,data_arribada,tractament,quantitat_trasllat)  VALUES  ('A-12000035','108','01/03/16','1','bido','06/03/16','Inactivació i envasat','34');
INSERT INTO Trasllat (nif_empresa, cod_residu, data_enviament,cod_desti,envas,data_arribada,tractament,quantitat_trasllat)  VALUES  ('A-12000054','108','02/03/16','2','llauna','06/03/16','Inactivació, control i abocament','53');
INSERT INTO Trasllat (nif_empresa, cod_residu, data_enviament,cod_desti,envas,data_arribada,tractament,quantitat_trasllat)  VALUES  ('A-12000074','108','03/03/16','3','caixa','07/03/16','Segregació i lliurament','634');
INSERT INTO Trasllat (nif_empresa, cod_residu, data_enviament,cod_desti,envas,data_arribada,tractament,quantitat_trasllat)  VALUES  ('A-12000095','108','04/03/16','4','pot','08/03/16','Inactivació i envasat','344');
INSERT INTO Trasllat (nif_empresa, cod_residu, data_enviament,cod_desti,envas,data_arribada,tractament,quantitat_trasllat)  VALUES  ('A-12000116','108','05/03/16','5','borsa','09/03/16','Inactivació i envasat','233');
INSERT INTO Trasllat (nif_empresa, cod_residu, data_enviament,cod_desti,envas,data_arribada,tractament,quantitat_trasllat)  VALUES  ('A-12000135','108','06/03/16','6','sac','10/03/16','Segregació i lliurament','112');
INSERT INTO Trasllat (nif_empresa, cod_residu, data_enviament,cod_desti,envas,data_arribada,tractament,quantitat_trasllat)  VALUES  ('A-12000153','108','07/03/16','7','bido','11/03/16','Inactivació i envasat','677');
INSERT INTO Trasllat (nif_empresa, cod_residu, data_enviament,cod_desti,envas,data_arribada,tractament,quantitat_trasllat)  VALUES  ('A-12000173','108','08/03/16','8','llauna','12/03/16','Inactivació, control i abocament','324');
INSERT INTO Trasllat (nif_empresa, cod_residu, data_enviament,cod_desti,envas,data_arribada,tractament,quantitat_trasllat)  VALUES  ('A-12000191','108','09/03/16','9','caixa','13/03/16','Segregació i lliurament','12');
INSERT INTO Trasllat (nif_empresa, cod_residu, data_enviament,cod_desti,envas,data_arribada,tractament,quantitat_trasllat)  VALUES  ('A-12000209','108','10/03/16','10','pot','14/03/16','Inactivació i envasat','344');
INSERT INTO Trasllat (nif_empresa, cod_residu, data_enviament,cod_desti,envas,data_arribada,tractament,quantitat_trasllat)  VALUES  ('A-12000227','108','11/03/16','11','borsa','15/03/16','Inactivació i envasat','75');
INSERT INTO Trasllat (nif_empresa, cod_residu, data_enviament,cod_desti,envas,data_arribada,tractament,quantitat_trasllat)  VALUES  ('A-12000245','108','12/03/16','12','sac','16/03/16','Segregació i lliurament','23');
INSERT INTO Trasllat (nif_empresa, cod_residu, data_enviament,cod_desti,envas,data_arribada,tractament,quantitat_trasllat)  VALUES  ('A-12000264','108','13/03/16','13','bido','17/03/16','Inactivació i envasat','12');
INSERT INTO Trasllat (nif_empresa, cod_residu, data_enviament,cod_desti,envas,data_arribada,tractament,quantitat_trasllat)  VALUES  ('A-12000283','108','14/03/16','14','llauna','18/03/16','Inactivació, control i abocament','342');
INSERT INTO Trasllat (nif_empresa, cod_residu, data_enviament,cod_desti,envas,data_arribada,tractament,quantitat_trasllat)  VALUES  ('A-12000301','108','15/03/16','15','caixa','19/03/16','Segregació i lliurament','223');
INSERT INTO Trasllat (nif_empresa, cod_residu, data_enviament,cod_desti,envas,data_arribada,tractament,quantitat_trasllat)  VALUES  ('A-12000319','108','16/03/16','16','pot','20/03/16','Inactivació i envasat','765');
INSERT INTO Trasllat (nif_empresa, cod_residu, data_enviament,cod_desti,envas,data_arribada,tractament,quantitat_trasllat)  VALUES  ('A-12000338','108','17/03/16','17','borsa','21/03/16','Inactivació i envasat','43');
INSERT INTO Trasllat (nif_empresa, cod_residu, data_enviament,cod_desti,envas,data_arribada,tractament,quantitat_trasllat)  VALUES  ('A-12000356','108','18/03/16','18','sac','22/03/16','Segregació i lliurament','123');
INSERT INTO Trasllat (nif_empresa, cod_residu, data_enviament,cod_desti,envas,data_arribada,tractament,quantitat_trasllat)  VALUES  ('A-12000374','108','19/03/16','19','bido','23/03/16','Inactivació i envasat','23');
INSERT INTO Trasllat (nif_empresa, cod_residu, data_enviament,cod_desti,envas,data_arribada,tractament,quantitat_trasllat)  VALUES  ('A-12000392','108','20/03/16','20','llauna','24/03/16','Inactivació, control i abocament','456');
INSERT INTO Trasllat (nif_empresa, cod_residu, data_enviament,cod_desti,envas,data_arribada,tractament,quantitat_trasllat)  VALUES  ('A-12000410','108','21/03/16','21','caixa','25/03/16','Segregació i lliurament','221');
INSERT INTO Trasllat (nif_empresa, cod_residu, data_enviament,cod_desti,envas,data_arribada,tractament,quantitat_trasllat)  VALUES  ('A-12000428','108','22/03/16','22','pot','26/03/16','Inactivació i envasat','332');
INSERT INTO Trasllat (nif_empresa, cod_residu, data_enviament,cod_desti,envas,data_arribada,tractament,quantitat_trasllat)  VALUES  ('A-12000446','108','23/03/16','23','borsa','27/03/16','Inactivació i envasat','54');
INSERT INTO Trasllat (nif_empresa, cod_residu, data_enviament,cod_desti,envas,data_arribada,tractament,quantitat_trasllat)  VALUES  ('A-12000464','108','24/03/16','24','sac','28/03/16','Segregació i lliurament','25');
INSERT INTO Trasllat (nif_empresa, cod_residu, data_enviament,cod_desti,envas,data_arribada,tractament,quantitat_trasllat)  VALUES  ('A-12000482','108','25/03/16','25','bido','29/03/16','Inactivació i envasat','6');
INSERT INTO Trasllat (nif_empresa, cod_residu, data_enviament,cod_desti,envas,data_arribada,tractament,quantitat_trasllat)  VALUES  ('A-12000500','108','26/03/16','26','llauna','30/03/16','Inactivació, control i abocament','575');
INSERT INTO Trasllat (nif_empresa, cod_residu, data_enviament,cod_desti,envas,data_arribada,tractament,quantitat_trasllat)  VALUES  ('A-12000518','108','27/03/16','27','caixa','31/03/16','Segregació i lliurament','23');
INSERT INTO Trasllat (nif_empresa, cod_residu, data_enviament,cod_desti,envas,data_arribada,tractament,quantitat_trasllat)  VALUES  ('A-12000536','108','28/03/16','28','pot','01/04/16','Inactivació i envasat','67');
INSERT INTO Trasllat (nif_empresa, cod_residu, data_enviament,cod_desti,envas,data_arribada,tractament,quantitat_trasllat)  VALUES  ('A-12000554','108','29/03/16','28','borsa','02/04/16','Inactivació i envasat','77');
INSERT INTO Trasllat (nif_empresa, cod_residu, data_enviament,cod_desti,envas,data_arribada,tractament,quantitat_trasllat)  VALUES  ('A-12000028','714','30/03/16','1','sac','03/04/16','Segregació i lliurament','2');
INSERT INTO Trasllat (nif_empresa, cod_residu, data_enviament,cod_desti,envas,data_arribada,tractament,quantitat_trasllat)  VALUES  ('A-12000047','714','31/03/16','2','bido','04/04/16','Inactivació i envasat','6');
INSERT INTO Trasllat (nif_empresa, cod_residu, data_enviament,cod_desti,envas,data_arribada,tractament,quantitat_trasllat)  VALUES  ('A-12000067','714','01/04/16','3','llauna','05/04/16','Inactivació, control i abocament','9');
INSERT INTO Trasllat (nif_empresa, cod_residu, data_enviament,cod_desti,envas,data_arribada,tractament,quantitat_trasllat)  VALUES  ('A-12000087','714','02/04/16','4','caixa','06/04/16','Segregació i lliurament','23');
INSERT INTO Trasllat (nif_empresa, cod_residu, data_enviament,cod_desti,envas,data_arribada,tractament,quantitat_trasllat)  VALUES  ('A-12000107','714','03/04/16','5','pot','07/04/16','Inactivació i envasat','85');
INSERT INTO Trasllat (nif_empresa, cod_residu, data_enviament,cod_desti,envas,data_arribada,tractament,quantitat_trasllat)  VALUES  ('A-12000128','714','04/04/16','6','borsa','08/04/16','Inactivació i envasat','1');
INSERT INTO Trasllat (nif_empresa, cod_residu, data_enviament,cod_desti,envas,data_arribada,tractament,quantitat_trasllat)  VALUES  ('A-12000146','714','05/04/16','7','sac','09/04/16','Segregació i lliurament','5');
INSERT INTO Trasllat (nif_empresa, cod_residu, data_enviament,cod_desti,envas,data_arribada,tractament,quantitat_trasllat)  VALUES  ('A-12000165','714','06/04/16','8','bido','10/04/16','Inactivació i envasat','34');
INSERT INTO Trasllat (nif_empresa, cod_residu, data_enviament,cod_desti,envas,data_arribada,tractament,quantitat_trasllat)  VALUES  ('A-12000184','714','07/04/16','9','llauna','11/04/16','Inactivació, control i abocament','756');
INSERT INTO Trasllat (nif_empresa, cod_residu, data_enviament,cod_desti,envas,data_arribada,tractament,quantitat_trasllat)  VALUES  ('A-12000202','714','08/04/16','10','caixa','12/04/16','Segregació i lliurament','234');
INSERT INTO Trasllat (nif_empresa, cod_residu, data_enviament,cod_desti,envas,data_arribada,tractament,quantitat_trasllat)  VALUES  ('A-12000220','714','09/04/16','11','pot','13/04/16','Inactivació i envasat','75');
INSERT INTO Trasllat (nif_empresa, cod_residu, data_enviament,cod_desti,envas,data_arribada,tractament,quantitat_trasllat)  VALUES  ('A-12000238','714','10/04/16','12','borsa','14/04/16','Inactivació i envasat','96');
INSERT INTO Trasllat (nif_empresa, cod_residu, data_enviament,cod_desti,envas,data_arribada,tractament,quantitat_trasllat)  VALUES  ('A-12000256','714','11/04/16','13','sac','15/04/16','Segregació i lliurament','431');
INSERT INTO Trasllat (nif_empresa, cod_residu, data_enviament,cod_desti,envas,data_arribada,tractament,quantitat_trasllat)  VALUES  ('A-12000275','714','12/04/16','14','bido','16/04/16','Inactivació i envasat','4');
INSERT INTO Trasllat (nif_empresa, cod_residu, data_enviament,cod_desti,envas,data_arribada,tractament,quantitat_trasllat)  VALUES  ('A-12000294','714','13/04/16','15','llauna','17/04/16','Inactivació, control i abocament','2');
INSERT INTO Trasllat (nif_empresa, cod_residu, data_enviament,cod_desti,envas,data_arribada,tractament,quantitat_trasllat)  VALUES  ('A-12000312','714','14/04/16','16','caixa','18/04/16','Segregació i lliurament','5');
INSERT INTO Trasllat (nif_empresa, cod_residu, data_enviament,cod_desti,envas,data_arribada,tractament,quantitat_trasllat)  VALUES  ('A-12000331','714','15/04/16','17','pot','19/04/16','Inactivació i envasat','8');
INSERT INTO Trasllat (nif_empresa, cod_residu, data_enviament,cod_desti,envas,data_arribada,tractament,quantitat_trasllat)  VALUES  ('A-12000349','714','16/04/16','18','borsa','20/04/16','Inactivació i envasat','22');
INSERT INTO Trasllat (nif_empresa, cod_residu, data_enviament,cod_desti,envas,data_arribada,tractament,quantitat_trasllat)  VALUES  ('A-12000367','714','17/04/16','19','sac','21/04/16','Segregació i lliurament','34');
INSERT INTO Trasllat (nif_empresa, cod_residu, data_enviament,cod_desti,envas,data_arribada,tractament,quantitat_trasllat)  VALUES  ('A-12000385','714','18/04/16','20','bido','22/04/16','Inactivació i envasat','9');
INSERT INTO Trasllat (nif_empresa, cod_residu, data_enviament,cod_desti,envas,data_arribada,tractament,quantitat_trasllat)  VALUES  ('A-12000403','714','19/04/16','21','llauna','23/04/16','Inactivació, control i abocament','65');
INSERT INTO Trasllat (nif_empresa, cod_residu, data_enviament,cod_desti,envas,data_arribada,tractament,quantitat_trasllat)  VALUES  ('A-12000421','714','20/04/16','22','caixa','24/04/16','Segregació i lliurament','33');
INSERT INTO Trasllat (nif_empresa, cod_residu, data_enviament,cod_desti,envas,data_arribada,tractament,quantitat_trasllat)  VALUES  ('A-12000439','714','21/04/16','23','pot','25/04/16','Inactivació i envasat','55');
INSERT INTO Trasllat (nif_empresa, cod_residu, data_enviament,cod_desti,envas,data_arribada,tractament,quantitat_trasllat)  VALUES  ('A-12000457','714','22/04/16','24','borsa','26/04/16','Inactivació i envasat','67');
INSERT INTO Trasllat (nif_empresa, cod_residu, data_enviament,cod_desti,envas,data_arribada,tractament,quantitat_trasllat)  VALUES  ('A-12000475','714','23/04/16','25','sac','27/04/16','Segregació i lliurament','83');
INSERT INTO Trasllat (nif_empresa, cod_residu, data_enviament,cod_desti,envas,data_arribada,tractament,quantitat_trasllat)  VALUES  ('A-12000493','714','24/04/16','26','bido','28/04/16','Inactivació i envasat','2');
INSERT INTO Trasllat (nif_empresa, cod_residu, data_enviament,cod_desti,envas,data_arribada,tractament,quantitat_trasllat)  VALUES  ('A-12000511','714','25/04/16','27','llauna','29/04/16','Inactivació, control i abocament','5');
INSERT INTO Trasllat (nif_empresa, cod_residu, data_enviament,cod_desti,envas,data_arribada,tractament,quantitat_trasllat)  VALUES  ('A-12000529','714','26/04/16','28','caixa','30/04/16','Segregació i lliurament','7');
INSERT INTO Trasllat (nif_empresa, cod_residu, data_enviament,cod_desti,envas,data_arribada,tractament,quantitat_trasllat)  VALUES  ('A-12000547','714','27/04/16','28','pot','01/05/16','Inactivació i envasat','43');
INSERT INTO Trasllat (nif_empresa, cod_residu, data_enviament,cod_desti,envas,data_arribada,tractament,quantitat_trasllat)  VALUES  ('A-12000025','1001','28/04/16','1','borsa','02/05/16','Inactivació i envasat','8');
INSERT INTO Trasllat (nif_empresa, cod_residu, data_enviament,cod_desti,envas,data_arribada,tractament,quantitat_trasllat)  VALUES  ('A-12000043','1001','29/04/16','2','sac','03/05/16','Segregació i lliurament','13');
INSERT INTO Trasllat (nif_empresa, cod_residu, data_enviament,cod_desti,envas,data_arribada,tractament,quantitat_trasllat)  VALUES  ('A-12000063','1001','30/04/16','3','bido','04/05/16','Inactivació i envasat','99');
INSERT INTO Trasllat (nif_empresa, cod_residu, data_enviament,cod_desti,envas,data_arribada,tractament,quantitat_trasllat)  VALUES  ('A-12000083','1001','01/05/16','4','llauna','05/05/16','Inactivació, control i abocament','12');
INSERT INTO Trasllat (nif_empresa, cod_residu, data_enviament,cod_desti,envas,data_arribada,tractament,quantitat_trasllat)  VALUES  ('A-12000104','1001','02/05/16','5','caixa','06/05/16','Segregació i lliurament','435');
INSERT INTO Trasllat (nif_empresa, cod_residu, data_enviament,cod_desti,envas,data_arribada,tractament,quantitat_trasllat)  VALUES  ('A-12000125','1001','03/05/16','6','pot','07/05/16','Inactivació i envasat','635');
INSERT INTO Trasllat (nif_empresa, cod_residu, data_enviament,cod_desti,envas,data_arribada,tractament,quantitat_trasllat)  VALUES  ('A-12000143','1001','04/05/16','7','borsa','08/05/16','Inactivació i envasat','86');
INSERT INTO Trasllat (nif_empresa, cod_residu, data_enviament,cod_desti,envas,data_arribada,tractament,quantitat_trasllat)  VALUES  ('A-12000161','1001','05/05/16','8','sac','09/05/16','Segregació i lliurament','123');
INSERT INTO Trasllat (nif_empresa, cod_residu, data_enviament,cod_desti,envas,data_arribada,tractament,quantitat_trasllat)  VALUES  ('A-12000181','1001','06/05/16','9','bido','10/05/16','Inactivació i envasat','74');
INSERT INTO Trasllat (nif_empresa, cod_residu, data_enviament,cod_desti,envas,data_arribada,tractament,quantitat_trasllat)  VALUES  ('A-12000199','1001','07/05/16','10','llauna','11/05/16','Inactivació, control i abocament','157');
INSERT INTO Trasllat (nif_empresa, cod_residu, data_enviament,cod_desti,envas,data_arribada,tractament,quantitat_trasllat)  VALUES  ('A-12000217','1001','08/05/16','11','caixa','12/05/16','Segregació i lliurament','17');
INSERT INTO Trasllat (nif_empresa, cod_residu, data_enviament,cod_desti,envas,data_arribada,tractament,quantitat_trasllat)  VALUES  ('A-12000235','1001','09/05/16','12','pot','13/05/16','Inactivació i envasat','14');
INSERT INTO Trasllat (nif_empresa, cod_residu, data_enviament,cod_desti,envas,data_arribada,tractament,quantitat_trasllat)  VALUES  ('A-12000253','1001','10/05/16','13','borsa','14/05/16','Inactivació i envasat','87');
INSERT INTO Trasllat (nif_empresa, cod_residu, data_enviament,cod_desti,envas,data_arribada,tractament,quantitat_trasllat)  VALUES  ('A-12000272','1001','11/05/16','14','sac','15/05/16','Segregació i lliurament','23');
INSERT INTO Trasllat (nif_empresa, cod_residu, data_enviament,cod_desti,envas,data_arribada,tractament,quantitat_trasllat)  VALUES  ('A-12000291','1001','12/05/16','15','bido','16/05/16','Inactivació i envasat','763');
INSERT INTO Trasllat (nif_empresa, cod_residu, data_enviament,cod_desti,envas,data_arribada,tractament,quantitat_trasllat)  VALUES  ('A-12000309','1001','13/05/16','16','llauna','17/05/16','Inactivació, control i abocament','13');
INSERT INTO Trasllat (nif_empresa, cod_residu, data_enviament,cod_desti,envas,data_arribada,tractament,quantitat_trasllat)  VALUES  ('A-12000328','1001','14/05/16','17','caixa','18/05/16','Segregació i lliurament','7');
INSERT INTO Trasllat (nif_empresa, cod_residu, data_enviament,cod_desti,envas,data_arribada,tractament,quantitat_trasllat)  VALUES  ('A-12000346','1001','15/05/16','18','pot','19/05/16','Inactivació i envasat','3');
INSERT INTO Trasllat (nif_empresa, cod_residu, data_enviament,cod_desti,envas,data_arribada,tractament,quantitat_trasllat)  VALUES  ('A-12000364','1001','16/05/16','19','borsa','20/05/16','Inactivació i envasat','6');
INSERT INTO Trasllat (nif_empresa, cod_residu, data_enviament,cod_desti,envas,data_arribada,tractament,quantitat_trasllat)  VALUES  ('A-12000382','1001','17/05/16','20','sac','21/05/16','Segregació i lliurament','7');
INSERT INTO Trasllat (nif_empresa, cod_residu, data_enviament,cod_desti,envas,data_arribada,tractament,quantitat_trasllat)  VALUES  ('A-12000400','1001','18/05/16','21','bido','22/05/16','Inactivació i envasat','3');
INSERT INTO Trasllat (nif_empresa, cod_residu, data_enviament,cod_desti,envas,data_arribada,tractament,quantitat_trasllat)  VALUES  ('A-12000418','1001','19/05/16','22','llauna','23/05/16','Inactivació, control i abocament','21');
INSERT INTO Trasllat (nif_empresa, cod_residu, data_enviament,cod_desti,envas,data_arribada,tractament,quantitat_trasllat)  VALUES  ('A-12000436','1001','20/05/16','23','caixa','24/05/16','Segregació i lliurament','4');
INSERT INTO Trasllat (nif_empresa, cod_residu, data_enviament,cod_desti,envas,data_arribada,tractament,quantitat_trasllat)  VALUES  ('A-12000454','1001','21/05/16','24','pot','25/05/16','Inactivació i envasat','45');
INSERT INTO Trasllat (nif_empresa, cod_residu, data_enviament,cod_desti,envas,data_arribada,tractament,quantitat_trasllat)  VALUES  ('A-12000472','1001','22/05/16','25','borsa','26/05/16','Inactivació i envasat','56');
INSERT INTO Trasllat (nif_empresa, cod_residu, data_enviament,cod_desti,envas,data_arribada,tractament,quantitat_trasllat)  VALUES  ('A-12000490','1001','23/05/16','26','sac','27/05/16','Segregació i lliurament','334');
INSERT INTO Trasllat (nif_empresa, cod_residu, data_enviament,cod_desti,envas,data_arribada,tractament,quantitat_trasllat)  VALUES  ('A-12000508','1001','24/05/16','27','bido','28/05/16','Inactivació i envasat','455');
INSERT INTO Trasllat (nif_empresa, cod_residu, data_enviament,cod_desti,envas,data_arribada,tractament,quantitat_trasllat)  VALUES  ('A-12000526','1001','25/05/16','28','llauna','29/05/16','Inactivació, control i abocament','43');
INSERT INTO Trasllat (nif_empresa, cod_residu, data_enviament,cod_desti,envas,data_arribada,tractament,quantitat_trasllat)  VALUES  ('A-12000544','1001','26/05/16','28','caixa','30/05/16','Segregació i lliurament','33');
INSERT INTO Trasllat (nif_empresa, cod_residu, data_enviament,cod_desti,envas,data_arribada,tractament,quantitat_trasllat)  VALUES  ('A-12000033','1974','27/05/16','1','pot','31/05/16','Inactivació i envasat','563');
INSERT INTO Trasllat (nif_empresa, cod_residu, data_enviament,cod_desti,envas,data_arribada,tractament,quantitat_trasllat)  VALUES  ('A-12000072','1974','28/05/16','2','borsa','01/06/16','Inactivació i envasat','56');
INSERT INTO Trasllat (nif_empresa, cod_residu, data_enviament,cod_desti,envas,data_arribada,tractament,quantitat_trasllat)  VALUES  ('A-12000093','1974','29/05/16','3','sac','02/06/16','Segregació i lliurament','47');
INSERT INTO Trasllat (nif_empresa, cod_residu, data_enviament,cod_desti,envas,data_arribada,tractament,quantitat_trasllat)  VALUES  ('A-12000114','1974','30/05/16','4','bido','03/06/16','Inactivació i envasat','2');
INSERT INTO Trasllat (nif_empresa, cod_residu, data_enviament,cod_desti,envas,data_arribada,tractament,quantitat_trasllat)  VALUES  ('A-12000133','1974','31/05/16','5','llauna','04/06/16','Inactivació, control i abocament','4');
INSERT INTO Trasllat (nif_empresa, cod_residu, data_enviament,cod_desti,envas,data_arribada,tractament,quantitat_trasllat)  VALUES  ('A-12000151','1974','01/06/16','6','caixa','05/06/16','Segregació i lliurament','43');
INSERT INTO Trasllat (nif_empresa, cod_residu, data_enviament,cod_desti,envas,data_arribada,tractament,quantitat_trasllat)  VALUES  ('A-12000171','1974','02/06/16','7','pot','06/06/16','Inactivació i envasat','13');
INSERT INTO Trasllat (nif_empresa, cod_residu, data_enviament,cod_desti,envas,data_arribada,tractament,quantitat_trasllat)  VALUES  ('A-12000189','1974','03/06/16','8','borsa','07/06/16','Inactivació i envasat','212');
INSERT INTO Trasllat (nif_empresa, cod_residu, data_enviament,cod_desti,envas,data_arribada,tractament,quantitat_trasllat)  VALUES  ('A-12000207','1974','04/06/16','9','sac','08/06/16','Segregació i lliurament','643');
INSERT INTO Trasllat (nif_empresa, cod_residu, data_enviament,cod_desti,envas,data_arribada,tractament,quantitat_trasllat)  VALUES  ('A-12000225','1974','05/06/16','10','bido','09/06/16','Inactivació i envasat','76');
INSERT INTO Trasllat (nif_empresa, cod_residu, data_enviament,cod_desti,envas,data_arribada,tractament,quantitat_trasllat)  VALUES  ('A-12000243','1974','06/06/16','11','llauna','10/06/16','Inactivació, control i abocament','856');
INSERT INTO Trasllat (nif_empresa, cod_residu, data_enviament,cod_desti,envas,data_arribada,tractament,quantitat_trasllat)  VALUES  ('A-12000262','1974','07/06/16','12','caixa','11/06/16','Segregació i lliurament','235');
INSERT INTO Trasllat (nif_empresa, cod_residu, data_enviament,cod_desti,envas,data_arribada,tractament,quantitat_trasllat)  VALUES  ('A-12000281','1974','08/06/16','13','pot','12/06/16','Inactivació i envasat','74');
INSERT INTO Trasllat (nif_empresa, cod_residu, data_enviament,cod_desti,envas,data_arribada,tractament,quantitat_trasllat)  VALUES  ('A-12000299','1974','09/06/16','14','borsa','13/06/16','Inactivació i envasat','564');
INSERT INTO Trasllat (nif_empresa, cod_residu, data_enviament,cod_desti,envas,data_arribada,tractament,quantitat_trasllat)  VALUES  ('A-12000317','1974','10/06/16','15','sac','14/06/16','Segregació i lliurament','74');
INSERT INTO Trasllat (nif_empresa, cod_residu, data_enviament,cod_desti,envas,data_arribada,tractament,quantitat_trasllat)  VALUES  ('A-12000336','1974','11/06/16','16','bido','15/06/16','Inactivació i envasat','23');
INSERT INTO Trasllat (nif_empresa, cod_residu, data_enviament,cod_desti,envas,data_arribada,tractament,quantitat_trasllat)  VALUES  ('A-12000354','1974','12/06/16','17','llauna','16/06/16','Inactivació, control i abocament','74');
INSERT INTO Trasllat (nif_empresa, cod_residu, data_enviament,cod_desti,envas,data_arribada,tractament,quantitat_trasllat)  VALUES  ('A-12000372','1974','13/06/16','18','caixa','17/06/16','Segregació i lliurament','23');
INSERT INTO Trasllat (nif_empresa, cod_residu, data_enviament,cod_desti,envas,data_arribada,tractament,quantitat_trasllat)  VALUES  ('A-12000390','1974','14/06/16','19','pot','18/06/16','Inactivació i envasat','3');
INSERT INTO Trasllat (nif_empresa, cod_residu, data_enviament,cod_desti,envas,data_arribada,tractament,quantitat_trasllat)  VALUES  ('A-12000408','1974','15/06/16','20','borsa','19/06/16','Inactivació i envasat','3');
INSERT INTO Trasllat (nif_empresa, cod_residu, data_enviament,cod_desti,envas,data_arribada,tractament,quantitat_trasllat)  VALUES  ('A-12000426','1974','16/06/16','21','sac','20/06/16','Segregació i lliurament','32');
INSERT INTO Trasllat (nif_empresa, cod_residu, data_enviament,cod_desti,envas,data_arribada,tractament,quantitat_trasllat)  VALUES  ('A-12000444','1974','17/06/16','22','bido','21/06/16','Inactivació i envasat','352');
INSERT INTO Trasllat (nif_empresa, cod_residu, data_enviament,cod_desti,envas,data_arribada,tractament,quantitat_trasllat)  VALUES  ('A-12000462','1974','18/06/16','23','llauna','22/06/16','Inactivació, control i abocament','12');
INSERT INTO Trasllat (nif_empresa, cod_residu, data_enviament,cod_desti,envas,data_arribada,tractament,quantitat_trasllat)  VALUES  ('A-12000480','1974','19/06/16','24','caixa','23/06/16','Segregació i lliurament','13');
INSERT INTO Trasllat (nif_empresa, cod_residu, data_enviament,cod_desti,envas,data_arribada,tractament,quantitat_trasllat)  VALUES  ('A-12000498','1974','20/06/16','25','pot','24/06/16','Inactivació i envasat','25');
INSERT INTO Trasllat (nif_empresa, cod_residu, data_enviament,cod_desti,envas,data_arribada,tractament,quantitat_trasllat)  VALUES  ('A-12000516','1974','21/06/16','26','borsa','25/06/16','Inactivació i envasat','36');
INSERT INTO Trasllat (nif_empresa, cod_residu, data_enviament,cod_desti,envas,data_arribada,tractament,quantitat_trasllat)  VALUES  ('A-12000534','1974','22/06/16','27','sac','26/06/16','Segregació i lliurament','45');
INSERT INTO Trasllat (nif_empresa, cod_residu, data_enviament,cod_desti,envas,data_arribada,tractament,quantitat_trasllat)  VALUES  ('A-12000552','1974','23/06/16','28','bido','27/06/16','Inactivació i envasat','50');
INSERT INTO Trasllat (nif_empresa, cod_residu, data_enviament,cod_desti,envas,data_arribada,tractament,quantitat_trasllat)  VALUES  ('A-12000052','1974','24/06/16','28','llauna','28/06/16','Inactivació, control i abocament','101');
INSERT INTO Trasllat (nif_empresa, cod_residu, data_enviament,cod_desti,envas,data_arribada,tractament,quantitat_trasllat)  VALUES  ('A-12000024','2020','25/06/16','1','caixa','29/06/16','Segregació i lliurament','110');
INSERT INTO Trasllat (nif_empresa, cod_residu, data_enviament,cod_desti,envas,data_arribada,tractament,quantitat_trasllat)  VALUES  ('A-12000042','2020','26/06/16','2','pot','30/06/16','Inactivació i envasat','110');
INSERT INTO Trasllat (nif_empresa, cod_residu, data_enviament,cod_desti,envas,data_arribada,tractament,quantitat_trasllat)  VALUES  ('A-12000062','2020','27/06/16','3','borsa','01/07/16','Inactivació i envasat','111');
INSERT INTO Trasllat (nif_empresa, cod_residu, data_enviament,cod_desti,envas,data_arribada,tractament,quantitat_trasllat)  VALUES  ('A-12000082','2020','28/06/16','4','sac','02/07/16','Segregació i lliurament','101');
INSERT INTO Trasllat (nif_empresa, cod_residu, data_enviament,cod_desti,envas,data_arribada,tractament,quantitat_trasllat)  VALUES  ('A-12000103','2020','29/06/16','5','bido','03/07/16','Inactivació i envasat','110');
INSERT INTO Trasllat (nif_empresa, cod_residu, data_enviament,cod_desti,envas,data_arribada,tractament,quantitat_trasllat)  VALUES  ('A-12000124','2020','30/06/16','6','llauna','04/07/16','Inactivació, control i abocament','101');
INSERT INTO Trasllat (nif_empresa, cod_residu, data_enviament,cod_desti,envas,data_arribada,tractament,quantitat_trasllat)  VALUES  ('A-12000142','2020','01/07/16','7','caixa','05/07/16','Segregació i lliurament','100');
INSERT INTO Trasllat (nif_empresa, cod_residu, data_enviament,cod_desti,envas,data_arribada,tractament,quantitat_trasllat)  VALUES  ('A-12000160','2020','02/07/16','8','pot','06/07/16','Inactivació i envasat','98');
INSERT INTO Trasllat (nif_empresa, cod_residu, data_enviament,cod_desti,envas,data_arribada,tractament,quantitat_trasllat)  VALUES  ('A-12000180','2020','03/07/16','9','borsa','07/07/16','Inactivació i envasat','189');
INSERT INTO Trasllat (nif_empresa, cod_residu, data_enviament,cod_desti,envas,data_arribada,tractament,quantitat_trasllat)  VALUES  ('A-12000198','2020','04/07/16','10','sac','08/07/16','Segregació i lliurament','190');
INSERT INTO Trasllat (nif_empresa, cod_residu, data_enviament,cod_desti,envas,data_arribada,tractament,quantitat_trasllat)  VALUES  ('A-12000216','2020','05/07/16','11','bido','09/07/16','Inactivació i envasat','197');
INSERT INTO Trasllat (nif_empresa, cod_residu, data_enviament,cod_desti,envas,data_arribada,tractament,quantitat_trasllat)  VALUES  ('A-12000234','2020','06/07/16','12','llauna','10/07/16','Inactivació, control i abocament','216');
INSERT INTO Trasllat (nif_empresa, cod_residu, data_enviament,cod_desti,envas,data_arribada,tractament,quantitat_trasllat)  VALUES  ('A-12000252','2020','07/07/16','13','caixa','11/07/16','Segregació i lliurament','235');
INSERT INTO Trasllat (nif_empresa, cod_residu, data_enviament,cod_desti,envas,data_arribada,tractament,quantitat_trasllat)  VALUES  ('A-12000271','2020','08/07/16','14','pot','12/07/16','Inactivació i envasat','254');
INSERT INTO Trasllat (nif_empresa, cod_residu, data_enviament,cod_desti,envas,data_arribada,tractament,quantitat_trasllat)  VALUES  ('A-12000290','2020','09/07/16','15','borsa','13/07/16','Inactivació i envasat','273');
INSERT INTO Trasllat (nif_empresa, cod_residu, data_enviament,cod_desti,envas,data_arribada,tractament,quantitat_trasllat)  VALUES  ('A-12000308','2020','10/07/16','16','sac','14/07/16','Segregació i lliurament','292');
INSERT INTO Trasllat (nif_empresa, cod_residu, data_enviament,cod_desti,envas,data_arribada,tractament,quantitat_trasllat)  VALUES  ('A-12000326','2020','11/07/16','17','bido','15/07/16','Inactivació i envasat','311');
INSERT INTO Trasllat (nif_empresa, cod_residu, data_enviament,cod_desti,envas,data_arribada,tractament,quantitat_trasllat)  VALUES  ('A-12000345','2020','12/07/16','18','llauna','16/07/16','Inactivació, control i abocament','330');
INSERT INTO Trasllat (nif_empresa, cod_residu, data_enviament,cod_desti,envas,data_arribada,tractament,quantitat_trasllat)  VALUES  ('A-12000363','2020','13/07/16','19','caixa','17/07/16','Segregació i lliurament','348');
INSERT INTO Trasllat (nif_empresa, cod_residu, data_enviament,cod_desti,envas,data_arribada,tractament,quantitat_trasllat)  VALUES  ('A-12000381','2020','14/07/16','20','pot','18/07/16','Inactivació i envasat','367');
INSERT INTO Trasllat (nif_empresa, cod_residu, data_enviament,cod_desti,envas,data_arribada,tractament,quantitat_trasllat)  VALUES  ('A-12000399','2020','15/07/16','21','borsa','19/07/16','Inactivació i envasat','386');
INSERT INTO Trasllat (nif_empresa, cod_residu, data_enviament,cod_desti,envas,data_arribada,tractament,quantitat_trasllat)  VALUES  ('A-12000417','2020','16/07/16','22','sac','20/07/16','Segregació i lliurament','406');
INSERT INTO Trasllat (nif_empresa, cod_residu, data_enviament,cod_desti,envas,data_arribada,tractament,quantitat_trasllat)  VALUES  ('A-12000435','2020','17/07/16','23','bido','21/07/16','Inactivació i envasat','424');
INSERT INTO Trasllat (nif_empresa, cod_residu, data_enviament,cod_desti,envas,data_arribada,tractament,quantitat_trasllat)  VALUES  ('A-12000453','2020','18/07/16','24','llauna','22/07/16','Inactivació, control i abocament','443');
INSERT INTO Trasllat (nif_empresa, cod_residu, data_enviament,cod_desti,envas,data_arribada,tractament,quantitat_trasllat)  VALUES  ('A-12000471','2020','19/07/16','25','caixa','23/07/16','Segregació i lliurament','45');
INSERT INTO Trasllat (nif_empresa, cod_residu, data_enviament,cod_desti,envas,data_arribada,tractament,quantitat_trasllat)  VALUES  ('A-12000489','2020','20/07/16','26','pot','24/07/16','Inactivació i envasat','64');
INSERT INTO Trasllat (nif_empresa, cod_residu, data_enviament,cod_desti,envas,data_arribada,tractament,quantitat_trasllat)  VALUES  ('A-12000507','2020','21/07/16','27','borsa','25/07/16','Inactivació i envasat','127');
INSERT INTO Trasllat (nif_empresa, cod_residu, data_enviament,cod_desti,envas,data_arribada,tractament,quantitat_trasllat)  VALUES  ('A-12000525','2020','22/07/16','28','sac','26/07/16','Segregació i lliurament','86');
INSERT INTO Trasllat (nif_empresa, cod_residu, data_enviament,cod_desti,envas,data_arribada,tractament,quantitat_trasllat)  VALUES  ('A-12000543','2020','23/07/16','28','bido','27/07/16','Inactivació i envasat','46');
INSERT INTO Trasllat (nif_empresa, cod_residu, data_enviament,cod_desti,envas,data_arribada,tractament,quantitat_trasllat)  VALUES  ('A-12000038','2030','24/07/16','1','llauna','28/07/16','Inactivació, control i abocament','5');
INSERT INTO Trasllat (nif_empresa, cod_residu, data_enviament,cod_desti,envas,data_arribada,tractament,quantitat_trasllat)  VALUES  ('A-12000057','2030','25/07/16','2','caixa','29/07/16','Segregació i lliurament','35');
INSERT INTO Trasllat (nif_empresa, cod_residu, data_enviament,cod_desti,envas,data_arribada,tractament,quantitat_trasllat)  VALUES  ('A-12000077','2030','26/07/16','3','pot','30/07/16','Inactivació i envasat','75');
INSERT INTO Trasllat (nif_empresa, cod_residu, data_enviament,cod_desti,envas,data_arribada,tractament,quantitat_trasllat)  VALUES  ('A-12000098','2030','27/07/16','4','borsa','31/07/16','Inactivació i envasat','116');
INSERT INTO Trasllat (nif_empresa, cod_residu, data_enviament,cod_desti,envas,data_arribada,tractament,quantitat_trasllat)  VALUES  ('A-12000120','2030','28/07/16','5','sac','01/08/16','Segregació i lliurament','157');
INSERT INTO Trasllat (nif_empresa, cod_residu, data_enviament,cod_desti,envas,data_arribada,tractament,quantitat_trasllat)  VALUES  ('A-12000138','2030','29/07/16','6','bido','02/08/16','Inactivació i envasat','198');
INSERT INTO Trasllat (nif_empresa, cod_residu, data_enviament,cod_desti,envas,data_arribada,tractament,quantitat_trasllat)  VALUES  ('A-12000156','2030','30/07/16','7','llauna','03/08/16','Inactivació, control i abocament','283');
INSERT INTO Trasllat (nif_empresa, cod_residu, data_enviament,cod_desti,envas,data_arribada,tractament,quantitat_trasllat)  VALUES  ('A-12000176','2030','31/07/16','8','caixa','04/08/16','Segregació i lliurament','279');
INSERT INTO Trasllat (nif_empresa, cod_residu, data_enviament,cod_desti,envas,data_arribada,tractament,quantitat_trasllat)  VALUES  ('A-12000194','2030','01/08/16','9','pot','05/08/16','Inactivació i envasat','320');
INSERT INTO Trasllat (nif_empresa, cod_residu, data_enviament,cod_desti,envas,data_arribada,tractament,quantitat_trasllat)  VALUES  ('A-12000212','2030','02/08/16','10','borsa','06/08/16','Inactivació i envasat','360');
INSERT INTO Trasllat (nif_empresa, cod_residu, data_enviament,cod_desti,envas,data_arribada,tractament,quantitat_trasllat)  VALUES  ('A-12000230','2030','03/08/16','11','sac','07/08/16','Segregació i lliurament','401');
INSERT INTO Trasllat (nif_empresa, cod_residu, data_enviament,cod_desti,envas,data_arribada,tractament,quantitat_trasllat)  VALUES  ('A-12000248','2030','04/08/16','12','bido','08/08/16','Inactivació i envasat','224');
INSERT INTO Trasllat (nif_empresa, cod_residu, data_enviament,cod_desti,envas,data_arribada,tractament,quantitat_trasllat)  VALUES  ('A-12000267','2030','05/08/16','13','llauna','09/08/16','Inactivació, control i abocament','423');
INSERT INTO Trasllat (nif_empresa, cod_residu, data_enviament,cod_desti,envas,data_arribada,tractament,quantitat_trasllat)  VALUES  ('A-12000286','2030','06/08/16','14','caixa','10/08/16','Segregació i lliurament','2425');
INSERT INTO Trasllat (nif_empresa, cod_residu, data_enviament,cod_desti,envas,data_arribada,tractament,quantitat_trasllat)  VALUES  ('A-12000304','2030','07/08/16','15','pot','11/08/16','Inactivació i envasat','532');
INSERT INTO Trasllat (nif_empresa, cod_residu, data_enviament,cod_desti,envas,data_arribada,tractament,quantitat_trasllat)  VALUES  ('A-12000322','2030','08/08/16','16','borsa','12/08/16','Inactivació i envasat','35');
INSERT INTO Trasllat (nif_empresa, cod_residu, data_enviament,cod_desti,envas,data_arribada,tractament,quantitat_trasllat)  VALUES  ('A-12000341','2030','09/08/16','17','sac','13/08/16','Segregació i lliurament','2432');
INSERT INTO Trasllat (nif_empresa, cod_residu, data_enviament,cod_desti,envas,data_arribada,tractament,quantitat_trasllat)  VALUES  ('A-12000359','2030','10/08/16','18','bido','14/08/16','Inactivació i envasat','234');
INSERT INTO Trasllat (nif_empresa, cod_residu, data_enviament,cod_desti,envas,data_arribada,tractament,quantitat_trasllat)  VALUES  ('A-12000377','2030','11/08/16','19','llauna','15/08/16','Inactivació, control i abocament','43');
INSERT INTO Trasllat (nif_empresa, cod_residu, data_enviament,cod_desti,envas,data_arribada,tractament,quantitat_trasllat)  VALUES  ('A-12000395','2030','12/08/16','20','caixa','16/08/16','Segregació i lliurament','646');
INSERT INTO Trasllat (nif_empresa, cod_residu, data_enviament,cod_desti,envas,data_arribada,tractament,quantitat_trasllat)  VALUES  ('A-12000413','2030','13/08/16','21','pot','17/08/16','Inactivació i envasat','243');
INSERT INTO Trasllat (nif_empresa, cod_residu, data_enviament,cod_desti,envas,data_arribada,tractament,quantitat_trasllat)  VALUES  ('A-12000431','2030','14/08/16','22','borsa','18/08/16','Inactivació i envasat','53');
INSERT INTO Trasllat (nif_empresa, cod_residu, data_enviament,cod_desti,envas,data_arribada,tractament,quantitat_trasllat)  VALUES  ('A-12000449','2030','15/08/16','23','sac','19/08/16','Segregació i lliurament','645');
INSERT INTO Trasllat (nif_empresa, cod_residu, data_enviament,cod_desti,envas,data_arribada,tractament,quantitat_trasllat)  VALUES  ('A-12000467','2030','16/08/16','24','bido','20/08/16','Inactivació i envasat','23');
INSERT INTO Trasllat (nif_empresa, cod_residu, data_enviament,cod_desti,envas,data_arribada,tractament,quantitat_trasllat)  VALUES  ('A-12000485','2030','17/08/16','25','llauna','21/08/16','Inactivació, control i abocament','543');
INSERT INTO Trasllat (nif_empresa, cod_residu, data_enviament,cod_desti,envas,data_arribada,tractament,quantitat_trasllat)  VALUES  ('A-12000503','2030','18/08/16','26','caixa','22/08/16','Segregació i lliurament','656');
INSERT INTO Trasllat (nif_empresa, cod_residu, data_enviament,cod_desti,envas,data_arribada,tractament,quantitat_trasllat)  VALUES  ('A-12000521','2030','19/08/16','27','pot','23/08/16','Inactivació i envasat','243');
INSERT INTO Trasllat (nif_empresa, cod_residu, data_enviament,cod_desti,envas,data_arribada,tractament,quantitat_trasllat)  VALUES  ('A-12000539','2030','20/08/16','28','borsa','24/08/16','Inactivació i envasat','233');
INSERT INTO Trasllat (nif_empresa, cod_residu, data_enviament,cod_desti,envas,data_arribada,tractament,quantitat_trasllat)  VALUES  ('A-12000039','2050','21/08/16','28','sac','25/08/16','Segregació i lliurament','345');
INSERT INTO Trasllat (nif_empresa, cod_residu, data_enviament,cod_desti,envas,data_arribada,tractament,quantitat_trasllat)  VALUES  ('A-12000058','2050','22/08/16','1','bido','26/08/16','Inactivació i envasat','53');
INSERT INTO Trasllat (nif_empresa, cod_residu, data_enviament,cod_desti,envas,data_arribada,tractament,quantitat_trasllat)  VALUES  ('A-12000079','2050','23/08/16','2','llauna','27/08/16','Inactivació, control i abocament','654');
INSERT INTO Trasllat (nif_empresa, cod_residu, data_enviament,cod_desti,envas,data_arribada,tractament,quantitat_trasllat)  VALUES  ('A-12000099','2050','24/08/16','3','caixa','28/08/16','Segregació i lliurament','234');
INSERT INTO Trasllat (nif_empresa, cod_residu, data_enviament,cod_desti,envas,data_arribada,tractament,quantitat_trasllat)  VALUES  ('A-12000121','2050','25/08/16','4','pot','29/08/16','Inactivació i envasat','543');
INSERT INTO Trasllat (nif_empresa, cod_residu, data_enviament,cod_desti,envas,data_arribada,tractament,quantitat_trasllat)  VALUES  ('A-12000139','2050','26/08/16','5','borsa','30/08/16','Inactivació i envasat','346');
INSERT INTO Trasllat (nif_empresa, cod_residu, data_enviament,cod_desti,envas,data_arribada,tractament,quantitat_trasllat)  VALUES  ('A-12000157','2050','27/08/16','6','sac','31/08/16','Segregació i lliurament','24');
INSERT INTO Trasllat (nif_empresa, cod_residu, data_enviament,cod_desti,envas,data_arribada,tractament,quantitat_trasllat)  VALUES  ('A-12000177','2050','28/08/16','7','bido','01/09/16','Inactivació i envasat','536');
INSERT INTO Trasllat (nif_empresa, cod_residu, data_enviament,cod_desti,envas,data_arribada,tractament,quantitat_trasllat)  VALUES  ('A-12000195','2050','29/08/16','8','llauna','02/09/16','Inactivació, control i abocament','456');
INSERT INTO Trasllat (nif_empresa, cod_residu, data_enviament,cod_desti,envas,data_arribada,tractament,quantitat_trasllat)  VALUES  ('A-12000213','2050','30/08/16','9','caixa','03/09/16','Segregació i lliurament','23');
INSERT INTO Trasllat (nif_empresa, cod_residu, data_enviament,cod_desti,envas,data_arribada,tractament,quantitat_trasllat)  VALUES  ('A-12000231','2050','31/08/16','10','pot','04/09/16','Inactivació i envasat','345');
INSERT INTO Trasllat (nif_empresa, cod_residu, data_enviament,cod_desti,envas,data_arribada,tractament,quantitat_trasllat)  VALUES  ('A-12000249','2050','01/09/16','11','borsa','05/09/16','Inactivació i envasat','63');
INSERT INTO Trasllat (nif_empresa, cod_residu, data_enviament,cod_desti,envas,data_arribada,tractament,quantitat_trasllat)  VALUES  ('A-12000268','2050','02/09/16','12','sac','06/09/16','Segregació i lliurament','12');
INSERT INTO Trasllat (nif_empresa, cod_residu, data_enviament,cod_desti,envas,data_arribada,tractament,quantitat_trasllat)  VALUES  ('A-12000287','2050','03/09/16','13','bido','07/09/16','Inactivació i envasat','32');
INSERT INTO Trasllat (nif_empresa, cod_residu, data_enviament,cod_desti,envas,data_arribada,tractament,quantitat_trasllat)  VALUES  ('A-12000305','2050','04/09/16','14','llauna','08/09/16','Inactivació, control i abocament','354');
INSERT INTO Trasllat (nif_empresa, cod_residu, data_enviament,cod_desti,envas,data_arribada,tractament,quantitat_trasllat)  VALUES  ('A-12000323','2050','05/09/16','15','caixa','09/09/16','Segregació i lliurament','345');
INSERT INTO Trasllat (nif_empresa, cod_residu, data_enviament,cod_desti,envas,data_arribada,tractament,quantitat_trasllat)  VALUES  ('A-12000342','2050','06/09/16','16','pot','10/09/16','Inactivació i envasat','346');
INSERT INTO Trasllat (nif_empresa, cod_residu, data_enviament,cod_desti,envas,data_arribada,tractament,quantitat_trasllat)  VALUES  ('A-12000360','2050','07/09/16','17','borsa','11/09/16','Inactivació i envasat','232');
INSERT INTO Trasllat (nif_empresa, cod_residu, data_enviament,cod_desti,envas,data_arribada,tractament,quantitat_trasllat)  VALUES  ('A-12000378','2050','08/09/16','18','sac','12/09/16','Segregació i lliurament','765');
INSERT INTO Trasllat (nif_empresa, cod_residu, data_enviament,cod_desti,envas,data_arribada,tractament,quantitat_trasllat)  VALUES  ('A-12000396','2050','09/09/16','19','bido','13/09/16','Inactivació i envasat','86');
INSERT INTO Trasllat (nif_empresa, cod_residu, data_enviament,cod_desti,envas,data_arribada,tractament,quantitat_trasllat)  VALUES  ('A-12000414','2050','10/09/16','20','llauna','14/09/16','Inactivació, control i abocament','354');
INSERT INTO Trasllat (nif_empresa, cod_residu, data_enviament,cod_desti,envas,data_arribada,tractament,quantitat_trasllat)  VALUES  ('A-12000432','2050','11/09/16','21','caixa','15/09/16','Segregació i lliurament','23');
INSERT INTO Trasllat (nif_empresa, cod_residu, data_enviament,cod_desti,envas,data_arribada,tractament,quantitat_trasllat)  VALUES  ('A-12000450','2050','12/09/16','22','pot','16/09/16','Inactivació i envasat','64');
INSERT INTO Trasllat (nif_empresa, cod_residu, data_enviament,cod_desti,envas,data_arribada,tractament,quantitat_trasllat)  VALUES  ('A-12000468','2050','13/09/16','23','borsa','17/09/16','Inactivació i envasat','756');
INSERT INTO Trasllat (nif_empresa, cod_residu, data_enviament,cod_desti,envas,data_arribada,tractament,quantitat_trasllat)  VALUES  ('A-12000486','2050','14/09/16','24','sac','18/09/16','Segregació i lliurament','345');
INSERT INTO Trasllat (nif_empresa, cod_residu, data_enviament,cod_desti,envas,data_arribada,tractament,quantitat_trasllat)  VALUES  ('A-12000504','2050','15/09/16','25','bido','19/09/16','Inactivació i envasat','53');
INSERT INTO Trasllat (nif_empresa, cod_residu, data_enviament,cod_desti,envas,data_arribada,tractament,quantitat_trasllat)  VALUES  ('A-12000522','2050','16/09/16','26','llauna','20/09/16','Inactivació, control i abocament','654');
INSERT INTO Trasllat (nif_empresa, cod_residu, data_enviament,cod_desti,envas,data_arribada,tractament,quantitat_trasllat)  VALUES  ('A-12000540','2050','17/09/16','27','caixa','21/09/16','Segregació i lliurament','234');
INSERT INTO Trasllat (nif_empresa, cod_residu, data_enviament,cod_desti,envas,data_arribada,tractament,quantitat_trasllat)  VALUES  ('A-12000037','2103','18/09/16','28','pot','22/09/16','Inactivació i envasat','543');
INSERT INTO Trasllat (nif_empresa, cod_residu, data_enviament,cod_desti,envas,data_arribada,tractament,quantitat_trasllat)  VALUES  ('A-12000056','2103','19/09/16','28','borsa','23/09/16','Inactivació i envasat','346');
INSERT INTO Trasllat (nif_empresa, cod_residu, data_enviament,cod_desti,envas,data_arribada,tractament,quantitat_trasllat)  VALUES  ('A-12000076','2103','20/09/16','1','sac','24/09/16','Segregació i lliurament','24');
INSERT INTO Trasllat (nif_empresa, cod_residu, data_enviament,cod_desti,envas,data_arribada,tractament,quantitat_trasllat)  VALUES  ('A-12000097','2103','21/09/16','2','bido','25/09/16','Inactivació i envasat','536');
INSERT INTO Trasllat (nif_empresa, cod_residu, data_enviament,cod_desti,envas,data_arribada,tractament,quantitat_trasllat)  VALUES  ('A-12000118','2103','22/09/16','3','llauna','26/09/16','Inactivació, control i abocament','456');
INSERT INTO Trasllat (nif_empresa, cod_residu, data_enviament,cod_desti,envas,data_arribada,tractament,quantitat_trasllat)  VALUES  ('A-12000137','2103','23/09/16','4','caixa','27/09/16','Segregació i lliurament','23');
INSERT INTO Trasllat (nif_empresa, cod_residu, data_enviament,cod_desti,envas,data_arribada,tractament,quantitat_trasllat)  VALUES  ('A-12000155','2103','24/09/16','5','pot','28/09/16','Inactivació i envasat','345');
INSERT INTO Trasllat (nif_empresa, cod_residu, data_enviament,cod_desti,envas,data_arribada,tractament,quantitat_trasllat)  VALUES  ('A-12000175','2103','25/09/16','6','borsa','29/09/16','Inactivació i envasat','63');
INSERT INTO Trasllat (nif_empresa, cod_residu, data_enviament,cod_desti,envas,data_arribada,tractament,quantitat_trasllat)  VALUES  ('A-12000193','2103','26/09/16','7','sac','30/09/16','Segregació i lliurament','12');
INSERT INTO Trasllat (nif_empresa, cod_residu, data_enviament,cod_desti,envas,data_arribada,tractament,quantitat_trasllat)  VALUES  ('A-12000211','2103','27/09/16','8','bido','01/10/16','Inactivació i envasat','32');
INSERT INTO Trasllat (nif_empresa, cod_residu, data_enviament,cod_desti,envas,data_arribada,tractament,quantitat_trasllat)  VALUES  ('A-12000229','2103','28/09/16','9','llauna','02/10/16','Inactivació, control i abocament','354');
INSERT INTO Trasllat (nif_empresa, cod_residu, data_enviament,cod_desti,envas,data_arribada,tractament,quantitat_trasllat)  VALUES  ('A-12000247','2103','29/09/16','10','caixa','03/10/16','Segregació i lliurament','345');
INSERT INTO Trasllat (nif_empresa, cod_residu, data_enviament,cod_desti,envas,data_arribada,tractament,quantitat_trasllat)  VALUES  ('A-12000266','2103','30/09/16','11','pot','04/10/16','Inactivació i envasat','346');
INSERT INTO Trasllat (nif_empresa, cod_residu, data_enviament,cod_desti,envas,data_arribada,tractament,quantitat_trasllat)  VALUES  ('A-12000285','2103','01/10/16','12','borsa','05/10/16','Inactivació i envasat','232');
INSERT INTO Trasllat (nif_empresa, cod_residu, data_enviament,cod_desti,envas,data_arribada,tractament,quantitat_trasllat)  VALUES  ('A-12000303','2103','02/10/16','13','sac','06/10/16','Segregació i lliurament','765');
INSERT INTO Trasllat (nif_empresa, cod_residu, data_enviament,cod_desti,envas,data_arribada,tractament,quantitat_trasllat)  VALUES  ('A-12000321','2103','03/10/16','14','bido','07/10/16','Inactivació i envasat','86');
INSERT INTO Trasllat (nif_empresa, cod_residu, data_enviament,cod_desti,envas,data_arribada,tractament,quantitat_trasllat)  VALUES  ('A-12000340','2103','04/10/16','15','llauna','08/10/16','Inactivació, control i abocament','354');
INSERT INTO Trasllat (nif_empresa, cod_residu, data_enviament,cod_desti,envas,data_arribada,tractament,quantitat_trasllat)  VALUES  ('A-12000358','2103','05/10/16','16','caixa','09/10/16','Segregació i lliurament','23');
INSERT INTO Trasllat (nif_empresa, cod_residu, data_enviament,cod_desti,envas,data_arribada,tractament,quantitat_trasllat)  VALUES  ('A-12000376','2103','06/10/16','17','pot','10/10/16','Inactivació i envasat','64');
INSERT INTO Trasllat (nif_empresa, cod_residu, data_enviament,cod_desti,envas,data_arribada,tractament,quantitat_trasllat)  VALUES  ('A-12000394','2103','07/10/16','18','borsa','11/10/16','Inactivació i envasat','756');
INSERT INTO Trasllat (nif_empresa, cod_residu, data_enviament,cod_desti,envas,data_arribada,tractament,quantitat_trasllat)  VALUES  ('A-12000412','2103','08/10/16','19','sac','12/10/16','Segregació i lliurament','345');
INSERT INTO Trasllat (nif_empresa, cod_residu, data_enviament,cod_desti,envas,data_arribada,tractament,quantitat_trasllat)  VALUES  ('A-12000430','2103','09/10/16','20','bido','13/10/16','Inactivació i envasat','53');
INSERT INTO Trasllat (nif_empresa, cod_residu, data_enviament,cod_desti,envas,data_arribada,tractament,quantitat_trasllat)  VALUES  ('A-12000448','2103','10/10/16','21','llauna','14/10/16','Inactivació, control i abocament','654');
INSERT INTO Trasllat (nif_empresa, cod_residu, data_enviament,cod_desti,envas,data_arribada,tractament,quantitat_trasllat)  VALUES  ('A-12000466','2103','11/10/16','22','caixa','15/10/16','Segregació i lliurament','234');
INSERT INTO Trasllat (nif_empresa, cod_residu, data_enviament,cod_desti,envas,data_arribada,tractament,quantitat_trasllat)  VALUES  ('A-12000484','2103','12/10/16','23','pot','16/10/16','Inactivació i envasat','543');
INSERT INTO Trasllat (nif_empresa, cod_residu, data_enviament,cod_desti,envas,data_arribada,tractament,quantitat_trasllat)  VALUES  ('A-12000502','2103','13/10/16','24','borsa','17/10/16','Inactivació i envasat','346');
INSERT INTO Trasllat (nif_empresa, cod_residu, data_enviament,cod_desti,envas,data_arribada,tractament,quantitat_trasllat)  VALUES  ('A-12000520','2103','14/10/16','25','sac','18/10/16','Segregació i lliurament','24');
INSERT INTO Trasllat (nif_empresa, cod_residu, data_enviament,cod_desti,envas,data_arribada,tractament,quantitat_trasllat)  VALUES  ('A-12000538','2103','15/10/16','26','bido','19/10/16','Inactivació i envasat','536');
INSERT INTO Trasllat (nif_empresa, cod_residu, data_enviament,cod_desti,envas,data_arribada,tractament,quantitat_trasllat)  VALUES  ('A-12000031','2178','16/10/16','27','llauna','20/10/16','Inactivació, control i abocament','456');
INSERT INTO Trasllat (nif_empresa, cod_residu, data_enviament,cod_desti,envas,data_arribada,tractament,quantitat_trasllat)  VALUES  ('A-12000050','2178','17/10/16','28','caixa','21/10/16','Segregació i lliurament','23');
INSERT INTO Trasllat (nif_empresa, cod_residu, data_enviament,cod_desti,envas,data_arribada,tractament,quantitat_trasllat)  VALUES  ('A-12000070','2178','18/10/16','28','pot','22/10/16','Inactivació i envasat','345');
INSERT INTO Trasllat (nif_empresa, cod_residu, data_enviament,cod_desti,envas,data_arribada,tractament,quantitat_trasllat)  VALUES  ('A-12000090','2178','19/10/16','1','borsa','23/10/16','Inactivació i envasat','63');
INSERT INTO Trasllat (nif_empresa, cod_residu, data_enviament,cod_desti,envas,data_arribada,tractament,quantitat_trasllat)  VALUES  ('A-12000110','2178','20/10/16','2','sac','24/10/16','Segregació i lliurament','12');
INSERT INTO Trasllat (nif_empresa, cod_residu, data_enviament,cod_desti,envas,data_arribada,tractament,quantitat_trasllat)  VALUES  ('A-12000131','2178','21/10/16','3','bido','25/10/16','Inactivació i envasat','32');
INSERT INTO Trasllat (nif_empresa, cod_residu, data_enviament,cod_desti,envas,data_arribada,tractament,quantitat_trasllat)  VALUES  ('A-12000149','2178','22/10/16','4','llauna','26/10/16','Inactivació, control i abocament','354');
INSERT INTO Trasllat (nif_empresa, cod_residu, data_enviament,cod_desti,envas,data_arribada,tractament,quantitat_trasllat)  VALUES  ('A-12000168','2178','23/10/16','5','caixa','27/10/16','Segregació i lliurament','345');
INSERT INTO Trasllat (nif_empresa, cod_residu, data_enviament,cod_desti,envas,data_arribada,tractament,quantitat_trasllat)  VALUES  ('A-12000187','2178','24/10/16','6','pot','28/10/16','Inactivació i envasat','346');
INSERT INTO Trasllat (nif_empresa, cod_residu, data_enviament,cod_desti,envas,data_arribada,tractament,quantitat_trasllat)  VALUES  ('A-12000205','2178','25/10/16','7','borsa','29/10/16','Inactivació i envasat','232');
INSERT INTO Trasllat (nif_empresa, cod_residu, data_enviament,cod_desti,envas,data_arribada,tractament,quantitat_trasllat)  VALUES  ('A-12000223','2178','26/10/16','8','sac','30/10/16','Segregació i lliurament','765');
INSERT INTO Trasllat (nif_empresa, cod_residu, data_enviament,cod_desti,envas,data_arribada,tractament,quantitat_trasllat)  VALUES  ('A-12000241','2178','27/10/16','9','bido','31/10/16','Inactivació i envasat','86');
INSERT INTO Trasllat (nif_empresa, cod_residu, data_enviament,cod_desti,envas,data_arribada,tractament,quantitat_trasllat)  VALUES  ('A-12000259','2178','28/10/16','10','llauna','01/11/16','Inactivació, control i abocament','354');
INSERT INTO Trasllat (nif_empresa, cod_residu, data_enviament,cod_desti,envas,data_arribada,tractament,quantitat_trasllat)  VALUES  ('A-12000278','2178','29/10/16','11','caixa','02/11/16','Segregació i lliurament','23');
INSERT INTO Trasllat (nif_empresa, cod_residu, data_enviament,cod_desti,envas,data_arribada,tractament,quantitat_trasllat)  VALUES  ('A-12000297','2178','30/10/16','12','pot','03/11/16','Inactivació i envasat','64');
INSERT INTO Trasllat (nif_empresa, cod_residu, data_enviament,cod_desti,envas,data_arribada,tractament,quantitat_trasllat)  VALUES  ('A-12000315','2178','31/10/16','13','borsa','04/11/16','Inactivació i envasat','756');
INSERT INTO Trasllat (nif_empresa, cod_residu, data_enviament,cod_desti,envas,data_arribada,tractament,quantitat_trasllat)  VALUES  ('A-12000334','2178','01/11/16','14','sac','05/11/16','Segregació i lliurament','345');
INSERT INTO Trasllat (nif_empresa, cod_residu, data_enviament,cod_desti,envas,data_arribada,tractament,quantitat_trasllat)  VALUES  ('A-12000352','2178','02/11/16','15','bido','06/11/16','Inactivació i envasat','53');
INSERT INTO Trasllat (nif_empresa, cod_residu, data_enviament,cod_desti,envas,data_arribada,tractament,quantitat_trasllat)  VALUES  ('A-12000370','2178','03/11/16','16','llauna','07/11/16','Inactivació, control i abocament','654');
INSERT INTO Trasllat (nif_empresa, cod_residu, data_enviament,cod_desti,envas,data_arribada,tractament,quantitat_trasllat)  VALUES  ('A-12000388','2178','04/11/16','17','caixa','08/11/16','Segregació i lliurament','234');
INSERT INTO Trasllat (nif_empresa, cod_residu, data_enviament,cod_desti,envas,data_arribada,tractament,quantitat_trasllat)  VALUES  ('A-12000406','2178','05/11/16','18','pot','09/11/16','Inactivació i envasat','543');
INSERT INTO Trasllat (nif_empresa, cod_residu, data_enviament,cod_desti,envas,data_arribada,tractament,quantitat_trasllat)  VALUES  ('A-12000424','2178','06/11/16','19','borsa','10/11/16','Inactivació i envasat','346');
INSERT INTO Trasllat (nif_empresa, cod_residu, data_enviament,cod_desti,envas,data_arribada,tractament,quantitat_trasllat)  VALUES  ('A-12000442','2178','07/11/16','20','sac','11/11/16','Segregació i lliurament','24');
INSERT INTO Trasllat (nif_empresa, cod_residu, data_enviament,cod_desti,envas,data_arribada,tractament,quantitat_trasllat)  VALUES  ('A-12000460','2178','08/11/16','21','bido','12/11/16','Inactivació i envasat','536');
INSERT INTO Trasllat (nif_empresa, cod_residu, data_enviament,cod_desti,envas,data_arribada,tractament,quantitat_trasllat)  VALUES  ('A-12000478','2178','09/11/16','22','llauna','13/11/16','Inactivació, control i abocament','456');
INSERT INTO Trasllat (nif_empresa, cod_residu, data_enviament,cod_desti,envas,data_arribada,tractament,quantitat_trasllat)  VALUES  ('A-12000496','2178','10/11/16','23','caixa','14/11/16','Segregació i lliurament','23');
INSERT INTO Trasllat (nif_empresa, cod_residu, data_enviament,cod_desti,envas,data_arribada,tractament,quantitat_trasllat)  VALUES  ('A-12000514','2178','11/11/16','24','pot','15/11/16','Inactivació i envasat','345');
INSERT INTO Trasllat (nif_empresa, cod_residu, data_enviament,cod_desti,envas,data_arribada,tractament,quantitat_trasllat)  VALUES  ('A-12000532','2178','12/11/16','25','borsa','16/11/16','Inactivació i envasat','63');
INSERT INTO Trasllat (nif_empresa, cod_residu, data_enviament,cod_desti,envas,data_arribada,tractament,quantitat_trasllat)  VALUES  ('A-12000550','2178','13/11/16','26','sac','17/11/16','Segregació i lliurament','12');
INSERT INTO Trasllat (nif_empresa, cod_residu, data_enviament,cod_desti,envas,data_arribada,tractament,quantitat_trasllat)  VALUES  ('A-12000032','4001','14/11/16','27','bido','18/11/16','Inactivació i envasat','32');
INSERT INTO Trasllat (nif_empresa, cod_residu, data_enviament,cod_desti,envas,data_arribada,tractament,quantitat_trasllat)  VALUES  ('A-12000051','4001','15/11/16','28','llauna','19/11/16','Inactivació, control i abocament','354');
INSERT INTO Trasllat (nif_empresa, cod_residu, data_enviament,cod_desti,envas,data_arribada,tractament,quantitat_trasllat)  VALUES  ('A-12000071','4001','16/11/16','28','caixa','20/11/16','Segregació i lliurament','345');
INSERT INTO Trasllat (nif_empresa, cod_residu, data_enviament,cod_desti,envas,data_arribada,tractament,quantitat_trasllat)  VALUES  ('A-12000091','4001','17/11/16','1','pot','21/11/16','Inactivació i envasat','346');
INSERT INTO Trasllat (nif_empresa, cod_residu, data_enviament,cod_desti,envas,data_arribada,tractament,quantitat_trasllat)  VALUES  ('A-12000113','4001','18/11/16','2','borsa','22/11/16','Inactivació i envasat','232');
INSERT INTO Trasllat (nif_empresa, cod_residu, data_enviament,cod_desti,envas,data_arribada,tractament,quantitat_trasllat)  VALUES  ('A-12000132','4001','19/11/16','3','sac','23/11/16','Segregació i lliurament','765');
INSERT INTO Trasllat (nif_empresa, cod_residu, data_enviament,cod_desti,envas,data_arribada,tractament,quantitat_trasllat)  VALUES  ('A-12000150','4001','20/11/16','4','bido','24/11/16','Inactivació i envasat','86');
INSERT INTO Trasllat (nif_empresa, cod_residu, data_enviament,cod_desti,envas,data_arribada,tractament,quantitat_trasllat)  VALUES  ('A-12000170','4001','21/11/16','5','llauna','25/11/16','Inactivació, control i abocament','354');
INSERT INTO Trasllat (nif_empresa, cod_residu, data_enviament,cod_desti,envas,data_arribada,tractament,quantitat_trasllat)  VALUES  ('A-12000188','4001','22/11/16','6','caixa','26/11/16','Segregació i lliurament','23');
INSERT INTO Trasllat (nif_empresa, cod_residu, data_enviament,cod_desti,envas,data_arribada,tractament,quantitat_trasllat)  VALUES  ('A-12000206','4001','23/11/16','7','pot','27/11/16','Inactivació i envasat','64');
INSERT INTO Trasllat (nif_empresa, cod_residu, data_enviament,cod_desti,envas,data_arribada,tractament,quantitat_trasllat)  VALUES  ('A-12000224','4001','24/11/16','8','borsa','28/11/16','Inactivació i envasat','756');
INSERT INTO Trasllat (nif_empresa, cod_residu, data_enviament,cod_desti,envas,data_arribada,tractament,quantitat_trasllat)  VALUES  ('A-12000242','4001','25/11/16','9','sac','29/11/16','Segregació i lliurament','345');
INSERT INTO Trasllat (nif_empresa, cod_residu, data_enviament,cod_desti,envas,data_arribada,tractament,quantitat_trasllat)  VALUES  ('A-12000260','4001','26/11/16','10','bido','30/11/16','Inactivació i envasat','53');
INSERT INTO Trasllat (nif_empresa, cod_residu, data_enviament,cod_desti,envas,data_arribada,tractament,quantitat_trasllat)  VALUES  ('A-12000279','4001','27/11/16','11','llauna','01/12/16','Inactivació, control i abocament','654');
INSERT INTO Trasllat (nif_empresa, cod_residu, data_enviament,cod_desti,envas,data_arribada,tractament,quantitat_trasllat)  VALUES  ('A-12000298','4001','28/11/16','12','caixa','02/12/16','Segregació i lliurament','234');
INSERT INTO Trasllat (nif_empresa, cod_residu, data_enviament,cod_desti,envas,data_arribada,tractament,quantitat_trasllat)  VALUES  ('A-12000316','4001','29/11/16','13','pot','03/12/16','Inactivació i envasat','543');
INSERT INTO Trasllat (nif_empresa, cod_residu, data_enviament,cod_desti,envas,data_arribada,tractament,quantitat_trasllat)  VALUES  ('A-12000335','4001','30/11/16','14','borsa','04/12/16','Inactivació i envasat','346');
INSERT INTO Trasllat (nif_empresa, cod_residu, data_enviament,cod_desti,envas,data_arribada,tractament,quantitat_trasllat)  VALUES  ('A-12000353','4001','01/12/16','15','sac','05/12/16','Segregació i lliurament','24');
INSERT INTO Trasllat (nif_empresa, cod_residu, data_enviament,cod_desti,envas,data_arribada,tractament,quantitat_trasllat)  VALUES  ('A-12000371','4001','02/12/16','16','bido','06/12/16','Inactivació i envasat','536');
INSERT INTO Trasllat (nif_empresa, cod_residu, data_enviament,cod_desti,envas,data_arribada,tractament,quantitat_trasllat)  VALUES  ('A-12000389','4001','03/12/16','17','llauna','07/12/16','Inactivació, control i abocament','456');
INSERT INTO Trasllat (nif_empresa, cod_residu, data_enviament,cod_desti,envas,data_arribada,tractament,quantitat_trasllat)  VALUES  ('A-12000407','4001','04/12/16','18','caixa','08/12/16','Segregació i lliurament','23');
INSERT INTO Trasllat (nif_empresa, cod_residu, data_enviament,cod_desti,envas,data_arribada,tractament,quantitat_trasllat)  VALUES  ('A-12000425','4001','05/12/16','19','pot','09/12/16','Inactivació i envasat','345');
INSERT INTO Trasllat (nif_empresa, cod_residu, data_enviament,cod_desti,envas,data_arribada,tractament,quantitat_trasllat)  VALUES  ('A-12000443','4001','06/12/16','20','borsa','10/12/16','Inactivació i envasat','63');
INSERT INTO Trasllat (nif_empresa, cod_residu, data_enviament,cod_desti,envas,data_arribada,tractament,quantitat_trasllat)  VALUES  ('A-12000461','4001','07/12/16','21','sac','11/12/16','Segregació i lliurament','12');
INSERT INTO Trasllat (nif_empresa, cod_residu, data_enviament,cod_desti,envas,data_arribada,tractament,quantitat_trasllat)  VALUES  ('A-12000479','4001','08/12/16','22','bido','12/12/16','Inactivació i envasat','32');
INSERT INTO Trasllat (nif_empresa, cod_residu, data_enviament,cod_desti,envas,data_arribada,tractament,quantitat_trasllat)  VALUES  ('A-12000497','4001','09/12/16','23','llauna','13/12/16','Inactivació, control i abocament','354');
INSERT INTO Trasllat (nif_empresa, cod_residu, data_enviament,cod_desti,envas,data_arribada,tractament,quantitat_trasllat)  VALUES  ('A-12000515','4001','10/12/16','24','caixa','14/12/16','Segregació i lliurament','345');
INSERT INTO Trasllat (nif_empresa, cod_residu, data_enviament,cod_desti,envas,data_arribada,tractament,quantitat_trasllat)  VALUES  ('A-12000533','4001','11/12/16','25','pot','15/12/16','Inactivació i envasat','346');
INSERT INTO Trasllat (nif_empresa, cod_residu, data_enviament,cod_desti,envas,data_arribada,tractament,quantitat_trasllat)  VALUES  ('A-12000551','4001','12/12/16','26','borsa','16/12/16','Inactivació i envasat','232');
INSERT INTO Trasllat (nif_empresa, cod_residu, data_enviament,cod_desti,envas,data_arribada,tractament,quantitat_trasllat)  VALUES  ('A-12000030','4025','13/12/16','27','sac','17/12/16','Segregació i lliurament','765');
INSERT INTO Trasllat (nif_empresa, cod_residu, data_enviament,cod_desti,envas,data_arribada,tractament,quantitat_trasllat)  VALUES  ('A-12000049','4025','14/12/16','28','bido','18/12/16','Inactivació i envasat','86');
INSERT INTO Trasllat (nif_empresa, cod_residu, data_enviament,cod_desti,envas,data_arribada,tractament,quantitat_trasllat)  VALUES  ('A-12000069','4025','15/12/16','28','llauna','19/12/16','Inactivació, control i abocament','354');
INSERT INTO Trasllat (nif_empresa, cod_residu, data_enviament,cod_desti,envas,data_arribada,tractament,quantitat_trasllat)  VALUES  ('A-12000089','4025','16/12/16','1','caixa','20/12/16','Segregació i lliurament','23');
INSERT INTO Trasllat (nif_empresa, cod_residu, data_enviament,cod_desti,envas,data_arribada,tractament,quantitat_trasllat)  VALUES  ('A-12000109','4025','17/12/16','2','pot','21/12/16','Inactivació i envasat','64');
INSERT INTO Trasllat (nif_empresa, cod_residu, data_enviament,cod_desti,envas,data_arribada,tractament,quantitat_trasllat)  VALUES  ('A-12000130','4025','18/12/16','3','borsa','22/12/16','Inactivació i envasat','756');
INSERT INTO Trasllat (nif_empresa, cod_residu, data_enviament,cod_desti,envas,data_arribada,tractament,quantitat_trasllat)  VALUES  ('A-12000148','4025','19/12/16','4','sac','23/12/16','Segregació i lliurament','345');
INSERT INTO Trasllat (nif_empresa, cod_residu, data_enviament,cod_desti,envas,data_arribada,tractament,quantitat_trasllat)  VALUES  ('A-12000167','4025','20/12/16','5','bido','24/12/16','Inactivació i envasat','53');
INSERT INTO Trasllat (nif_empresa, cod_residu, data_enviament,cod_desti,envas,data_arribada,tractament,quantitat_trasllat)  VALUES  ('A-12000186','4025','21/12/16','6','llauna','25/12/16','Inactivació, control i abocament','654');
INSERT INTO Trasllat (nif_empresa, cod_residu, data_enviament,cod_desti,envas,data_arribada,tractament,quantitat_trasllat)  VALUES  ('A-12000204','4025','22/12/16','7','caixa','26/12/16','Segregació i lliurament','234');
INSERT INTO Trasllat (nif_empresa, cod_residu, data_enviament,cod_desti,envas,data_arribada,tractament,quantitat_trasllat)  VALUES  ('A-12000222','4025','23/12/16','8','pot','27/12/16','Inactivació i envasat','543');
INSERT INTO Trasllat (nif_empresa, cod_residu, data_enviament,cod_desti,envas,data_arribada,tractament,quantitat_trasllat)  VALUES  ('A-12000240','4025','24/12/16','9','borsa','28/12/16','Inactivació i envasat','346');
INSERT INTO Trasllat (nif_empresa, cod_residu, data_enviament,cod_desti,envas,data_arribada,tractament,quantitat_trasllat)  VALUES  ('A-12000258','4025','25/12/16','10','sac','29/12/16','Segregació i lliurament','24');
INSERT INTO Trasllat (nif_empresa, cod_residu, data_enviament,cod_desti,envas,data_arribada,tractament,quantitat_trasllat)  VALUES  ('A-12000277','4025','26/12/16','11','bido','30/12/16','Inactivació i envasat','536');
INSERT INTO Trasllat (nif_empresa, cod_residu, data_enviament,cod_desti,envas,data_arribada,tractament,quantitat_trasllat)  VALUES  ('A-12000296','4025','27/12/16','12','llauna','31/12/16','Inactivació, control i abocament','456');
INSERT INTO Trasllat (nif_empresa, cod_residu, data_enviament,cod_desti,envas,data_arribada,tractament,quantitat_trasllat)  VALUES  ('A-12000314','4025','28/12/16','13','caixa','01/01/17','Segregació i lliurament','23');
INSERT INTO Trasllat (nif_empresa, cod_residu, data_enviament,cod_desti,envas,data_arribada,tractament,quantitat_trasllat)  VALUES  ('A-12000333','4025','29/12/16','14','pot','02/01/17','Inactivació i envasat','345');
INSERT INTO Trasllat (nif_empresa, cod_residu, data_enviament,cod_desti,envas,data_arribada,tractament,quantitat_trasllat)  VALUES  ('A-12000351','4025','30/12/16','15','borsa','03/01/17','Inactivació i envasat','63');
INSERT INTO Trasllat (nif_empresa, cod_residu, data_enviament,cod_desti,envas,data_arribada,tractament,quantitat_trasllat)  VALUES  ('A-12000369','4025','31/12/16','16','sac','04/01/17','Segregació i lliurament','12');
INSERT INTO Trasllat (nif_empresa, cod_residu, data_enviament,cod_desti,envas,data_arribada,tractament,quantitat_trasllat)  VALUES  ('A-12000387','4025','01/01/17','17','bido','05/01/17','Inactivació i envasat','32');
INSERT INTO Trasllat (nif_empresa, cod_residu, data_enviament,cod_desti,envas,data_arribada,tractament,quantitat_trasllat)  VALUES  ('A-12000405','4025','02/01/17','18','llauna','06/01/17','Inactivació, control i abocament','354');
INSERT INTO Trasllat (nif_empresa, cod_residu, data_enviament,cod_desti,envas,data_arribada,tractament,quantitat_trasllat)  VALUES  ('A-12000423','4025','03/01/17','19','caixa','07/01/17','Segregació i lliurament','345');
INSERT INTO Trasllat (nif_empresa, cod_residu, data_enviament,cod_desti,envas,data_arribada,tractament,quantitat_trasllat)  VALUES  ('A-12000441','4025','04/01/17','20','pot','08/01/17','Inactivació i envasat','346');
INSERT INTO Trasllat (nif_empresa, cod_residu, data_enviament,cod_desti,envas,data_arribada,tractament,quantitat_trasllat)  VALUES  ('A-12000459','4025','05/01/17','21','borsa','09/01/17','Inactivació i envasat','232');
INSERT INTO Trasllat (nif_empresa, cod_residu, data_enviament,cod_desti,envas,data_arribada,tractament,quantitat_trasllat)  VALUES  ('A-12000477','4025','06/01/17','22','sac','10/01/17','Segregació i lliurament','765');
INSERT INTO Trasllat (nif_empresa, cod_residu, data_enviament,cod_desti,envas,data_arribada,tractament,quantitat_trasllat)  VALUES  ('A-12000495','4025','07/01/17','23','bido','11/01/17','Inactivació i envasat','86');
INSERT INTO Trasllat (nif_empresa, cod_residu, data_enviament,cod_desti,envas,data_arribada,tractament,quantitat_trasllat)  VALUES  ('A-12000513','4025','08/01/17','24','llauna','12/01/17','Inactivació, control i abocament','354');
INSERT INTO Trasllat (nif_empresa, cod_residu, data_enviament,cod_desti,envas,data_arribada,tractament,quantitat_trasllat)  VALUES  ('A-12000531','4025','09/01/17','25','caixa','13/01/17','Segregació i lliurament','23');
INSERT INTO Trasllat (nif_empresa, cod_residu, data_enviament,cod_desti,envas,data_arribada,tractament,quantitat_trasllat)  VALUES  ('A-12000549','4025','10/01/17','26','pot','14/01/17','Inactivació i envasat','64');
INSERT INTO Trasllat (nif_empresa, cod_residu, data_enviament,cod_desti,envas,data_arribada,tractament,quantitat_trasllat)  VALUES  ('A-12000029','4108','11/01/17','27','borsa','15/01/17','Inactivació i envasat','756');
INSERT INTO Trasllat (nif_empresa, cod_residu, data_enviament,cod_desti,envas,data_arribada,tractament,quantitat_trasllat)  VALUES  ('A-12000048','4108','12/01/17','28','sac','16/01/17','Segregació i lliurament','345');
INSERT INTO Trasllat (nif_empresa, cod_residu, data_enviament,cod_desti,envas,data_arribada,tractament,quantitat_trasllat)  VALUES  ('A-12000068','4108','13/01/17','28','bido','17/01/17','Inactivació i envasat','53');
INSERT INTO Trasllat (nif_empresa, cod_residu, data_enviament,cod_desti,envas,data_arribada,tractament,quantitat_trasllat)  VALUES  ('A-12000088','4108','14/01/17','1','llauna','18/01/17','Inactivació, control i abocament','654');
INSERT INTO Trasllat (nif_empresa, cod_residu, data_enviament,cod_desti,envas,data_arribada,tractament,quantitat_trasllat)  VALUES  ('A-12000108','4108','15/01/17','2','caixa','19/01/17','Segregació i lliurament','234');
INSERT INTO Trasllat (nif_empresa, cod_residu, data_enviament,cod_desti,envas,data_arribada,tractament,quantitat_trasllat)  VALUES  ('A-12000129','4108','16/01/17','3','pot','20/01/17','Inactivació i envasat','543');
INSERT INTO Trasllat (nif_empresa, cod_residu, data_enviament,cod_desti,envas,data_arribada,tractament,quantitat_trasllat)  VALUES  ('A-12000147','4108','17/01/17','4','borsa','21/01/17','Inactivació i envasat','346');
INSERT INTO Trasllat (nif_empresa, cod_residu, data_enviament,cod_desti,envas,data_arribada,tractament,quantitat_trasllat)  VALUES  ('A-12000166','4108','18/01/17','5','sac','22/01/17','Segregació i lliurament','24');
INSERT INTO Trasllat (nif_empresa, cod_residu, data_enviament,cod_desti,envas,data_arribada,tractament,quantitat_trasllat)  VALUES  ('A-12000185','4108','19/01/17','6','bido','23/01/17','Inactivació i envasat','536');
INSERT INTO Trasllat (nif_empresa, cod_residu, data_enviament,cod_desti,envas,data_arribada,tractament,quantitat_trasllat)  VALUES  ('A-12000203','4108','20/01/17','7','llauna','24/01/17','Inactivació, control i abocament','456');
INSERT INTO Trasllat (nif_empresa, cod_residu, data_enviament,cod_desti,envas,data_arribada,tractament,quantitat_trasllat)  VALUES  ('A-12000221','4108','21/01/17','8','caixa','25/01/17','Segregació i lliurament','23');
INSERT INTO Trasllat (nif_empresa, cod_residu, data_enviament,cod_desti,envas,data_arribada,tractament,quantitat_trasllat)  VALUES  ('A-12000239','4108','22/01/17','9','pot','26/01/17','Inactivació i envasat','345');
INSERT INTO Trasllat (nif_empresa, cod_residu, data_enviament,cod_desti,envas,data_arribada,tractament,quantitat_trasllat)  VALUES  ('A-12000257','4108','23/01/17','10','borsa','27/01/17','Inactivació i envasat','63');
INSERT INTO Trasllat (nif_empresa, cod_residu, data_enviament,cod_desti,envas,data_arribada,tractament,quantitat_trasllat)  VALUES  ('A-12000276','4108','24/01/17','11','sac','28/01/17','Segregació i lliurament','12');
INSERT INTO Trasllat (nif_empresa, cod_residu, data_enviament,cod_desti,envas,data_arribada,tractament,quantitat_trasllat)  VALUES  ('A-12000295','4108','25/01/17','12','bido','29/01/17','Inactivació i envasat','32');
INSERT INTO Trasllat (nif_empresa, cod_residu, data_enviament,cod_desti,envas,data_arribada,tractament,quantitat_trasllat)  VALUES  ('A-12000313','4108','26/01/17','13','llauna','30/01/17','Inactivació, control i abocament','354');
INSERT INTO Trasllat (nif_empresa, cod_residu, data_enviament,cod_desti,envas,data_arribada,tractament,quantitat_trasllat)  VALUES  ('A-12000332','4108','27/01/17','14','caixa','31/01/17','Segregació i lliurament','345');
INSERT INTO Trasllat (nif_empresa, cod_residu, data_enviament,cod_desti,envas,data_arribada,tractament,quantitat_trasllat)  VALUES  ('A-12000350','4108','28/01/17','15','pot','01/02/17','Inactivació i envasat','346');
INSERT INTO Trasllat (nif_empresa, cod_residu, data_enviament,cod_desti,envas,data_arribada,tractament,quantitat_trasllat)  VALUES  ('A-12000368','4108','29/01/17','16','borsa','02/02/17','Inactivació i envasat','232');
INSERT INTO Trasllat (nif_empresa, cod_residu, data_enviament,cod_desti,envas,data_arribada,tractament,quantitat_trasllat)  VALUES  ('A-12000386','4108','30/01/17','17','sac','03/02/17','Segregació i lliurament','765');
INSERT INTO Trasllat (nif_empresa, cod_residu, data_enviament,cod_desti,envas,data_arribada,tractament,quantitat_trasllat)  VALUES  ('A-12000404','4108','31/01/17','18','bido','04/02/17','Inactivació i envasat','86');
INSERT INTO Trasllat (nif_empresa, cod_residu, data_enviament,cod_desti,envas,data_arribada,tractament,quantitat_trasllat)  VALUES  ('A-12000422','4108','01/02/17','19','llauna','05/02/17','Inactivació, control i abocament','354');
INSERT INTO Trasllat (nif_empresa, cod_residu, data_enviament,cod_desti,envas,data_arribada,tractament,quantitat_trasllat)  VALUES  ('A-12000440','4108','02/02/17','20','caixa','06/02/17','Segregació i lliurament','23');
INSERT INTO Trasllat (nif_empresa, cod_residu, data_enviament,cod_desti,envas,data_arribada,tractament,quantitat_trasllat)  VALUES  ('A-12000458','4108','03/02/17','21','pot','07/02/17','Inactivació i envasat','64');
INSERT INTO Trasllat (nif_empresa, cod_residu, data_enviament,cod_desti,envas,data_arribada,tractament,quantitat_trasllat)  VALUES  ('A-12000476','4108','04/02/17','22','borsa','08/02/17','Inactivació i envasat','756');
INSERT INTO Trasllat (nif_empresa, cod_residu, data_enviament,cod_desti,envas,data_arribada,tractament,quantitat_trasllat)  VALUES  ('A-12000494','4108','05/02/17','23','sac','09/02/17','Segregació i lliurament','345');
INSERT INTO Trasllat (nif_empresa, cod_residu, data_enviament,cod_desti,envas,data_arribada,tractament,quantitat_trasllat)  VALUES  ('A-12000512','4108','06/02/17','24','bido','10/02/17','Inactivació i envasat','53');
INSERT INTO Trasllat (nif_empresa, cod_residu, data_enviament,cod_desti,envas,data_arribada,tractament,quantitat_trasllat)  VALUES  ('A-12000530','4108','07/02/17','25','llauna','11/02/17','Inactivació, control i abocament','654');
INSERT INTO Trasllat (nif_empresa, cod_residu, data_enviament,cod_desti,envas,data_arribada,tractament,quantitat_trasllat)  VALUES  ('A-12000548','4108','08/02/17','26','caixa','12/02/17','Segregació i lliurament','234');
INSERT INTO Trasllat (nif_empresa, cod_residu, data_enviament,cod_desti,envas,data_arribada,tractament,quantitat_trasllat)  VALUES  ('A-12000023','5001','09/02/17','27','pot','13/02/17','Inactivació i envasat','543');
INSERT INTO Trasllat (nif_empresa, cod_residu, data_enviament,cod_desti,envas,data_arribada,tractament,quantitat_trasllat)  VALUES  ('A-12000041','5001','10/02/17','28','borsa','14/02/17','Inactivació i envasat','346');
INSERT INTO Trasllat (nif_empresa, cod_residu, data_enviament,cod_desti,envas,data_arribada,tractament,quantitat_trasllat)  VALUES  ('A-12000060','5001','11/02/17','28','sac','15/02/17','Segregació i lliurament','24');
INSERT INTO Trasllat (nif_empresa, cod_residu, data_enviament,cod_desti,envas,data_arribada,tractament,quantitat_trasllat)  VALUES  ('A-12000081','5001','12/02/17','1','bido','16/02/17','Inactivació i envasat','536');
INSERT INTO Trasllat (nif_empresa, cod_residu, data_enviament,cod_desti,envas,data_arribada,tractament,quantitat_trasllat)  VALUES  ('A-12000102','5001','13/02/17','2','llauna','17/02/17','Inactivació, control i abocament','456');
INSERT INTO Trasllat (nif_empresa, cod_residu, data_enviament,cod_desti,envas,data_arribada,tractament,quantitat_trasllat)  VALUES  ('A-12000123','5001','14/02/17','3','caixa','18/02/17','Segregació i lliurament','23');
INSERT INTO Trasllat (nif_empresa, cod_residu, data_enviament,cod_desti,envas,data_arribada,tractament,quantitat_trasllat)  VALUES  ('A-12000141','5001','15/02/17','4','pot','19/02/17','Inactivació i envasat','345');
INSERT INTO Trasllat (nif_empresa, cod_residu, data_enviament,cod_desti,envas,data_arribada,tractament,quantitat_trasllat)  VALUES  ('A-12000159','5001','16/02/17','5','borsa','20/02/17','Inactivació i envasat','63');
INSERT INTO Trasllat (nif_empresa, cod_residu, data_enviament,cod_desti,envas,data_arribada,tractament,quantitat_trasllat)  VALUES  ('A-12000179','5001','17/02/17','6','sac','21/02/17','Segregació i lliurament','12');
INSERT INTO Trasllat (nif_empresa, cod_residu, data_enviament,cod_desti,envas,data_arribada,tractament,quantitat_trasllat)  VALUES  ('A-12000197','5001','18/02/17','7','bido','22/02/17','Inactivació i envasat','32');
INSERT INTO Trasllat (nif_empresa, cod_residu, data_enviament,cod_desti,envas,data_arribada,tractament,quantitat_trasllat)  VALUES  ('A-12000215','5001','19/02/17','8','llauna','23/02/17','Inactivació, control i abocament','354');
INSERT INTO Trasllat (nif_empresa, cod_residu, data_enviament,cod_desti,envas,data_arribada,tractament,quantitat_trasllat)  VALUES  ('A-12000233','5001','20/02/17','9','caixa','24/02/17','Segregació i lliurament','345');
INSERT INTO Trasllat (nif_empresa, cod_residu, data_enviament,cod_desti,envas,data_arribada,tractament,quantitat_trasllat)  VALUES  ('A-12000251','5001','21/02/17','10','pot','25/02/17','Inactivació i envasat','346');
INSERT INTO Trasllat (nif_empresa, cod_residu, data_enviament,cod_desti,envas,data_arribada,tractament,quantitat_trasllat)  VALUES  ('A-12000270','5001','22/02/17','11','borsa','26/02/17','Inactivació i envasat','232');
INSERT INTO Trasllat (nif_empresa, cod_residu, data_enviament,cod_desti,envas,data_arribada,tractament,quantitat_trasllat)  VALUES  ('A-12000289','5001','23/02/17','12','sac','27/02/17','Segregació i lliurament','765');
INSERT INTO Trasllat (nif_empresa, cod_residu, data_enviament,cod_desti,envas,data_arribada,tractament,quantitat_trasllat)  VALUES  ('A-12000307','5001','24/02/17','13','bido','28/02/17','Inactivació i envasat','86');
INSERT INTO Trasllat (nif_empresa, cod_residu, data_enviament,cod_desti,envas,data_arribada,tractament,quantitat_trasllat)  VALUES  ('A-12000325','5001','25/02/17','14','llauna','01/03/17','Inactivació, control i abocament','354');
INSERT INTO Trasllat (nif_empresa, cod_residu, data_enviament,cod_desti,envas,data_arribada,tractament,quantitat_trasllat)  VALUES  ('A-12000344','5001','26/02/17','15','caixa','02/03/17','Segregació i lliurament','23');
INSERT INTO Trasllat (nif_empresa, cod_residu, data_enviament,cod_desti,envas,data_arribada,tractament,quantitat_trasllat)  VALUES  ('A-12000362','5001','27/02/17','16','pot','03/03/17','Inactivació i envasat','64');
INSERT INTO Trasllat (nif_empresa, cod_residu, data_enviament,cod_desti,envas,data_arribada,tractament,quantitat_trasllat)  VALUES  ('A-12000380','5001','28/02/17','17','borsa','04/03/17','Inactivació i envasat','756');
INSERT INTO Trasllat (nif_empresa, cod_residu, data_enviament,cod_desti,envas,data_arribada,tractament,quantitat_trasllat)  VALUES  ('A-12000398','5001','01/03/17','18','sac','05/03/17','Segregació i lliurament','345');
INSERT INTO Trasllat (nif_empresa, cod_residu, data_enviament,cod_desti,envas,data_arribada,tractament,quantitat_trasllat)  VALUES  ('A-12000416','5001','02/03/17','19','bido','06/03/17','Inactivació i envasat','53');
INSERT INTO Trasllat (nif_empresa, cod_residu, data_enviament,cod_desti,envas,data_arribada,tractament,quantitat_trasllat)  VALUES  ('A-12000434','5001','03/03/17','20','llauna','07/03/17','Inactivació, control i abocament','654');
INSERT INTO Trasllat (nif_empresa, cod_residu, data_enviament,cod_desti,envas,data_arribada,tractament,quantitat_trasllat)  VALUES  ('A-12000452','5001','04/03/17','28','caixa','08/03/17','Segregació i lliurament','234');
INSERT INTO Trasllat (nif_empresa, cod_residu, data_enviament,cod_desti,envas,data_arribada,tractament,quantitat_trasllat)  VALUES  ('A-12000470','5001','05/03/17','22','pot','09/03/17','Inactivació i envasat','543');
INSERT INTO Trasllat (nif_empresa, cod_residu, data_enviament,cod_desti,envas,data_arribada,tractament,quantitat_trasllat)  VALUES  ('A-12000488','5001','06/03/17','23','borsa','10/03/17','Inactivació i envasat','346');
INSERT INTO Trasllat (nif_empresa, cod_residu, data_enviament,cod_desti,envas,data_arribada,tractament,quantitat_trasllat)  VALUES  ('A-12000506','5001','07/03/17','24','sac','11/03/17','Segregació i lliurament','24');
INSERT INTO Trasllat (nif_empresa, cod_residu, data_enviament,cod_desti,envas,data_arribada,tractament,quantitat_trasllat)  VALUES  ('A-12000524','5001','08/03/17','25','bido','12/03/17','Inactivació i envasat','536');
INSERT INTO Trasllat (nif_empresa, cod_residu, data_enviament,cod_desti,envas,data_arribada,tractament,quantitat_trasllat)  VALUES  ('A-12000542','5001','09/03/17','26','llauna','13/03/17','Inactivació, control i abocament','456');
INSERT INTO Trasllat (nif_empresa, cod_residu, data_enviament,cod_desti,envas,data_arribada,tractament,quantitat_trasllat)  VALUES  ('A-12000026','5038','10/03/17','27','caixa','14/03/17','Segregació i lliurament','23');
INSERT INTO Trasllat (nif_empresa, cod_residu, data_enviament,cod_desti,envas,data_arribada,tractament,quantitat_trasllat)  VALUES  ('A-12000044','5038','11/03/17','28','pot','15/03/17','Inactivació i envasat','345');
INSERT INTO Trasllat (nif_empresa, cod_residu, data_enviament,cod_desti,envas,data_arribada,tractament,quantitat_trasllat)  VALUES  ('A-12000065','5038','12/03/17','28','borsa','16/03/17','Inactivació i envasat','63');
INSERT INTO Trasllat (nif_empresa, cod_residu, data_enviament,cod_desti,envas,data_arribada,tractament,quantitat_trasllat)  VALUES  ('A-12000084','5038','13/03/17','1','sac','17/03/17','Segregació i lliurament','12');
INSERT INTO Trasllat (nif_empresa, cod_residu, data_enviament,cod_desti,envas,data_arribada,tractament,quantitat_trasllat)  VALUES  ('A-12000105','5038','14/03/17','2','bido','18/03/17','Inactivació i envasat','32');
INSERT INTO Trasllat (nif_empresa, cod_residu, data_enviament,cod_desti,envas,data_arribada,tractament,quantitat_trasllat)  VALUES  ('A-12000126','5038','15/03/17','3','llauna','19/03/17','Inactivació, control i abocament','354');
INSERT INTO Trasllat (nif_empresa, cod_residu, data_enviament,cod_desti,envas,data_arribada,tractament,quantitat_trasllat)  VALUES  ('A-12000144','5038','16/03/17','4','caixa','20/03/17','Segregació i lliurament','345');
INSERT INTO Trasllat (nif_empresa, cod_residu, data_enviament,cod_desti,envas,data_arribada,tractament,quantitat_trasllat)  VALUES  ('A-12000163','5038','17/03/17','5','pot','21/03/17','Inactivació i envasat','346');
INSERT INTO Trasllat (nif_empresa, cod_residu, data_enviament,cod_desti,envas,data_arribada,tractament,quantitat_trasllat)  VALUES  ('A-12000182','5038','18/03/17','6','borsa','22/03/17','Inactivació i envasat','232');
INSERT INTO Trasllat (nif_empresa, cod_residu, data_enviament,cod_desti,envas,data_arribada,tractament,quantitat_trasllat)  VALUES  ('A-12000200','5038','19/03/17','7','sac','23/03/17','Segregació i lliurament','765');
INSERT INTO Trasllat (nif_empresa, cod_residu, data_enviament,cod_desti,envas,data_arribada,tractament,quantitat_trasllat)  VALUES  ('A-12000218','5038','20/03/17','8','bido','24/03/17','Inactivació i envasat','86');
INSERT INTO Trasllat (nif_empresa, cod_residu, data_enviament,cod_desti,envas,data_arribada,tractament,quantitat_trasllat)  VALUES  ('A-12000236','5038','21/03/17','9','llauna','25/03/17','Inactivació, control i abocament','354');
INSERT INTO Trasllat (nif_empresa, cod_residu, data_enviament,cod_desti,envas,data_arribada,tractament,quantitat_trasllat)  VALUES  ('A-12000254','5038','22/03/17','10','caixa','26/03/17','Segregació i lliurament','23');
INSERT INTO Trasllat (nif_empresa, cod_residu, data_enviament,cod_desti,envas,data_arribada,tractament,quantitat_trasllat)  VALUES  ('A-12000273','5038','23/03/17','11','pot','27/03/17','Inactivació i envasat','536');
INSERT INTO Trasllat (nif_empresa, cod_residu, data_enviament,cod_desti,envas,data_arribada,tractament,quantitat_trasllat)  VALUES  ('A-12000292','5038','24/03/17','12','borsa','28/03/17','Inactivació i envasat','456');
INSERT INTO Trasllat (nif_empresa, cod_residu, data_enviament,cod_desti,envas,data_arribada,tractament,quantitat_trasllat)  VALUES  ('A-12000310','5038','25/03/17','13','sac','29/03/17','Segregació i lliurament','23');
INSERT INTO Trasllat (nif_empresa, cod_residu, data_enviament,cod_desti,envas,data_arribada,tractament,quantitat_trasllat)  VALUES  ('A-12000329','5038','26/03/17','14','bido','30/03/17','Inactivació i envasat','345');
INSERT INTO Trasllat (nif_empresa, cod_residu, data_enviament,cod_desti,envas,data_arribada,tractament,quantitat_trasllat)  VALUES  ('A-12000347','5038','27/03/17','15','llauna','31/03/17','Inactivació, control i abocament','63');
INSERT INTO Trasllat (nif_empresa, cod_residu, data_enviament,cod_desti,envas,data_arribada,tractament,quantitat_trasllat)  VALUES  ('A-12000365','5038','28/03/17','16','caixa','01/04/17','Segregació i lliurament','12');
INSERT INTO Trasllat (nif_empresa, cod_residu, data_enviament,cod_desti,envas,data_arribada,tractament,quantitat_trasllat)  VALUES  ('A-12000383','5038','29/03/17','17','pot','02/04/17','Inactivació i envasat','32');
INSERT INTO Trasllat (nif_empresa, cod_residu, data_enviament,cod_desti,envas,data_arribada,tractament,quantitat_trasllat)  VALUES  ('A-12000401','5038','30/03/17','18','borsa','03/04/17','Inactivació i envasat','354');
INSERT INTO Trasllat (nif_empresa, cod_residu, data_enviament,cod_desti,envas,data_arribada,tractament,quantitat_trasllat)  VALUES  ('A-12000419','5038','31/03/17','19','sac','04/04/17','Segregació i lliurament','345');
INSERT INTO Trasllat (nif_empresa, cod_residu, data_enviament,cod_desti,envas,data_arribada,tractament,quantitat_trasllat)  VALUES  ('A-12000437','5038','01/04/17','20','bido','05/04/17','Inactivació i envasat','346');
INSERT INTO Trasllat (nif_empresa, cod_residu, data_enviament,cod_desti,envas,data_arribada,tractament,quantitat_trasllat)  VALUES  ('A-12000455','5038','02/04/17','21','llauna','06/04/17','Inactivació, control i abocament','232');
INSERT INTO Trasllat (nif_empresa, cod_residu, data_enviament,cod_desti,envas,data_arribada,tractament,quantitat_trasllat)  VALUES  ('A-12000473','5038','03/04/17','22','caixa','07/04/17','Segregació i lliurament','765');
INSERT INTO Trasllat (nif_empresa, cod_residu, data_enviament,cod_desti,envas,data_arribada,tractament,quantitat_trasllat)  VALUES  ('A-12000491','5038','04/04/17','23','pot','08/04/17','Inactivació i envasat','86');
INSERT INTO Trasllat (nif_empresa, cod_residu, data_enviament,cod_desti,envas,data_arribada,tractament,quantitat_trasllat)  VALUES  ('A-12000509','5038','05/04/17','24','borsa','09/04/17','Inactivació i envasat','354');
INSERT INTO Trasllat (nif_empresa, cod_residu, data_enviament,cod_desti,envas,data_arribada,tractament,quantitat_trasllat)  VALUES  ('A-12000527','5038','06/04/17','25','sac','10/04/17','Segregació i lliurament','23');
INSERT INTO Trasllat (nif_empresa, cod_residu, data_enviament,cod_desti,envas,data_arribada,tractament,quantitat_trasllat)  VALUES  ('A-12000545','5038','07/04/17','26','bido','11/04/17','Inactivació i envasat','536');
INSERT INTO Trasllat (nif_empresa, cod_residu, data_enviament,cod_desti,envas,data_arribada,tractament,quantitat_trasllat)  VALUES  ('A-12000036','5050','08/04/17','27','llauna','12/04/17','Inactivació, control i abocament','456');
INSERT INTO Trasllat (nif_empresa, cod_residu, data_enviament,cod_desti,envas,data_arribada,tractament,quantitat_trasllat)  VALUES  ('A-12000055','5050','09/04/17','28','caixa','13/04/17','Segregació i lliurament','23');
INSERT INTO Trasllat (nif_empresa, cod_residu, data_enviament,cod_desti,envas,data_arribada,tractament,quantitat_trasllat)  VALUES  ('A-12000075','5050','10/04/17','28','pot','14/04/17','Inactivació i envasat','345');
INSERT INTO Trasllat (nif_empresa, cod_residu, data_enviament,cod_desti,envas,data_arribada,tractament,quantitat_trasllat)  VALUES  ('A-12000096','5050','11/04/17','1','borsa','15/04/17','Inactivació i envasat','63');
INSERT INTO Trasllat (nif_empresa, cod_residu, data_enviament,cod_desti,envas,data_arribada,tractament,quantitat_trasllat)  VALUES  ('A-12000117','5050','12/04/17','2','sac','16/04/17','Segregació i lliurament','12');
INSERT INTO Trasllat (nif_empresa, cod_residu, data_enviament,cod_desti,envas,data_arribada,tractament,quantitat_trasllat)  VALUES  ('A-12000136','5050','13/04/17','3','bido','17/04/17','Inactivació i envasat','32');
INSERT INTO Trasllat (nif_empresa, cod_residu, data_enviament,cod_desti,envas,data_arribada,tractament,quantitat_trasllat)  VALUES  ('A-12000154','5050','14/04/17','4','llauna','18/04/17','Inactivació, control i abocament','354');
INSERT INTO Trasllat (nif_empresa, cod_residu, data_enviament,cod_desti,envas,data_arribada,tractament,quantitat_trasllat)  VALUES  ('A-12000174','5050','15/04/17','5','caixa','19/04/17','Segregació i lliurament','345');
INSERT INTO Trasllat (nif_empresa, cod_residu, data_enviament,cod_desti,envas,data_arribada,tractament,quantitat_trasllat)  VALUES  ('A-12000192','5050','16/04/17','6','pot','20/04/17','Inactivació i envasat','346');
INSERT INTO Trasllat (nif_empresa, cod_residu, data_enviament,cod_desti,envas,data_arribada,tractament,quantitat_trasllat)  VALUES  ('A-12000210','5050','17/04/17','7','borsa','21/04/17','Inactivació i envasat','232');
INSERT INTO Trasllat (nif_empresa, cod_residu, data_enviament,cod_desti,envas,data_arribada,tractament,quantitat_trasllat)  VALUES  ('A-12000228','5050','18/04/17','8','sac','22/04/17','Segregació i lliurament','765');
INSERT INTO Trasllat (nif_empresa, cod_residu, data_enviament,cod_desti,envas,data_arribada,tractament,quantitat_trasllat)  VALUES  ('A-12000246','5050','19/04/17','9','bido','23/04/17','Inactivació i envasat','86');
INSERT INTO Trasllat (nif_empresa, cod_residu, data_enviament,cod_desti,envas,data_arribada,tractament,quantitat_trasllat)  VALUES  ('A-12000265','5050','20/04/17','10','llauna','24/04/17','Inactivació, control i abocament','354');
INSERT INTO Trasllat (nif_empresa, cod_residu, data_enviament,cod_desti,envas,data_arribada,tractament,quantitat_trasllat)  VALUES  ('A-12000284','5050','21/04/17','11','caixa','25/04/17','Segregació i lliurament','23');
INSERT INTO Trasllat (nif_empresa, cod_residu, data_enviament,cod_desti,envas,data_arribada,tractament,quantitat_trasllat)  VALUES  ('A-12000302','5050','22/04/17','12','pot','26/04/17','Inactivació i envasat','536');
INSERT INTO Trasllat (nif_empresa, cod_residu, data_enviament,cod_desti,envas,data_arribada,tractament,quantitat_trasllat)  VALUES  ('A-12000320','5050','23/04/17','13','borsa','27/04/17','Inactivació i envasat','456');
INSERT INTO Trasllat (nif_empresa, cod_residu, data_enviament,cod_desti,envas,data_arribada,tractament,quantitat_trasllat)  VALUES  ('A-12000339','5050','24/04/17','14','sac','28/04/17','Segregació i lliurament','23');
INSERT INTO Trasllat (nif_empresa, cod_residu, data_enviament,cod_desti,envas,data_arribada,tractament,quantitat_trasllat)  VALUES  ('A-12000357','5050','25/04/17','15','bido','29/04/17','Inactivació i envasat','345');
INSERT INTO Trasllat (nif_empresa, cod_residu, data_enviament,cod_desti,envas,data_arribada,tractament,quantitat_trasllat)  VALUES  ('A-12000375','5050','26/04/17','16','llauna','30/04/17','Inactivació, control i abocament','63');
INSERT INTO Trasllat (nif_empresa, cod_residu, data_enviament,cod_desti,envas,data_arribada,tractament,quantitat_trasllat)  VALUES  ('A-12000393','5050','27/04/17','17','caixa','01/05/17','Segregació i lliurament','12');
INSERT INTO Trasllat (nif_empresa, cod_residu, data_enviament,cod_desti,envas,data_arribada,tractament,quantitat_trasllat)  VALUES  ('A-12000411','5050','28/04/17','18','pot','02/05/17','Inactivació i envasat','32');
INSERT INTO Trasllat (nif_empresa, cod_residu, data_enviament,cod_desti,envas,data_arribada,tractament,quantitat_trasllat)  VALUES  ('A-12000429','5050','29/04/17','19','borsa','03/05/17','Inactivació i envasat','354');
INSERT INTO Trasllat (nif_empresa, cod_residu, data_enviament,cod_desti,envas,data_arribada,tractament,quantitat_trasllat)  VALUES  ('A-12000447','5050','30/04/17','20','sac','04/05/17','Segregació i lliurament','345');
INSERT INTO Trasllat (nif_empresa, cod_residu, data_enviament,cod_desti,envas,data_arribada,tractament,quantitat_trasllat)  VALUES  ('A-12000465','5050','01/05/17','21','bido','05/05/17','Inactivació i envasat','346');
INSERT INTO Trasllat (nif_empresa, cod_residu, data_enviament,cod_desti,envas,data_arribada,tractament,quantitat_trasllat)  VALUES  ('A-12000483','5050','02/05/17','22','llauna','06/05/17','Inactivació, control i abocament','232');
INSERT INTO Trasllat (nif_empresa, cod_residu, data_enviament,cod_desti,envas,data_arribada,tractament,quantitat_trasllat)  VALUES  ('A-12000501','5050','03/05/17','23','caixa','07/05/17','Segregació i lliurament','765');
INSERT INTO Trasllat (nif_empresa, cod_residu, data_enviament,cod_desti,envas,data_arribada,tractament,quantitat_trasllat)  VALUES  ('A-12000519','5050','04/05/17','24','pot','08/05/17','Inactivació i envasat','86');
INSERT INTO Trasllat (nif_empresa, cod_residu, data_enviament,cod_desti,envas,data_arribada,tractament,quantitat_trasllat)  VALUES  ('A-12000537','5050','05/05/17','25','borsa','09/05/17','Inactivació i envasat','354');
INSERT INTO Trasllat (nif_empresa, cod_residu, data_enviament,cod_desti,envas,data_arribada,tractament,quantitat_trasllat)  VALUES  ('A-12000053','5550','06/05/17','26','sac','10/05/17','Segregació i lliurament','23');
INSERT INTO Trasllat (nif_empresa, cod_residu, data_enviament,cod_desti,envas,data_arribada,tractament,quantitat_trasllat)  VALUES  ('A-12000034','5550','07/05/17','27','bido','11/05/17','Inactivació i envasat','536');
INSERT INTO Trasllat (nif_empresa, cod_residu, data_enviament,cod_desti,envas,data_arribada,tractament,quantitat_trasllat)  VALUES  ('A-12000073','5550','08/05/17','28','llauna','12/05/17','Inactivació, control i abocament','456');
INSERT INTO Trasllat (nif_empresa, cod_residu, data_enviament,cod_desti,envas,data_arribada,tractament,quantitat_trasllat)  VALUES  ('A-12000094','5550','09/05/17','28','caixa','13/05/17','Segregació i lliurament','23');
INSERT INTO Trasllat (nif_empresa, cod_residu, data_enviament,cod_desti,envas,data_arribada,tractament,quantitat_trasllat)  VALUES  ('A-12000115','5550','10/05/17','1','pot','14/05/17','Inactivació i envasat','345');
INSERT INTO Trasllat (nif_empresa, cod_residu, data_enviament,cod_desti,envas,data_arribada,tractament,quantitat_trasllat)  VALUES  ('A-12000134','5550','11/05/17','2','borsa','15/05/17','Inactivació i envasat','63');
INSERT INTO Trasllat (nif_empresa, cod_residu, data_enviament,cod_desti,envas,data_arribada,tractament,quantitat_trasllat)  VALUES  ('A-12000152','5550','12/05/17','3','sac','16/05/17','Segregació i lliurament','12');
INSERT INTO Trasllat (nif_empresa, cod_residu, data_enviament,cod_desti,envas,data_arribada,tractament,quantitat_trasllat)  VALUES  ('A-12000172','5550','13/05/17','4','bido','17/05/17','Inactivació i envasat','32');
INSERT INTO Trasllat (nif_empresa, cod_residu, data_enviament,cod_desti,envas,data_arribada,tractament,quantitat_trasllat)  VALUES  ('A-12000190','5550','14/05/17','5','llauna','18/05/17','Inactivació, control i abocament','354');
INSERT INTO Trasllat (nif_empresa, cod_residu, data_enviament,cod_desti,envas,data_arribada,tractament,quantitat_trasllat)  VALUES  ('A-12000208','5550','15/05/17','6','caixa','19/05/17','Segregació i lliurament','345');
INSERT INTO Trasllat (nif_empresa, cod_residu, data_enviament,cod_desti,envas,data_arribada,tractament,quantitat_trasllat)  VALUES  ('A-12000226','5550','16/05/17','7','pot','20/05/17','Inactivació i envasat','346');
INSERT INTO Trasllat (nif_empresa, cod_residu, data_enviament,cod_desti,envas,data_arribada,tractament,quantitat_trasllat)  VALUES  ('A-12000244','5550','17/05/17','8','borsa','21/05/17','Inactivació i envasat','232');
INSERT INTO Trasllat (nif_empresa, cod_residu, data_enviament,cod_desti,envas,data_arribada,tractament,quantitat_trasllat)  VALUES  ('A-12000263','5550','18/05/17','9','sac','22/05/17','Segregació i lliurament','765');
INSERT INTO Trasllat (nif_empresa, cod_residu, data_enviament,cod_desti,envas,data_arribada,tractament,quantitat_trasllat)  VALUES  ('A-12000282','5550','19/05/17','10','bido','23/05/17','Inactivació i envasat','86');
INSERT INTO Trasllat (nif_empresa, cod_residu, data_enviament,cod_desti,envas,data_arribada,tractament,quantitat_trasllat)  VALUES  ('A-12000300','5550','20/05/17','11','llauna','24/05/17','Inactivació, control i abocament','354');
INSERT INTO Trasllat (nif_empresa, cod_residu, data_enviament,cod_desti,envas,data_arribada,tractament,quantitat_trasllat)  VALUES  ('A-12000318','5550','21/05/17','12','caixa','25/05/17','Segregació i lliurament','23');
INSERT INTO Trasllat (nif_empresa, cod_residu, data_enviament,cod_desti,envas,data_arribada,tractament,quantitat_trasllat)  VALUES  ('A-12000337','5550','22/05/17','13','pot','26/05/17','Inactivació i envasat','536');
INSERT INTO Trasllat (nif_empresa, cod_residu, data_enviament,cod_desti,envas,data_arribada,tractament,quantitat_trasllat)  VALUES  ('A-12000355','5550','23/05/17','14','borsa','27/05/17','Inactivació i envasat','456');
INSERT INTO Trasllat (nif_empresa, cod_residu, data_enviament,cod_desti,envas,data_arribada,tractament,quantitat_trasllat)  VALUES  ('A-12000373','5550','24/05/17','15','sac','28/05/17','Segregació i lliurament','23');
INSERT INTO Trasllat (nif_empresa, cod_residu, data_enviament,cod_desti,envas,data_arribada,tractament,quantitat_trasllat)  VALUES  ('A-12000391','5550','25/05/17','16','bido','29/05/17','Inactivació i envasat','345');
INSERT INTO Trasllat (nif_empresa, cod_residu, data_enviament,cod_desti,envas,data_arribada,tractament,quantitat_trasllat)  VALUES  ('A-12000409','5550','26/05/17','17','llauna','30/05/17','Inactivació, control i abocament','63');
INSERT INTO Trasllat (nif_empresa, cod_residu, data_enviament,cod_desti,envas,data_arribada,tractament,quantitat_trasllat)  VALUES  ('A-12000427','5550','27/05/17','18','caixa','31/05/17','Segregació i lliurament','12');
INSERT INTO Trasllat (nif_empresa, cod_residu, data_enviament,cod_desti,envas,data_arribada,tractament,quantitat_trasllat)  VALUES  ('A-12000445','5550','28/05/17','19','pot','01/06/17','Inactivació i envasat','32');
INSERT INTO Trasllat (nif_empresa, cod_residu, data_enviament,cod_desti,envas,data_arribada,tractament,quantitat_trasllat)  VALUES  ('A-12000463','5550','29/05/17','20','borsa','02/06/17','Inactivació i envasat','354');
INSERT INTO Trasllat (nif_empresa, cod_residu, data_enviament,cod_desti,envas,data_arribada,tractament,quantitat_trasllat)  VALUES  ('A-12000481','5550','30/05/17','21','sac','03/06/17','Segregació i lliurament','345');
INSERT INTO Trasllat (nif_empresa, cod_residu, data_enviament,cod_desti,envas,data_arribada,tractament,quantitat_trasllat)  VALUES  ('A-12000499','5550','31/05/17','22','bido','04/06/17','Inactivació i envasat','346');
INSERT INTO Trasllat (nif_empresa, cod_residu, data_enviament,cod_desti,envas,data_arribada,tractament,quantitat_trasllat)  VALUES  ('A-12000517','5550','01/06/17','23','llauna','05/06/17','Inactivació, control i abocament','232');
INSERT INTO Trasllat (nif_empresa, cod_residu, data_enviament,cod_desti,envas,data_arribada,tractament,quantitat_trasllat)  VALUES  ('A-12000535','5550','02/06/17','24','caixa','06/06/17','Segregació i lliurament','765');
INSERT INTO Trasllat (nif_empresa, cod_residu, data_enviament,cod_desti,envas,data_arribada,tractament,quantitat_trasllat)  VALUES  ('A-12000553','5550','03/06/17','25','pot','07/06/17','Inactivació i envasat','86');
INSERT INTO Trasllat (nif_empresa, cod_residu, data_enviament,cod_desti,envas,data_arribada,tractament,quantitat_trasllat)  VALUES  ('A-12000022','8078','04/06/17','26','borsa','08/06/17','Inactivació i envasat','354');
INSERT INTO Trasllat (nif_empresa, cod_residu, data_enviament,cod_desti,envas,data_arribada,tractament,quantitat_trasllat)  VALUES  ('A-12000040','8078','05/06/17','27','sac','09/06/17','Segregació i lliurament','23');
INSERT INTO Trasllat (nif_empresa, cod_residu, data_enviament,cod_desti,envas,data_arribada,tractament,quantitat_trasllat)  VALUES  ('A-12000059','8078','06/06/17','28','bido','10/06/17','Inactivació i envasat','536');
INSERT INTO Trasllat (nif_empresa, cod_residu, data_enviament,cod_desti,envas,data_arribada,tractament,quantitat_trasllat)  VALUES  ('A-12000080','8078','07/06/17','28','llauna','11/06/17','Inactivació, control i abocament','456');
INSERT INTO Trasllat (nif_empresa, cod_residu, data_enviament,cod_desti,envas,data_arribada,tractament,quantitat_trasllat)  VALUES  ('A-12000101','8078','08/06/17','1','caixa','12/06/17','Segregació i lliurament','23');
INSERT INTO Trasllat (nif_empresa, cod_residu, data_enviament,cod_desti,envas,data_arribada,tractament,quantitat_trasllat)  VALUES  ('A-12000122','8078','09/06/17','2','pot','13/06/17','Inactivació i envasat','345');
INSERT INTO Trasllat (nif_empresa, cod_residu, data_enviament,cod_desti,envas,data_arribada,tractament,quantitat_trasllat)  VALUES  ('A-12000140','8078','10/06/17','3','borsa','14/06/17','Inactivació i envasat','63');
INSERT INTO Trasllat (nif_empresa, cod_residu, data_enviament,cod_desti,envas,data_arribada,tractament,quantitat_trasllat)  VALUES  ('A-12000158','8078','11/06/17','4','sac','15/06/17','Segregació i lliurament','12');
INSERT INTO Trasllat (nif_empresa, cod_residu, data_enviament,cod_desti,envas,data_arribada,tractament,quantitat_trasllat)  VALUES  ('A-12000178','8078','12/06/17','5','bido','16/06/17','Inactivació i envasat','32');
INSERT INTO Trasllat (nif_empresa, cod_residu, data_enviament,cod_desti,envas,data_arribada,tractament,quantitat_trasllat)  VALUES  ('A-12000196','8078','13/06/17','6','llauna','17/06/17','Inactivació, control i abocament','354');
INSERT INTO Trasllat (nif_empresa, cod_residu, data_enviament,cod_desti,envas,data_arribada,tractament,quantitat_trasllat)  VALUES  ('A-12000214','8078','14/06/17','7','caixa','18/06/17','Segregació i lliurament','345');
INSERT INTO Trasllat (nif_empresa, cod_residu, data_enviament,cod_desti,envas,data_arribada,tractament,quantitat_trasllat)  VALUES  ('A-12000232','8078','15/06/17','8','pot','19/06/17','Inactivació i envasat','346');
INSERT INTO Trasllat (nif_empresa, cod_residu, data_enviament,cod_desti,envas,data_arribada,tractament,quantitat_trasllat)  VALUES  ('A-12000250','8078','16/06/17','9','borsa','20/06/17','Inactivació i envasat','232');
INSERT INTO Trasllat (nif_empresa, cod_residu, data_enviament,cod_desti,envas,data_arribada,tractament,quantitat_trasllat)  VALUES  ('A-12000269','8078','17/06/17','10','sac','21/06/17','Segregació i lliurament','765');
INSERT INTO Trasllat (nif_empresa, cod_residu, data_enviament,cod_desti,envas,data_arribada,tractament,quantitat_trasllat)  VALUES  ('A-12000288','8078','18/06/17','11','bido','22/06/17','Inactivació i envasat','86');
INSERT INTO Trasllat (nif_empresa, cod_residu, data_enviament,cod_desti,envas,data_arribada,tractament,quantitat_trasllat)  VALUES  ('A-12000306','8078','19/06/17','12','llauna','23/06/17','Inactivació, control i abocament','354');
INSERT INTO Trasllat (nif_empresa, cod_residu, data_enviament,cod_desti,envas,data_arribada,tractament,quantitat_trasllat)  VALUES  ('A-12000324','8078','20/06/17','13','caixa','24/06/17','Segregació i lliurament','23');
INSERT INTO Trasllat (nif_empresa, cod_residu, data_enviament,cod_desti,envas,data_arribada,tractament,quantitat_trasllat)  VALUES  ('A-12000343','8078','21/06/17','14','pot','25/06/17','Inactivació i envasat','536');
INSERT INTO Trasllat (nif_empresa, cod_residu, data_enviament,cod_desti,envas,data_arribada,tractament,quantitat_trasllat)  VALUES  ('A-12000361','8078','22/06/17','15','borsa','26/06/17','Inactivació i envasat','456');
INSERT INTO Trasllat (nif_empresa, cod_residu, data_enviament,cod_desti,envas,data_arribada,tractament,quantitat_trasllat)  VALUES  ('A-12000379','8078','23/06/17','16','sac','27/06/17','Segregació i lliurament','23');
INSERT INTO Trasllat (nif_empresa, cod_residu, data_enviament,cod_desti,envas,data_arribada,tractament,quantitat_trasllat)  VALUES  ('A-12000397','8078','24/06/17','17','bido','28/06/17','Inactivació i envasat','345');
INSERT INTO Trasllat (nif_empresa, cod_residu, data_enviament,cod_desti,envas,data_arribada,tractament,quantitat_trasllat)  VALUES  ('A-12000415','8078','25/06/17','18','llauna','29/06/17','Inactivació, control i abocament','63');
INSERT INTO Trasllat (nif_empresa, cod_residu, data_enviament,cod_desti,envas,data_arribada,tractament,quantitat_trasllat)  VALUES  ('A-12000433','8078','26/06/17','19','caixa','30/06/17','Segregació i lliurament','12');
INSERT INTO Trasllat (nif_empresa, cod_residu, data_enviament,cod_desti,envas,data_arribada,tractament,quantitat_trasllat)  VALUES  ('A-12000451','8078','27/06/17','20','pot','01/07/17','Inactivació i envasat','32');
INSERT INTO Trasllat (nif_empresa, cod_residu, data_enviament,cod_desti,envas,data_arribada,tractament,quantitat_trasllat)  VALUES  ('A-12000469','8078','28/06/17','21','borsa','02/07/17','Inactivació i envasat','354');
INSERT INTO Trasllat (nif_empresa, cod_residu, data_enviament,cod_desti,envas,data_arribada,tractament,quantitat_trasllat)  VALUES  ('A-12000487','8078','29/06/17','22','sac','03/07/17','Segregació i lliurament','345');
INSERT INTO Trasllat (nif_empresa, cod_residu, data_enviament,cod_desti,envas,data_arribada,tractament,quantitat_trasllat)  VALUES  ('A-12000505','8078','30/06/17','23','bido','04/07/17','Inactivació i envasat','346');
INSERT INTO Trasllat (nif_empresa, cod_residu, data_enviament,cod_desti,envas,data_arribada,tractament,quantitat_trasllat)  VALUES  ('A-12000523','8078','01/07/17','24','llauna','05/07/17','Inactivació, control i abocament','232');
INSERT INTO Trasllat (nif_empresa, cod_residu, data_enviament,cod_desti,envas,data_arribada,tractament,quantitat_trasllat)  VALUES  ('A-12000541','8078','02/07/17','25','caixa','06/07/17','Segregació i lliurament','765');
INSERT INTO Trasllat (nif_empresa, cod_residu, data_enviament,cod_desti,envas,data_arribada,tractament,quantitat_trasllat)  VALUES  ('A-12000027','8889','03/07/17','26','pot','07/07/17','Inactivació i envasat','86');
INSERT INTO Trasllat (nif_empresa, cod_residu, data_enviament,cod_desti,envas,data_arribada,tractament,quantitat_trasllat)  VALUES  ('A-12000046','8889','04/07/17','27','borsa','08/07/17','Inactivació i envasat','354');
INSERT INTO Trasllat (nif_empresa, cod_residu, data_enviament,cod_desti,envas,data_arribada,tractament,quantitat_trasllat)  VALUES  ('A-12000066','8889','05/07/17','28','sac','09/07/17','Segregació i lliurament','23');
INSERT INTO Trasllat (nif_empresa, cod_residu, data_enviament,cod_desti,envas,data_arribada,tractament,quantitat_trasllat)  VALUES  ('A-12000086','8889','06/07/17','28','bido','10/07/17','Inactivació i envasat','536');
INSERT INTO Trasllat (nif_empresa, cod_residu, data_enviament,cod_desti,envas,data_arribada,tractament,quantitat_trasllat)  VALUES  ('A-12000106','8889','07/07/17','1','llauna','11/07/17','Inactivació, control i abocament','456');
INSERT INTO Trasllat (nif_empresa, cod_residu, data_enviament,cod_desti,envas,data_arribada,tractament,quantitat_trasllat)  VALUES  ('A-12000127','8889','08/07/17','2','caixa','12/07/17','Segregació i lliurament','23');
INSERT INTO Trasllat (nif_empresa, cod_residu, data_enviament,cod_desti,envas,data_arribada,tractament,quantitat_trasllat)  VALUES  ('A-12000145','8889','09/07/17','3','pot','13/07/17','Inactivació i envasat','345');
INSERT INTO Trasllat (nif_empresa, cod_residu, data_enviament,cod_desti,envas,data_arribada,tractament,quantitat_trasllat)  VALUES  ('A-12000164','8889','10/07/17','4','borsa','14/07/17','Inactivació i envasat','63');
INSERT INTO Trasllat (nif_empresa, cod_residu, data_enviament,cod_desti,envas,data_arribada,tractament,quantitat_trasllat)  VALUES  ('A-12000183','8889','11/07/17','5','sac','15/07/17','Segregació i lliurament','12');
INSERT INTO Trasllat (nif_empresa, cod_residu, data_enviament,cod_desti,envas,data_arribada,tractament,quantitat_trasllat)  VALUES  ('A-12000201','8889','12/07/17','6','bido','16/07/17','Inactivació i envasat','32');
INSERT INTO Trasllat (nif_empresa, cod_residu, data_enviament,cod_desti,envas,data_arribada,tractament,quantitat_trasllat)  VALUES  ('A-12000219','8889','13/07/17','7','llauna','17/07/17','Inactivació, control i abocament','354');
INSERT INTO Trasllat (nif_empresa, cod_residu, data_enviament,cod_desti,envas,data_arribada,tractament,quantitat_trasllat)  VALUES  ('A-12000237','8889','14/07/17','8','caixa','18/07/17','Segregació i lliurament','345');
INSERT INTO Trasllat (nif_empresa, cod_residu, data_enviament,cod_desti,envas,data_arribada,tractament,quantitat_trasllat)  VALUES  ('A-12000255','8889','15/07/17','9','pot','19/07/17','Inactivació i envasat','346');
INSERT INTO Trasllat (nif_empresa, cod_residu, data_enviament,cod_desti,envas,data_arribada,tractament,quantitat_trasllat)  VALUES  ('A-12000274','8889','16/07/17','10','borsa','20/07/17','Inactivació i envasat','232');
INSERT INTO Trasllat (nif_empresa, cod_residu, data_enviament,cod_desti,envas,data_arribada,tractament,quantitat_trasllat)  VALUES  ('A-12000293','8889','17/07/17','11','sac','21/07/17','Segregació i lliurament','765');
INSERT INTO Trasllat (nif_empresa, cod_residu, data_enviament,cod_desti,envas,data_arribada,tractament,quantitat_trasllat)  VALUES  ('A-12000311','8889','18/07/17','12','bido','22/07/17','Inactivació i envasat','86');
INSERT INTO Trasllat (nif_empresa, cod_residu, data_enviament,cod_desti,envas,data_arribada,tractament,quantitat_trasllat)  VALUES  ('A-12000330','8889','19/07/17','13','llauna','23/07/17','Inactivació, control i abocament','354');
INSERT INTO Trasllat (nif_empresa, cod_residu, data_enviament,cod_desti,envas,data_arribada,tractament,quantitat_trasllat)  VALUES  ('A-12000348','8889','20/07/17','14','caixa','24/07/17','Segregació i lliurament','23');
INSERT INTO Trasllat (nif_empresa, cod_residu, data_enviament,cod_desti,envas,data_arribada,tractament,quantitat_trasllat)  VALUES  ('A-12000366','8889','21/07/17','15','pot','25/07/17','Inactivació i envasat','536');
INSERT INTO Trasllat (nif_empresa, cod_residu, data_enviament,cod_desti,envas,data_arribada,tractament,quantitat_trasllat)  VALUES  ('A-12000384','8889','22/07/17','16','borsa','26/07/17','Inactivació i envasat','456');
INSERT INTO Trasllat (nif_empresa, cod_residu, data_enviament,cod_desti,envas,data_arribada,tractament,quantitat_trasllat)  VALUES  ('A-12000402','8889','23/07/17','17','sac','27/07/17','Segregació i lliurament','23');
INSERT INTO Trasllat (nif_empresa, cod_residu, data_enviament,cod_desti,envas,data_arribada,tractament,quantitat_trasllat)  VALUES  ('A-12000420','8889','24/07/17','18','bido','28/07/17','Inactivació i envasat','345');
INSERT INTO Trasllat (nif_empresa, cod_residu, data_enviament,cod_desti,envas,data_arribada,tractament,quantitat_trasllat)  VALUES  ('A-12000438','8889','25/07/17','19','llauna','29/07/17','Inactivació, control i abocament','63');
INSERT INTO Trasllat (nif_empresa, cod_residu, data_enviament,cod_desti,envas,data_arribada,tractament,quantitat_trasllat)  VALUES  ('A-12000456','8889','26/07/17','20','caixa','30/07/17','Segregació i lliurament','12');
INSERT INTO Trasllat (nif_empresa, cod_residu, data_enviament,cod_desti,envas,data_arribada,tractament,quantitat_trasllat)  VALUES  ('A-12000474','8889','27/07/17','21','pot','31/07/17','Inactivació i envasat','32');
INSERT INTO Trasllat (nif_empresa, cod_residu, data_enviament,cod_desti,envas,data_arribada,tractament,quantitat_trasllat)  VALUES  ('A-12000492','8889','28/07/17','22','borsa','01/08/17','Inactivació i envasat','354');
INSERT INTO Trasllat (nif_empresa, cod_residu, data_enviament,cod_desti,envas,data_arribada,tractament,quantitat_trasllat)  VALUES  ('A-12000510','8889','29/07/17','23','sac','02/08/17','Segregació i lliurament','345');
INSERT INTO Trasllat (nif_empresa, cod_residu, data_enviament,cod_desti,envas,data_arribada,tractament,quantitat_trasllat)  VALUES  ('A-12000528','8889','30/07/17','24','bido','03/08/17','Inactivació i envasat','346');
INSERT INTO Trasllat (nif_empresa, cod_residu, data_enviament,cod_desti,envas,data_arribada,tractament,quantitat_trasllat)  VALUES  ('A-12000546','8889','31/07/17','25','llauna','04/08/17','Inactivació, control i abocament','232');

--Trasllat_EmpresaTransport
INSERT INTO Trasllat_EmpresaTransport (nif_empresa, cod_residu, data_enviament,cod_desti,nif_emptransport,tipus_transport,kms,cost)  VALUES  ('A-12000035','108','01/03/16','1','A-22300276','Terrestre','1290','12342');
INSERT INTO Trasllat_EmpresaTransport (nif_empresa, cod_residu, data_enviament,cod_desti,nif_emptransport,tipus_transport,kms,cost)  VALUES  ('A-12000054','108','02/03/16','2','A-22300277','Avio','1298','12484');
INSERT INTO Trasllat_EmpresaTransport (nif_empresa, cod_residu, data_enviament,cod_desti,nif_emptransport,tipus_transport,kms,cost)  VALUES  ('A-12000074','108','03/03/16','3','A-22300278','Train','1306','12626');
INSERT INTO Trasllat_EmpresaTransport (nif_empresa, cod_residu, data_enviament,cod_desti,nif_emptransport,tipus_transport,kms,cost)  VALUES  ('A-12000095','108','04/03/16','4','A-22300279','Terrestre','1314','12768');
INSERT INTO Trasllat_EmpresaTransport (nif_empresa, cod_residu, data_enviament,cod_desti,nif_emptransport,tipus_transport,kms,cost)  VALUES  ('A-12000116','108','05/03/16','5','A-22300280','Avio','1322','12910');
INSERT INTO Trasllat_EmpresaTransport (nif_empresa, cod_residu, data_enviament,cod_desti,nif_emptransport,tipus_transport,kms,cost)  VALUES  ('A-12000135','108','06/03/16','6','A-22300281','Train','1330','13052');
INSERT INTO Trasllat_EmpresaTransport (nif_empresa, cod_residu, data_enviament,cod_desti,nif_emptransport,tipus_transport,kms,cost)  VALUES  ('A-12000153','108','07/03/16','7','A-22300282','Terrestre','1338','13194');
INSERT INTO Trasllat_EmpresaTransport (nif_empresa, cod_residu, data_enviament,cod_desti,nif_emptransport,tipus_transport,kms,cost)  VALUES  ('A-12000173','108','08/03/16','8','A-22300283','Avio','1346','13336');
INSERT INTO Trasllat_EmpresaTransport (nif_empresa, cod_residu, data_enviament,cod_desti,nif_emptransport,tipus_transport,kms,cost)  VALUES  ('A-12000191','108','09/03/16','9','A-22300284','Train','1354','13478');
INSERT INTO Trasllat_EmpresaTransport (nif_empresa, cod_residu, data_enviament,cod_desti,nif_emptransport,tipus_transport,kms,cost)  VALUES  ('A-12000209','108','10/03/16','10','A-22300285','Terrestre','1362','13620');
INSERT INTO Trasllat_EmpresaTransport (nif_empresa, cod_residu, data_enviament,cod_desti,nif_emptransport,tipus_transport,kms,cost)  VALUES  ('A-12000227','108','11/03/16','11','A-22300286','Avio','1370','13762');
INSERT INTO Trasllat_EmpresaTransport (nif_empresa, cod_residu, data_enviament,cod_desti,nif_emptransport,tipus_transport,kms,cost)  VALUES  ('A-12000245','108','12/03/16','12','A-22300287','Train','1378','13904');
INSERT INTO Trasllat_EmpresaTransport (nif_empresa, cod_residu, data_enviament,cod_desti,nif_emptransport,tipus_transport,kms,cost)  VALUES  ('A-12000264','108','13/03/16','13','A-22300288','Terrestre','1386','14046');
INSERT INTO Trasllat_EmpresaTransport (nif_empresa, cod_residu, data_enviament,cod_desti,nif_emptransport,tipus_transport,kms,cost)  VALUES  ('A-12000283','108','14/03/16','14','A-22300289','Avio','1394','14188');
INSERT INTO Trasllat_EmpresaTransport (nif_empresa, cod_residu, data_enviament,cod_desti,nif_emptransport,tipus_transport,kms,cost)  VALUES  ('A-12000301','108','15/03/16','15','A-22300290','Train','1402','14330');
INSERT INTO Trasllat_EmpresaTransport (nif_empresa, cod_residu, data_enviament,cod_desti,nif_emptransport,tipus_transport,kms,cost)  VALUES  ('A-12000319','108','16/03/16','16','A-22300291','Terrestre','1410','14472');
INSERT INTO Trasllat_EmpresaTransport (nif_empresa, cod_residu, data_enviament,cod_desti,nif_emptransport,tipus_transport,kms,cost)  VALUES  ('A-12000338','108','17/03/16','17','A-22300292','Avio','1418','14614');
INSERT INTO Trasllat_EmpresaTransport (nif_empresa, cod_residu, data_enviament,cod_desti,nif_emptransport,tipus_transport,kms,cost)  VALUES  ('A-12000356','108','18/03/16','18','A-22300293','Train','1426','14756');
INSERT INTO Trasllat_EmpresaTransport (nif_empresa, cod_residu, data_enviament,cod_desti,nif_emptransport,tipus_transport,kms,cost)  VALUES  ('A-12000374','108','19/03/16','19','A-22300294','Terrestre','1434','14898');
INSERT INTO Trasllat_EmpresaTransport (nif_empresa, cod_residu, data_enviament,cod_desti,nif_emptransport,tipus_transport,kms,cost)  VALUES  ('A-12000392','108','20/03/16','20','A-22300295','Avio','1442','15040');
INSERT INTO Trasllat_EmpresaTransport (nif_empresa, cod_residu, data_enviament,cod_desti,nif_emptransport,tipus_transport,kms,cost)  VALUES  ('A-12000410','108','21/03/16','21','A-22300296','Train','1450','15182');
INSERT INTO Trasllat_EmpresaTransport (nif_empresa, cod_residu, data_enviament,cod_desti,nif_emptransport,tipus_transport,kms,cost)  VALUES  ('A-12000428','108','22/03/16','22','A-22300297','Terrestre','1458','15324');
INSERT INTO Trasllat_EmpresaTransport (nif_empresa, cod_residu, data_enviament,cod_desti,nif_emptransport,tipus_transport,kms,cost)  VALUES  ('A-12000446','108','23/03/16','23','A-22300298','Avio','1466','15466');
INSERT INTO Trasllat_EmpresaTransport (nif_empresa, cod_residu, data_enviament,cod_desti,nif_emptransport,tipus_transport,kms,cost)  VALUES  ('A-12000464','108','24/03/16','24','A-22300299','Train','1474','15608');
INSERT INTO Trasllat_EmpresaTransport (nif_empresa, cod_residu, data_enviament,cod_desti,nif_emptransport,tipus_transport,kms,cost)  VALUES  ('A-12000482','108','25/03/16','25','A-22300300','Terrestre','1482','15750');
INSERT INTO Trasllat_EmpresaTransport (nif_empresa, cod_residu, data_enviament,cod_desti,nif_emptransport,tipus_transport,kms,cost)  VALUES  ('A-12000500','108','26/03/16','26','A-22300301','Avio','1490','15892');
INSERT INTO Trasllat_EmpresaTransport (nif_empresa, cod_residu, data_enviament,cod_desti,nif_emptransport,tipus_transport,kms,cost)  VALUES  ('A-12000518','108','27/03/16','27','A-22300302','Train','1498','16034');
INSERT INTO Trasllat_EmpresaTransport (nif_empresa, cod_residu, data_enviament,cod_desti,nif_emptransport,tipus_transport,kms,cost)  VALUES  ('A-12000536','108','28/03/16','28','A-22300303','Terrestre','1506','16176');
INSERT INTO Trasllat_EmpresaTransport (nif_empresa, cod_residu, data_enviament,cod_desti,nif_emptransport,tipus_transport,kms,cost)  VALUES  ('A-12000554','108','29/03/16','28','A-22300304','Avio','1514','16318');
INSERT INTO Trasllat_EmpresaTransport (nif_empresa, cod_residu, data_enviament,cod_desti,nif_emptransport,tipus_transport,kms,cost)  VALUES  ('A-12000028','714','30/03/16','1','A-22300305','Train','1522','16460');
INSERT INTO Trasllat_EmpresaTransport (nif_empresa, cod_residu, data_enviament,cod_desti,nif_emptransport,tipus_transport,kms,cost)  VALUES  ('A-12000047','714','31/03/16','2','A-22300306','Terrestre','1530','16602');
INSERT INTO Trasllat_EmpresaTransport (nif_empresa, cod_residu, data_enviament,cod_desti,nif_emptransport,tipus_transport,kms,cost)  VALUES  ('A-12000067','714','01/04/16','3','A-22300307','Avio','1538','16744');
INSERT INTO Trasllat_EmpresaTransport (nif_empresa, cod_residu, data_enviament,cod_desti,nif_emptransport,tipus_transport,kms,cost)  VALUES  ('A-12000087','714','02/04/16','4','A-22300308','Train','1546','16886');
INSERT INTO Trasllat_EmpresaTransport (nif_empresa, cod_residu, data_enviament,cod_desti,nif_emptransport,tipus_transport,kms,cost)  VALUES  ('A-12000107','714','03/04/16','5','A-22300309','Terrestre','1554','17028');
INSERT INTO Trasllat_EmpresaTransport (nif_empresa, cod_residu, data_enviament,cod_desti,nif_emptransport,tipus_transport,kms,cost)  VALUES  ('A-12000128','714','04/04/16','6','A-22300310','Avio','1562','17170');
INSERT INTO Trasllat_EmpresaTransport (nif_empresa, cod_residu, data_enviament,cod_desti,nif_emptransport,tipus_transport,kms,cost)  VALUES  ('A-12000146','714','05/04/16','7','A-22300311','Train','1570','17312');
INSERT INTO Trasllat_EmpresaTransport (nif_empresa, cod_residu, data_enviament,cod_desti,nif_emptransport,tipus_transport,kms,cost)  VALUES  ('A-12000165','714','06/04/16','8','A-22300312','Terrestre','1578','17454');
INSERT INTO Trasllat_EmpresaTransport (nif_empresa, cod_residu, data_enviament,cod_desti,nif_emptransport,tipus_transport,kms,cost)  VALUES  ('A-12000184','714','07/04/16','9','A-22300313','Avio','1586','17596');
INSERT INTO Trasllat_EmpresaTransport (nif_empresa, cod_residu, data_enviament,cod_desti,nif_emptransport,tipus_transport,kms,cost)  VALUES  ('A-12000202','714','08/04/16','10','A-22300314','Train','1594','17738');
INSERT INTO Trasllat_EmpresaTransport (nif_empresa, cod_residu, data_enviament,cod_desti,nif_emptransport,tipus_transport,kms,cost)  VALUES  ('A-12000220','714','09/04/16','11','A-22300315','Terrestre','1602','17880');
INSERT INTO Trasllat_EmpresaTransport (nif_empresa, cod_residu, data_enviament,cod_desti,nif_emptransport,tipus_transport,kms,cost)  VALUES  ('A-12000238','714','10/04/16','12','A-22300316','Avio','1610','18022');
INSERT INTO Trasllat_EmpresaTransport (nif_empresa, cod_residu, data_enviament,cod_desti,nif_emptransport,tipus_transport,kms,cost)  VALUES  ('A-12000256','714','11/04/16','13','A-22300317','Train','1618','18164');
INSERT INTO Trasllat_EmpresaTransport (nif_empresa, cod_residu, data_enviament,cod_desti,nif_emptransport,tipus_transport,kms,cost)  VALUES  ('A-12000275','714','12/04/16','14','A-22300318','Terrestre','1626','18306');
INSERT INTO Trasllat_EmpresaTransport (nif_empresa, cod_residu, data_enviament,cod_desti,nif_emptransport,tipus_transport,kms,cost)  VALUES  ('A-12000294','714','13/04/16','15','A-22300319','Avio','1634','18448');
INSERT INTO Trasllat_EmpresaTransport (nif_empresa, cod_residu, data_enviament,cod_desti,nif_emptransport,tipus_transport,kms,cost)  VALUES  ('A-12000312','714','14/04/16','16','A-22300320','Train','1642','18590');
INSERT INTO Trasllat_EmpresaTransport (nif_empresa, cod_residu, data_enviament,cod_desti,nif_emptransport,tipus_transport,kms,cost)  VALUES  ('A-12000331','714','15/04/16','17','A-22300321','Terrestre','1650','18732');
INSERT INTO Trasllat_EmpresaTransport (nif_empresa, cod_residu, data_enviament,cod_desti,nif_emptransport,tipus_transport,kms,cost)  VALUES  ('A-12000349','714','16/04/16','18','A-22300322','Avio','1658','18874');
INSERT INTO Trasllat_EmpresaTransport (nif_empresa, cod_residu, data_enviament,cod_desti,nif_emptransport,tipus_transport,kms,cost)  VALUES  ('A-12000367','714','17/04/16','19','A-22300323','Train','1666','19016');
INSERT INTO Trasllat_EmpresaTransport (nif_empresa, cod_residu, data_enviament,cod_desti,nif_emptransport,tipus_transport,kms,cost)  VALUES  ('A-12000385','714','18/04/16','20','A-22300324','Terrestre','1674','19158');
INSERT INTO Trasllat_EmpresaTransport (nif_empresa, cod_residu, data_enviament,cod_desti,nif_emptransport,tipus_transport,kms,cost)  VALUES  ('A-12000403','714','19/04/16','21','A-22300325','Avio','1682','19300');
INSERT INTO Trasllat_EmpresaTransport (nif_empresa, cod_residu, data_enviament,cod_desti,nif_emptransport,tipus_transport,kms,cost)  VALUES  ('A-12000421','714','20/04/16','22','A-22300326','Train','1690','19442');
INSERT INTO Trasllat_EmpresaTransport (nif_empresa, cod_residu, data_enviament,cod_desti,nif_emptransport,tipus_transport,kms,cost)  VALUES  ('A-12000439','714','21/04/16','23','A-22300327','Terrestre','1698','19584');
INSERT INTO Trasllat_EmpresaTransport (nif_empresa, cod_residu, data_enviament,cod_desti,nif_emptransport,tipus_transport,kms,cost)  VALUES  ('A-12000457','714','22/04/16','24','A-22300328','Avio','1706','19726');
INSERT INTO Trasllat_EmpresaTransport (nif_empresa, cod_residu, data_enviament,cod_desti,nif_emptransport,tipus_transport,kms,cost)  VALUES  ('A-12000475','714','23/04/16','25','A-22300329','Train','1714','19868');
INSERT INTO Trasllat_EmpresaTransport (nif_empresa, cod_residu, data_enviament,cod_desti,nif_emptransport,tipus_transport,kms,cost)  VALUES  ('A-12000493','714','24/04/16','26','A-22300330','Terrestre','1722','20010');
INSERT INTO Trasllat_EmpresaTransport (nif_empresa, cod_residu, data_enviament,cod_desti,nif_emptransport,tipus_transport,kms,cost)  VALUES  ('A-12000511','714','25/04/16','27','A-22300331','Avio','1730','20152');
INSERT INTO Trasllat_EmpresaTransport (nif_empresa, cod_residu, data_enviament,cod_desti,nif_emptransport,tipus_transport,kms,cost)  VALUES  ('A-12000529','714','26/04/16','28','A-22300332','Train','1738','20294');
INSERT INTO Trasllat_EmpresaTransport (nif_empresa, cod_residu, data_enviament,cod_desti,nif_emptransport,tipus_transport,kms,cost)  VALUES  ('A-12000547','714','27/04/16','28','A-22300333','Terrestre','1746','20436');
INSERT INTO Trasllat_EmpresaTransport (nif_empresa, cod_residu, data_enviament,cod_desti,nif_emptransport,tipus_transport,kms,cost)  VALUES  ('A-12000025','1001','28/04/16','1','A-22300334','Avio','1754','20578');
INSERT INTO Trasllat_EmpresaTransport (nif_empresa, cod_residu, data_enviament,cod_desti,nif_emptransport,tipus_transport,kms,cost)  VALUES  ('A-12000043','1001','29/04/16','2','A-22300335','Train','1762','20720');
INSERT INTO Trasllat_EmpresaTransport (nif_empresa, cod_residu, data_enviament,cod_desti,nif_emptransport,tipus_transport,kms,cost)  VALUES  ('A-12000063','1001','30/04/16','3','A-22300336','Terrestre','1770','20862');
INSERT INTO Trasllat_EmpresaTransport (nif_empresa, cod_residu, data_enviament,cod_desti,nif_emptransport,tipus_transport,kms,cost)  VALUES  ('A-12000083','1001','01/05/16','4','A-22300337','Avio','1778','21004');
INSERT INTO Trasllat_EmpresaTransport (nif_empresa, cod_residu, data_enviament,cod_desti,nif_emptransport,tipus_transport,kms,cost)  VALUES  ('A-12000104','1001','02/05/16','5','A-22300338','Train','1786','21146');
INSERT INTO Trasllat_EmpresaTransport (nif_empresa, cod_residu, data_enviament,cod_desti,nif_emptransport,tipus_transport,kms,cost)  VALUES  ('A-12000125','1001','03/05/16','6','A-22300339','Terrestre','1794','21288');
INSERT INTO Trasllat_EmpresaTransport (nif_empresa, cod_residu, data_enviament,cod_desti,nif_emptransport,tipus_transport,kms,cost)  VALUES  ('A-12000143','1001','04/05/16','7','A-22300340','Avio','1802','21430');
INSERT INTO Trasllat_EmpresaTransport (nif_empresa, cod_residu, data_enviament,cod_desti,nif_emptransport,tipus_transport,kms,cost)  VALUES  ('A-12000161','1001','05/05/16','8','A-22300341','Train','1810','21572');
INSERT INTO Trasllat_EmpresaTransport (nif_empresa, cod_residu, data_enviament,cod_desti,nif_emptransport,tipus_transport,kms,cost)  VALUES  ('A-12000181','1001','06/05/16','9','A-22300342','Terrestre','1818','21714');
INSERT INTO Trasllat_EmpresaTransport (nif_empresa, cod_residu, data_enviament,cod_desti,nif_emptransport,tipus_transport,kms,cost)  VALUES  ('A-12000199','1001','07/05/16','10','A-22300343','Avio','1826','21856');
INSERT INTO Trasllat_EmpresaTransport (nif_empresa, cod_residu, data_enviament,cod_desti,nif_emptransport,tipus_transport,kms,cost)  VALUES  ('A-12000217','1001','08/05/16','11','A-22300344','Train','1834','21998');
INSERT INTO Trasllat_EmpresaTransport (nif_empresa, cod_residu, data_enviament,cod_desti,nif_emptransport,tipus_transport,kms,cost)  VALUES  ('A-12000235','1001','09/05/16','12','A-22300345','Terrestre','1842','22140');
INSERT INTO Trasllat_EmpresaTransport (nif_empresa, cod_residu, data_enviament,cod_desti,nif_emptransport,tipus_transport,kms,cost)  VALUES  ('A-12000253','1001','10/05/16','13','A-22300346','Avio','1850','22282');
INSERT INTO Trasllat_EmpresaTransport (nif_empresa, cod_residu, data_enviament,cod_desti,nif_emptransport,tipus_transport,kms,cost)  VALUES  ('A-12000272','1001','11/05/16','14','A-22300347','Train','1858','22424');
INSERT INTO Trasllat_EmpresaTransport (nif_empresa, cod_residu, data_enviament,cod_desti,nif_emptransport,tipus_transport,kms,cost)  VALUES  ('A-12000291','1001','12/05/16','15','A-22300348','Terrestre','1866','22566');
INSERT INTO Trasllat_EmpresaTransport (nif_empresa, cod_residu, data_enviament,cod_desti,nif_emptransport,tipus_transport,kms,cost)  VALUES  ('A-12000309','1001','13/05/16','16','A-22300349','Avio','1874','22708');
INSERT INTO Trasllat_EmpresaTransport (nif_empresa, cod_residu, data_enviament,cod_desti,nif_emptransport,tipus_transport,kms,cost)  VALUES  ('A-12000328','1001','14/05/16','17','A-22300350','Train','1882','22850');
INSERT INTO Trasllat_EmpresaTransport (nif_empresa, cod_residu, data_enviament,cod_desti,nif_emptransport,tipus_transport,kms,cost)  VALUES  ('A-12000346','1001','15/05/16','18','A-22300351','Terrestre','1890','22992');
INSERT INTO Trasllat_EmpresaTransport (nif_empresa, cod_residu, data_enviament,cod_desti,nif_emptransport,tipus_transport,kms,cost)  VALUES  ('A-12000364','1001','16/05/16','19','A-22300352','Avio','1898','23134');
INSERT INTO Trasllat_EmpresaTransport (nif_empresa, cod_residu, data_enviament,cod_desti,nif_emptransport,tipus_transport,kms,cost)  VALUES  ('A-12000382','1001','17/05/16','20','A-22300353','Train','1906','23276');
INSERT INTO Trasllat_EmpresaTransport (nif_empresa, cod_residu, data_enviament,cod_desti,nif_emptransport,tipus_transport,kms,cost)  VALUES  ('A-12000400','1001','18/05/16','21','A-22300354','Terrestre','1914','23418');
INSERT INTO Trasllat_EmpresaTransport (nif_empresa, cod_residu, data_enviament,cod_desti,nif_emptransport,tipus_transport,kms,cost)  VALUES  ('A-12000418','1001','19/05/16','22','A-22300355','Avio','1922','23560');
INSERT INTO Trasllat_EmpresaTransport (nif_empresa, cod_residu, data_enviament,cod_desti,nif_emptransport,tipus_transport,kms,cost)  VALUES  ('A-12000436','1001','20/05/16','23','A-22300356','Train','1930','23702');
INSERT INTO Trasllat_EmpresaTransport (nif_empresa, cod_residu, data_enviament,cod_desti,nif_emptransport,tipus_transport,kms,cost)  VALUES  ('A-12000454','1001','21/05/16','24','A-22300357','Terrestre','1938','23844');
INSERT INTO Trasllat_EmpresaTransport (nif_empresa, cod_residu, data_enviament,cod_desti,nif_emptransport,tipus_transport,kms,cost)  VALUES  ('A-12000472','1001','22/05/16','25','A-22300358','Avio','1946','23986');
INSERT INTO Trasllat_EmpresaTransport (nif_empresa, cod_residu, data_enviament,cod_desti,nif_emptransport,tipus_transport,kms,cost)  VALUES  ('A-12000490','1001','23/05/16','26','A-22300359','Train','1954','24128');
INSERT INTO Trasllat_EmpresaTransport (nif_empresa, cod_residu, data_enviament,cod_desti,nif_emptransport,tipus_transport,kms,cost)  VALUES  ('A-12000508','1001','24/05/16','27','A-22300360','Terrestre','1962','24270');
INSERT INTO Trasllat_EmpresaTransport (nif_empresa, cod_residu, data_enviament,cod_desti,nif_emptransport,tipus_transport,kms,cost)  VALUES  ('A-12000526','1001','25/05/16','28','A-22300361','Avio','1970','24412');
INSERT INTO Trasllat_EmpresaTransport (nif_empresa, cod_residu, data_enviament,cod_desti,nif_emptransport,tipus_transport,kms,cost)  VALUES  ('A-12000544','1001','26/05/16','28','A-22300362','Train','1978','24554');
INSERT INTO Trasllat_EmpresaTransport (nif_empresa, cod_residu, data_enviament,cod_desti,nif_emptransport,tipus_transport,kms,cost)  VALUES  ('A-12000033','1974','27/05/16','1','A-22300363','Terrestre','1986','24696');
INSERT INTO Trasllat_EmpresaTransport (nif_empresa, cod_residu, data_enviament,cod_desti,nif_emptransport,tipus_transport,kms,cost)  VALUES  ('A-12000072','1974','28/05/16','2','A-22300364','Avio','1994','24838');
INSERT INTO Trasllat_EmpresaTransport (nif_empresa, cod_residu, data_enviament,cod_desti,nif_emptransport,tipus_transport,kms,cost)  VALUES  ('A-12000093','1974','29/05/16','3','A-22300365','Train','2002','24980');
INSERT INTO Trasllat_EmpresaTransport (nif_empresa, cod_residu, data_enviament,cod_desti,nif_emptransport,tipus_transport,kms,cost)  VALUES  ('A-12000114','1974','30/05/16','4','A-22300366','Terrestre','2010','25122');
INSERT INTO Trasllat_EmpresaTransport (nif_empresa, cod_residu, data_enviament,cod_desti,nif_emptransport,tipus_transport,kms,cost)  VALUES  ('A-12000133','1974','31/05/16','5','A-22300367','Avio','2018','25264');
INSERT INTO Trasllat_EmpresaTransport (nif_empresa, cod_residu, data_enviament,cod_desti,nif_emptransport,tipus_transport,kms,cost)  VALUES  ('A-12000151','1974','01/06/16','6','A-22300368','Train','2026','25406');
INSERT INTO Trasllat_EmpresaTransport (nif_empresa, cod_residu, data_enviament,cod_desti,nif_emptransport,tipus_transport,kms,cost)  VALUES  ('A-12000171','1974','02/06/16','7','A-22300369','Terrestre','2034','25548');
INSERT INTO Trasllat_EmpresaTransport (nif_empresa, cod_residu, data_enviament,cod_desti,nif_emptransport,tipus_transport,kms,cost)  VALUES  ('A-12000189','1974','03/06/16','8','A-22300370','Avio','2042','25690');
INSERT INTO Trasllat_EmpresaTransport (nif_empresa, cod_residu, data_enviament,cod_desti,nif_emptransport,tipus_transport,kms,cost)  VALUES  ('A-12000207','1974','04/06/16','9','A-22300371','Train','2050','25832');
INSERT INTO Trasllat_EmpresaTransport (nif_empresa, cod_residu, data_enviament,cod_desti,nif_emptransport,tipus_transport,kms,cost)  VALUES  ('A-12000225','1974','05/06/16','10','A-22300372','Terrestre','2058','25974');
INSERT INTO Trasllat_EmpresaTransport (nif_empresa, cod_residu, data_enviament,cod_desti,nif_emptransport,tipus_transport,kms,cost)  VALUES  ('A-12000243','1974','06/06/16','11','A-22300373','Avio','2066','26116');
INSERT INTO Trasllat_EmpresaTransport (nif_empresa, cod_residu, data_enviament,cod_desti,nif_emptransport,tipus_transport,kms,cost)  VALUES  ('A-12000262','1974','07/06/16','12','A-22300374','Train','2074','26258');
INSERT INTO Trasllat_EmpresaTransport (nif_empresa, cod_residu, data_enviament,cod_desti,nif_emptransport,tipus_transport,kms,cost)  VALUES  ('A-12000281','1974','08/06/16','13','A-22300375','Terrestre','2082','26400');
INSERT INTO Trasllat_EmpresaTransport (nif_empresa, cod_residu, data_enviament,cod_desti,nif_emptransport,tipus_transport,kms,cost)  VALUES  ('A-12000299','1974','09/06/16','14','A-22300376','Avio','2090','26542');
INSERT INTO Trasllat_EmpresaTransport (nif_empresa, cod_residu, data_enviament,cod_desti,nif_emptransport,tipus_transport,kms,cost)  VALUES  ('A-12000317','1974','10/06/16','15','A-22300377','Train','2098','26684');
INSERT INTO Trasllat_EmpresaTransport (nif_empresa, cod_residu, data_enviament,cod_desti,nif_emptransport,tipus_transport,kms,cost)  VALUES  ('A-12000336','1974','11/06/16','16','A-22300378','Terrestre','2106','26826');
INSERT INTO Trasllat_EmpresaTransport (nif_empresa, cod_residu, data_enviament,cod_desti,nif_emptransport,tipus_transport,kms,cost)  VALUES  ('A-12000354','1974','12/06/16','17','A-22300379','Avio','2114','26968');
INSERT INTO Trasllat_EmpresaTransport (nif_empresa, cod_residu, data_enviament,cod_desti,nif_emptransport,tipus_transport,kms,cost)  VALUES  ('A-12000372','1974','13/06/16','18','A-22300380','Train','2122','27110');
INSERT INTO Trasllat_EmpresaTransport (nif_empresa, cod_residu, data_enviament,cod_desti,nif_emptransport,tipus_transport,kms,cost)  VALUES  ('A-12000390','1974','14/06/16','19','A-22300381','Terrestre','2130','27252');
INSERT INTO Trasllat_EmpresaTransport (nif_empresa, cod_residu, data_enviament,cod_desti,nif_emptransport,tipus_transport,kms,cost)  VALUES  ('A-12000408','1974','15/06/16','20','A-22300382','Avio','2138','27394');
INSERT INTO Trasllat_EmpresaTransport (nif_empresa, cod_residu, data_enviament,cod_desti,nif_emptransport,tipus_transport,kms,cost)  VALUES  ('A-12000426','1974','16/06/16','21','A-22300383','Train','2146','27536');
INSERT INTO Trasllat_EmpresaTransport (nif_empresa, cod_residu, data_enviament,cod_desti,nif_emptransport,tipus_transport,kms,cost)  VALUES  ('A-12000444','1974','17/06/16','22','A-22300384','Terrestre','2154','27678');
INSERT INTO Trasllat_EmpresaTransport (nif_empresa, cod_residu, data_enviament,cod_desti,nif_emptransport,tipus_transport,kms,cost)  VALUES  ('A-12000462','1974','18/06/16','23','A-22300276','Avio','2162','27820');
INSERT INTO Trasllat_EmpresaTransport (nif_empresa, cod_residu, data_enviament,cod_desti,nif_emptransport,tipus_transport,kms,cost)  VALUES  ('A-12000480','1974','19/06/16','24','A-22300277','Train','2170','27962');
INSERT INTO Trasllat_EmpresaTransport (nif_empresa, cod_residu, data_enviament,cod_desti,nif_emptransport,tipus_transport,kms,cost)  VALUES  ('A-12000498','1974','20/06/16','25','A-22300278','Terrestre','2178','28104');
INSERT INTO Trasllat_EmpresaTransport (nif_empresa, cod_residu, data_enviament,cod_desti,nif_emptransport,tipus_transport,kms,cost)  VALUES  ('A-12000516','1974','21/06/16','26','A-22300279','Avio','2186','28246');
INSERT INTO Trasllat_EmpresaTransport (nif_empresa, cod_residu, data_enviament,cod_desti,nif_emptransport,tipus_transport,kms,cost)  VALUES  ('A-12000534','1974','22/06/16','27','A-22300280','Train','2194','28388');
INSERT INTO Trasllat_EmpresaTransport (nif_empresa, cod_residu, data_enviament,cod_desti,nif_emptransport,tipus_transport,kms,cost)  VALUES  ('A-12000552','1974','23/06/16','28','A-22300281','Terrestre','2202','28530');
INSERT INTO Trasllat_EmpresaTransport (nif_empresa, cod_residu, data_enviament,cod_desti,nif_emptransport,tipus_transport,kms,cost)  VALUES  ('A-12000052','1974','24/06/16','28','A-22300282','Avio','2210','28672');
INSERT INTO Trasllat_EmpresaTransport (nif_empresa, cod_residu, data_enviament,cod_desti,nif_emptransport,tipus_transport,kms,cost)  VALUES  ('A-12000024','2020','25/06/16','1','A-22300283','Train','2218','28814');
INSERT INTO Trasllat_EmpresaTransport (nif_empresa, cod_residu, data_enviament,cod_desti,nif_emptransport,tipus_transport,kms,cost)  VALUES  ('A-12000042','2020','26/06/16','2','A-22300284','Terrestre','2226','28956');
INSERT INTO Trasllat_EmpresaTransport (nif_empresa, cod_residu, data_enviament,cod_desti,nif_emptransport,tipus_transport,kms,cost)  VALUES  ('A-12000062','2020','27/06/16','3','A-22300285','Avio','2234','29098');
INSERT INTO Trasllat_EmpresaTransport (nif_empresa, cod_residu, data_enviament,cod_desti,nif_emptransport,tipus_transport,kms,cost)  VALUES  ('A-12000082','2020','28/06/16','4','A-22300286','Train','2242','29240');
INSERT INTO Trasllat_EmpresaTransport (nif_empresa, cod_residu, data_enviament,cod_desti,nif_emptransport,tipus_transport,kms,cost)  VALUES  ('A-12000103','2020','29/06/16','5','A-22300287','Terrestre','2250','29382');
INSERT INTO Trasllat_EmpresaTransport (nif_empresa, cod_residu, data_enviament,cod_desti,nif_emptransport,tipus_transport,kms,cost)  VALUES  ('A-12000124','2020','30/06/16','6','A-22300288','Avio','2258','29524');
INSERT INTO Trasllat_EmpresaTransport (nif_empresa, cod_residu, data_enviament,cod_desti,nif_emptransport,tipus_transport,kms,cost)  VALUES  ('A-12000142','2020','01/07/16','7','A-22300289','Train','2266','29666');
INSERT INTO Trasllat_EmpresaTransport (nif_empresa, cod_residu, data_enviament,cod_desti,nif_emptransport,tipus_transport,kms,cost)  VALUES  ('A-12000160','2020','02/07/16','8','A-22300290','Terrestre','2274','29808');
INSERT INTO Trasllat_EmpresaTransport (nif_empresa, cod_residu, data_enviament,cod_desti,nif_emptransport,tipus_transport,kms,cost)  VALUES  ('A-12000180','2020','03/07/16','9','A-22300291','Avio','2282','29950');
INSERT INTO Trasllat_EmpresaTransport (nif_empresa, cod_residu, data_enviament,cod_desti,nif_emptransport,tipus_transport,kms,cost)  VALUES  ('A-12000198','2020','04/07/16','10','A-22300292','Train','2290','30092');
INSERT INTO Trasllat_EmpresaTransport (nif_empresa, cod_residu, data_enviament,cod_desti,nif_emptransport,tipus_transport,kms,cost)  VALUES  ('A-12000216','2020','05/07/16','11','A-22300293','Terrestre','2298','30234');
INSERT INTO Trasllat_EmpresaTransport (nif_empresa, cod_residu, data_enviament,cod_desti,nif_emptransport,tipus_transport,kms,cost)  VALUES  ('A-12000234','2020','06/07/16','12','A-22300294','Avio','2306','30376');
INSERT INTO Trasllat_EmpresaTransport (nif_empresa, cod_residu, data_enviament,cod_desti,nif_emptransport,tipus_transport,kms,cost)  VALUES  ('A-12000252','2020','07/07/16','13','A-22300295','Train','2314','30518');
INSERT INTO Trasllat_EmpresaTransport (nif_empresa, cod_residu, data_enviament,cod_desti,nif_emptransport,tipus_transport,kms,cost)  VALUES  ('A-12000271','2020','08/07/16','14','A-22300296','Terrestre','2322','30660');
INSERT INTO Trasllat_EmpresaTransport (nif_empresa, cod_residu, data_enviament,cod_desti,nif_emptransport,tipus_transport,kms,cost)  VALUES  ('A-12000290','2020','09/07/16','15','A-22300297','Avio','2330','30802');
INSERT INTO Trasllat_EmpresaTransport (nif_empresa, cod_residu, data_enviament,cod_desti,nif_emptransport,tipus_transport,kms,cost)  VALUES  ('A-12000308','2020','10/07/16','16','A-22300298','Train','2338','30944');
INSERT INTO Trasllat_EmpresaTransport (nif_empresa, cod_residu, data_enviament,cod_desti,nif_emptransport,tipus_transport,kms,cost)  VALUES  ('A-12000326','2020','11/07/16','17','A-22300299','Terrestre','2346','31086');
INSERT INTO Trasllat_EmpresaTransport (nif_empresa, cod_residu, data_enviament,cod_desti,nif_emptransport,tipus_transport,kms,cost)  VALUES  ('A-12000345','2020','12/07/16','18','A-22300300','Avio','2354','31228');
INSERT INTO Trasllat_EmpresaTransport (nif_empresa, cod_residu, data_enviament,cod_desti,nif_emptransport,tipus_transport,kms,cost)  VALUES  ('A-12000363','2020','13/07/16','19','A-22300301','Train','2362','31370');
INSERT INTO Trasllat_EmpresaTransport (nif_empresa, cod_residu, data_enviament,cod_desti,nif_emptransport,tipus_transport,kms,cost)  VALUES  ('A-12000381','2020','14/07/16','20','A-22300302','Terrestre','2370','31512');
INSERT INTO Trasllat_EmpresaTransport (nif_empresa, cod_residu, data_enviament,cod_desti,nif_emptransport,tipus_transport,kms,cost)  VALUES  ('A-12000399','2020','15/07/16','21','A-22300303','Avio','2378','31654');
INSERT INTO Trasllat_EmpresaTransport (nif_empresa, cod_residu, data_enviament,cod_desti,nif_emptransport,tipus_transport,kms,cost)  VALUES  ('A-12000417','2020','16/07/16','22','A-22300304','Train','2386','31796');
INSERT INTO Trasllat_EmpresaTransport (nif_empresa, cod_residu, data_enviament,cod_desti,nif_emptransport,tipus_transport,kms,cost)  VALUES  ('A-12000435','2020','17/07/16','23','A-22300305','Terrestre','2394','31938');
INSERT INTO Trasllat_EmpresaTransport (nif_empresa, cod_residu, data_enviament,cod_desti,nif_emptransport,tipus_transport,kms,cost)  VALUES  ('A-12000453','2020','18/07/16','24','A-22300306','Avio','2402','32080');
INSERT INTO Trasllat_EmpresaTransport (nif_empresa, cod_residu, data_enviament,cod_desti,nif_emptransport,tipus_transport,kms,cost)  VALUES  ('A-12000471','2020','19/07/16','25','A-22300307','Train','2410','32222');
INSERT INTO Trasllat_EmpresaTransport (nif_empresa, cod_residu, data_enviament,cod_desti,nif_emptransport,tipus_transport,kms,cost)  VALUES  ('A-12000489','2020','20/07/16','26','A-22300308','Terrestre','2418','32364');
INSERT INTO Trasllat_EmpresaTransport (nif_empresa, cod_residu, data_enviament,cod_desti,nif_emptransport,tipus_transport,kms,cost)  VALUES  ('A-12000507','2020','21/07/16','27','A-22300309','Avio','2426','32506');
INSERT INTO Trasllat_EmpresaTransport (nif_empresa, cod_residu, data_enviament,cod_desti,nif_emptransport,tipus_transport,kms,cost)  VALUES  ('A-12000525','2020','22/07/16','28','A-22300310','Train','2434','32648');
INSERT INTO Trasllat_EmpresaTransport (nif_empresa, cod_residu, data_enviament,cod_desti,nif_emptransport,tipus_transport,kms,cost)  VALUES  ('A-12000543','2020','23/07/16','28','A-22300311','Terrestre','2442','32790');
INSERT INTO Trasllat_EmpresaTransport (nif_empresa, cod_residu, data_enviament,cod_desti,nif_emptransport,tipus_transport,kms,cost)  VALUES  ('A-12000038','2030','24/07/16','1','A-22300312','Avio','2450','32932');
INSERT INTO Trasllat_EmpresaTransport (nif_empresa, cod_residu, data_enviament,cod_desti,nif_emptransport,tipus_transport,kms,cost)  VALUES  ('A-12000057','2030','25/07/16','2','A-22300313','Train','2458','33074');
INSERT INTO Trasllat_EmpresaTransport (nif_empresa, cod_residu, data_enviament,cod_desti,nif_emptransport,tipus_transport,kms,cost)  VALUES  ('A-12000077','2030','26/07/16','3','A-22300314','Terrestre','2466','33216');
INSERT INTO Trasllat_EmpresaTransport (nif_empresa, cod_residu, data_enviament,cod_desti,nif_emptransport,tipus_transport,kms,cost)  VALUES  ('A-12000098','2030','27/07/16','4','A-22300315','Avio','2474','33358');
INSERT INTO Trasllat_EmpresaTransport (nif_empresa, cod_residu, data_enviament,cod_desti,nif_emptransport,tipus_transport,kms,cost)  VALUES  ('A-12000120','2030','28/07/16','5','A-22300316','Train','2482','33500');
INSERT INTO Trasllat_EmpresaTransport (nif_empresa, cod_residu, data_enviament,cod_desti,nif_emptransport,tipus_transport,kms,cost)  VALUES  ('A-12000138','2030','29/07/16','6','A-22300317','Terrestre','2490','33642');
INSERT INTO Trasllat_EmpresaTransport (nif_empresa, cod_residu, data_enviament,cod_desti,nif_emptransport,tipus_transport,kms,cost)  VALUES  ('A-12000156','2030','30/07/16','7','A-22300318','Avio','2498','33784');
INSERT INTO Trasllat_EmpresaTransport (nif_empresa, cod_residu, data_enviament,cod_desti,nif_emptransport,tipus_transport,kms,cost)  VALUES  ('A-12000176','2030','31/07/16','8','A-22300319','Train','2506','33926');
INSERT INTO Trasllat_EmpresaTransport (nif_empresa, cod_residu, data_enviament,cod_desti,nif_emptransport,tipus_transport,kms,cost)  VALUES  ('A-12000194','2030','01/08/16','9','A-22300320','Terrestre','2514','34068');
INSERT INTO Trasllat_EmpresaTransport (nif_empresa, cod_residu, data_enviament,cod_desti,nif_emptransport,tipus_transport,kms,cost)  VALUES  ('A-12000212','2030','02/08/16','10','A-22300321','Avio','2522','34210');
INSERT INTO Trasllat_EmpresaTransport (nif_empresa, cod_residu, data_enviament,cod_desti,nif_emptransport,tipus_transport,kms,cost)  VALUES  ('A-12000230','2030','03/08/16','11','A-22300322','Train','2530','34352');
INSERT INTO Trasllat_EmpresaTransport (nif_empresa, cod_residu, data_enviament,cod_desti,nif_emptransport,tipus_transport,kms,cost)  VALUES  ('A-12000248','2030','04/08/16','12','A-22300323','Terrestre','2538','34494');
INSERT INTO Trasllat_EmpresaTransport (nif_empresa, cod_residu, data_enviament,cod_desti,nif_emptransport,tipus_transport,kms,cost)  VALUES  ('A-12000267','2030','05/08/16','13','A-22300324','Avio','2546','34636');
INSERT INTO Trasllat_EmpresaTransport (nif_empresa, cod_residu, data_enviament,cod_desti,nif_emptransport,tipus_transport,kms,cost)  VALUES  ('A-12000286','2030','06/08/16','14','A-22300325','Train','2554','34778');
INSERT INTO Trasllat_EmpresaTransport (nif_empresa, cod_residu, data_enviament,cod_desti,nif_emptransport,tipus_transport,kms,cost)  VALUES  ('A-12000304','2030','07/08/16','15','A-22300326','Terrestre','2562','34920');
INSERT INTO Trasllat_EmpresaTransport (nif_empresa, cod_residu, data_enviament,cod_desti,nif_emptransport,tipus_transport,kms,cost)  VALUES  ('A-12000322','2030','08/08/16','16','A-22300327','Avio','2570','35062');
INSERT INTO Trasllat_EmpresaTransport (nif_empresa, cod_residu, data_enviament,cod_desti,nif_emptransport,tipus_transport,kms,cost)  VALUES  ('A-12000341','2030','09/08/16','17','A-22300328','Train','2578','35204');
INSERT INTO Trasllat_EmpresaTransport (nif_empresa, cod_residu, data_enviament,cod_desti,nif_emptransport,tipus_transport,kms,cost)  VALUES  ('A-12000359','2030','10/08/16','18','A-22300329','Terrestre','2586','35346');
INSERT INTO Trasllat_EmpresaTransport (nif_empresa, cod_residu, data_enviament,cod_desti,nif_emptransport,tipus_transport,kms,cost)  VALUES  ('A-12000377','2030','11/08/16','19','A-22300330','Avio','2594','35488');
INSERT INTO Trasllat_EmpresaTransport (nif_empresa, cod_residu, data_enviament,cod_desti,nif_emptransport,tipus_transport,kms,cost)  VALUES  ('A-12000395','2030','12/08/16','20','A-22300331','Train','2602','35630');
INSERT INTO Trasllat_EmpresaTransport (nif_empresa, cod_residu, data_enviament,cod_desti,nif_emptransport,tipus_transport,kms,cost)  VALUES  ('A-12000413','2030','13/08/16','21','A-22300332','Terrestre','2610','35772');
INSERT INTO Trasllat_EmpresaTransport (nif_empresa, cod_residu, data_enviament,cod_desti,nif_emptransport,tipus_transport,kms,cost)  VALUES  ('A-12000431','2030','14/08/16','22','A-22300333','Avio','2618','35914');
INSERT INTO Trasllat_EmpresaTransport (nif_empresa, cod_residu, data_enviament,cod_desti,nif_emptransport,tipus_transport,kms,cost)  VALUES  ('A-12000449','2030','15/08/16','23','A-22300334','Train','2626','36056');
INSERT INTO Trasllat_EmpresaTransport (nif_empresa, cod_residu, data_enviament,cod_desti,nif_emptransport,tipus_transport,kms,cost)  VALUES  ('A-12000467','2030','16/08/16','24','A-22300335','Terrestre','2634','36198');
INSERT INTO Trasllat_EmpresaTransport (nif_empresa, cod_residu, data_enviament,cod_desti,nif_emptransport,tipus_transport,kms,cost)  VALUES  ('A-12000485','2030','17/08/16','25','A-22300336','Avio','2642','36340');
INSERT INTO Trasllat_EmpresaTransport (nif_empresa, cod_residu, data_enviament,cod_desti,nif_emptransport,tipus_transport,kms,cost)  VALUES  ('A-12000503','2030','18/08/16','26','A-22300337','Train','2650','36482');
INSERT INTO Trasllat_EmpresaTransport (nif_empresa, cod_residu, data_enviament,cod_desti,nif_emptransport,tipus_transport,kms,cost)  VALUES  ('A-12000521','2030','19/08/16','27','A-22300338','Terrestre','2658','36624');
INSERT INTO Trasllat_EmpresaTransport (nif_empresa, cod_residu, data_enviament,cod_desti,nif_emptransport,tipus_transport,kms,cost)  VALUES  ('A-12000539','2030','20/08/16','28','A-22300339','Avio','2666','36766');
INSERT INTO Trasllat_EmpresaTransport (nif_empresa, cod_residu, data_enviament,cod_desti,nif_emptransport,tipus_transport,kms,cost)  VALUES  ('A-12000039','2050','21/08/16','28','A-22300340','Train','2674','36908');
INSERT INTO Trasllat_EmpresaTransport (nif_empresa, cod_residu, data_enviament,cod_desti,nif_emptransport,tipus_transport,kms,cost)  VALUES  ('A-12000058','2050','22/08/16','1','A-22300341','Terrestre','2682','37050');
INSERT INTO Trasllat_EmpresaTransport (nif_empresa, cod_residu, data_enviament,cod_desti,nif_emptransport,tipus_transport,kms,cost)  VALUES  ('A-12000079','2050','23/08/16','2','A-22300342','Avio','2690','37192');
INSERT INTO Trasllat_EmpresaTransport (nif_empresa, cod_residu, data_enviament,cod_desti,nif_emptransport,tipus_transport,kms,cost)  VALUES  ('A-12000099','2050','24/08/16','3','A-22300343','Train','2698','37334');
INSERT INTO Trasllat_EmpresaTransport (nif_empresa, cod_residu, data_enviament,cod_desti,nif_emptransport,tipus_transport,kms,cost)  VALUES  ('A-12000121','2050','25/08/16','4','A-22300344','Terrestre','2706','37476');
INSERT INTO Trasllat_EmpresaTransport (nif_empresa, cod_residu, data_enviament,cod_desti,nif_emptransport,tipus_transport,kms,cost)  VALUES  ('A-12000139','2050','26/08/16','5','A-22300345','Avio','2714','37618');
INSERT INTO Trasllat_EmpresaTransport (nif_empresa, cod_residu, data_enviament,cod_desti,nif_emptransport,tipus_transport,kms,cost)  VALUES  ('A-12000157','2050','27/08/16','6','A-22300346','Train','2722','37760');
INSERT INTO Trasllat_EmpresaTransport (nif_empresa, cod_residu, data_enviament,cod_desti,nif_emptransport,tipus_transport,kms,cost)  VALUES  ('A-12000177','2050','28/08/16','7','A-22300347','Terrestre','2730','37902');
INSERT INTO Trasllat_EmpresaTransport (nif_empresa, cod_residu, data_enviament,cod_desti,nif_emptransport,tipus_transport,kms,cost)  VALUES  ('A-12000195','2050','29/08/16','8','A-22300348','Avio','2738','38044');
INSERT INTO Trasllat_EmpresaTransport (nif_empresa, cod_residu, data_enviament,cod_desti,nif_emptransport,tipus_transport,kms,cost)  VALUES  ('A-12000213','2050','30/08/16','9','A-22300349','Train','2746','38186');
INSERT INTO Trasllat_EmpresaTransport (nif_empresa, cod_residu, data_enviament,cod_desti,nif_emptransport,tipus_transport,kms,cost)  VALUES  ('A-12000231','2050','31/08/16','10','A-22300350','Terrestre','2754','38328');
INSERT INTO Trasllat_EmpresaTransport (nif_empresa, cod_residu, data_enviament,cod_desti,nif_emptransport,tipus_transport,kms,cost)  VALUES  ('A-12000249','2050','01/09/16','11','A-22300351','Avio','2762','38470');
INSERT INTO Trasllat_EmpresaTransport (nif_empresa, cod_residu, data_enviament,cod_desti,nif_emptransport,tipus_transport,kms,cost)  VALUES  ('A-12000268','2050','02/09/16','12','A-22300352','Train','2770','38612');
INSERT INTO Trasllat_EmpresaTransport (nif_empresa, cod_residu, data_enviament,cod_desti,nif_emptransport,tipus_transport,kms,cost)  VALUES  ('A-12000287','2050','03/09/16','13','A-22300353','Terrestre','2778','38754');
INSERT INTO Trasllat_EmpresaTransport (nif_empresa, cod_residu, data_enviament,cod_desti,nif_emptransport,tipus_transport,kms,cost)  VALUES  ('A-12000305','2050','04/09/16','14','A-22300354','Avio','2786','38896');
INSERT INTO Trasllat_EmpresaTransport (nif_empresa, cod_residu, data_enviament,cod_desti,nif_emptransport,tipus_transport,kms,cost)  VALUES  ('A-12000323','2050','05/09/16','15','A-22300355','Train','2794','39038');
INSERT INTO Trasllat_EmpresaTransport (nif_empresa, cod_residu, data_enviament,cod_desti,nif_emptransport,tipus_transport,kms,cost)  VALUES  ('A-12000342','2050','06/09/16','16','A-22300356','Terrestre','2802','39180');
INSERT INTO Trasllat_EmpresaTransport (nif_empresa, cod_residu, data_enviament,cod_desti,nif_emptransport,tipus_transport,kms,cost)  VALUES  ('A-12000360','2050','07/09/16','17','A-22300357','Avio','2810','39322');
INSERT INTO Trasllat_EmpresaTransport (nif_empresa, cod_residu, data_enviament,cod_desti,nif_emptransport,tipus_transport,kms,cost)  VALUES  ('A-12000378','2050','08/09/16','18','A-22300358','Train','2818','39464');
INSERT INTO Trasllat_EmpresaTransport (nif_empresa, cod_residu, data_enviament,cod_desti,nif_emptransport,tipus_transport,kms,cost)  VALUES  ('A-12000396','2050','09/09/16','19','A-22300359','Terrestre','2826','39606');
INSERT INTO Trasllat_EmpresaTransport (nif_empresa, cod_residu, data_enviament,cod_desti,nif_emptransport,tipus_transport,kms,cost)  VALUES  ('A-12000414','2050','10/09/16','20','A-22300360','Avio','2834','39748');
INSERT INTO Trasllat_EmpresaTransport (nif_empresa, cod_residu, data_enviament,cod_desti,nif_emptransport,tipus_transport,kms,cost)  VALUES  ('A-12000432','2050','11/09/16','21','A-22300361','Train','2842','39890');
INSERT INTO Trasllat_EmpresaTransport (nif_empresa, cod_residu, data_enviament,cod_desti,nif_emptransport,tipus_transport,kms,cost)  VALUES  ('A-12000450','2050','12/09/16','22','A-22300362','Terrestre','2850','40032');
INSERT INTO Trasllat_EmpresaTransport (nif_empresa, cod_residu, data_enviament,cod_desti,nif_emptransport,tipus_transport,kms,cost)  VALUES  ('A-12000468','2050','13/09/16','23','A-22300363','Avio','2858','40174');
INSERT INTO Trasllat_EmpresaTransport (nif_empresa, cod_residu, data_enviament,cod_desti,nif_emptransport,tipus_transport,kms,cost)  VALUES  ('A-12000486','2050','14/09/16','24','A-22300364','Train','2866','40316');
INSERT INTO Trasllat_EmpresaTransport (nif_empresa, cod_residu, data_enviament,cod_desti,nif_emptransport,tipus_transport,kms,cost)  VALUES  ('A-12000504','2050','15/09/16','25','A-22300365','Terrestre','2874','40458');
INSERT INTO Trasllat_EmpresaTransport (nif_empresa, cod_residu, data_enviament,cod_desti,nif_emptransport,tipus_transport,kms,cost)  VALUES  ('A-12000522','2050','16/09/16','26','A-22300366','Avio','2882','40600');
INSERT INTO Trasllat_EmpresaTransport (nif_empresa, cod_residu, data_enviament,cod_desti,nif_emptransport,tipus_transport,kms,cost)  VALUES  ('A-12000540','2050','17/09/16','27','A-22300367','Train','2890','40742');
INSERT INTO Trasllat_EmpresaTransport (nif_empresa, cod_residu, data_enviament,cod_desti,nif_emptransport,tipus_transport,kms,cost)  VALUES  ('A-12000037','2103','18/09/16','28','A-22300368','Terrestre','2898','40884');
INSERT INTO Trasllat_EmpresaTransport (nif_empresa, cod_residu, data_enviament,cod_desti,nif_emptransport,tipus_transport,kms,cost)  VALUES  ('A-12000056','2103','19/09/16','28','A-22300369','Avio','2906','41026');
INSERT INTO Trasllat_EmpresaTransport (nif_empresa, cod_residu, data_enviament,cod_desti,nif_emptransport,tipus_transport,kms,cost)  VALUES  ('A-12000076','2103','20/09/16','1','A-22300370','Train','2914','41168');
INSERT INTO Trasllat_EmpresaTransport (nif_empresa, cod_residu, data_enviament,cod_desti,nif_emptransport,tipus_transport,kms,cost)  VALUES  ('A-12000097','2103','21/09/16','2','A-22300371','Terrestre','2922','41310');
INSERT INTO Trasllat_EmpresaTransport (nif_empresa, cod_residu, data_enviament,cod_desti,nif_emptransport,tipus_transport,kms,cost)  VALUES  ('A-12000118','2103','22/09/16','3','A-22300372','Avio','2930','41452');
INSERT INTO Trasllat_EmpresaTransport (nif_empresa, cod_residu, data_enviament,cod_desti,nif_emptransport,tipus_transport,kms,cost)  VALUES  ('A-12000137','2103','23/09/16','4','A-22300373','Train','2938','41594');
INSERT INTO Trasllat_EmpresaTransport (nif_empresa, cod_residu, data_enviament,cod_desti,nif_emptransport,tipus_transport,kms,cost)  VALUES  ('A-12000155','2103','24/09/16','5','A-22300374','Terrestre','2946','41736');
INSERT INTO Trasllat_EmpresaTransport (nif_empresa, cod_residu, data_enviament,cod_desti,nif_emptransport,tipus_transport,kms,cost)  VALUES  ('A-12000175','2103','25/09/16','6','A-22300375','Avio','2954','41878');
INSERT INTO Trasllat_EmpresaTransport (nif_empresa, cod_residu, data_enviament,cod_desti,nif_emptransport,tipus_transport,kms,cost)  VALUES  ('A-12000193','2103','26/09/16','7','A-22300376','Train','2962','42020');
INSERT INTO Trasllat_EmpresaTransport (nif_empresa, cod_residu, data_enviament,cod_desti,nif_emptransport,tipus_transport,kms,cost)  VALUES  ('A-12000211','2103','27/09/16','8','A-22300377','Terrestre','2970','42162');
INSERT INTO Trasllat_EmpresaTransport (nif_empresa, cod_residu, data_enviament,cod_desti,nif_emptransport,tipus_transport,kms,cost)  VALUES  ('A-12000229','2103','28/09/16','9','A-22300378','Avio','2978','42304');
INSERT INTO Trasllat_EmpresaTransport (nif_empresa, cod_residu, data_enviament,cod_desti,nif_emptransport,tipus_transport,kms,cost)  VALUES  ('A-12000247','2103','29/09/16','10','A-22300379','Train','2986','42446');
INSERT INTO Trasllat_EmpresaTransport (nif_empresa, cod_residu, data_enviament,cod_desti,nif_emptransport,tipus_transport,kms,cost)  VALUES  ('A-12000266','2103','30/09/16','11','A-22300380','Terrestre','2994','42588');
INSERT INTO Trasllat_EmpresaTransport (nif_empresa, cod_residu, data_enviament,cod_desti,nif_emptransport,tipus_transport,kms,cost)  VALUES  ('A-12000285','2103','01/10/16','12','A-22300381','Avio','3002','42730');
INSERT INTO Trasllat_EmpresaTransport (nif_empresa, cod_residu, data_enviament,cod_desti,nif_emptransport,tipus_transport,kms,cost)  VALUES  ('A-12000303','2103','02/10/16','13','A-22300382','Train','3010','42872');
INSERT INTO Trasllat_EmpresaTransport (nif_empresa, cod_residu, data_enviament,cod_desti,nif_emptransport,tipus_transport,kms,cost)  VALUES  ('A-12000321','2103','03/10/16','14','A-22300383','Terrestre','3018','43014');
INSERT INTO Trasllat_EmpresaTransport (nif_empresa, cod_residu, data_enviament,cod_desti,nif_emptransport,tipus_transport,kms,cost)  VALUES  ('A-12000340','2103','04/10/16','15','A-22300384','Avio','3026','43156');
INSERT INTO Trasllat_EmpresaTransport (nif_empresa, cod_residu, data_enviament,cod_desti,nif_emptransport,tipus_transport,kms,cost)  VALUES  ('A-12000358','2103','05/10/16','16','A-22300276','Train','3034','43298');
INSERT INTO Trasllat_EmpresaTransport (nif_empresa, cod_residu, data_enviament,cod_desti,nif_emptransport,tipus_transport,kms,cost)  VALUES  ('A-12000376','2103','06/10/16','17','A-22300277','Terrestre','3042','43440');
INSERT INTO Trasllat_EmpresaTransport (nif_empresa, cod_residu, data_enviament,cod_desti,nif_emptransport,tipus_transport,kms,cost)  VALUES  ('A-12000394','2103','07/10/16','18','A-22300278','Avio','3050','43582');
INSERT INTO Trasllat_EmpresaTransport (nif_empresa, cod_residu, data_enviament,cod_desti,nif_emptransport,tipus_transport,kms,cost)  VALUES  ('A-12000412','2103','08/10/16','19','A-22300279','Train','3058','43724');
INSERT INTO Trasllat_EmpresaTransport (nif_empresa, cod_residu, data_enviament,cod_desti,nif_emptransport,tipus_transport,kms,cost)  VALUES  ('A-12000430','2103','09/10/16','20','A-22300280','Terrestre','3066','43866');
INSERT INTO Trasllat_EmpresaTransport (nif_empresa, cod_residu, data_enviament,cod_desti,nif_emptransport,tipus_transport,kms,cost)  VALUES  ('A-12000448','2103','10/10/16','21','A-22300281','Avio','3074','44008');
INSERT INTO Trasllat_EmpresaTransport (nif_empresa, cod_residu, data_enviament,cod_desti,nif_emptransport,tipus_transport,kms,cost)  VALUES  ('A-12000466','2103','11/10/16','22','A-22300282','Train','3082','44150');
INSERT INTO Trasllat_EmpresaTransport (nif_empresa, cod_residu, data_enviament,cod_desti,nif_emptransport,tipus_transport,kms,cost)  VALUES  ('A-12000484','2103','12/10/16','23','A-22300283','Terrestre','3090','44292');
INSERT INTO Trasllat_EmpresaTransport (nif_empresa, cod_residu, data_enviament,cod_desti,nif_emptransport,tipus_transport,kms,cost)  VALUES  ('A-12000502','2103','13/10/16','24','A-22300284','Avio','3098','44434');
INSERT INTO Trasllat_EmpresaTransport (nif_empresa, cod_residu, data_enviament,cod_desti,nif_emptransport,tipus_transport,kms,cost)  VALUES  ('A-12000520','2103','14/10/16','25','A-22300285','Train','3106','44576');
INSERT INTO Trasllat_EmpresaTransport (nif_empresa, cod_residu, data_enviament,cod_desti,nif_emptransport,tipus_transport,kms,cost)  VALUES  ('A-12000538','2103','15/10/16','26','A-22300286','Terrestre','3114','44718');
INSERT INTO Trasllat_EmpresaTransport (nif_empresa, cod_residu, data_enviament,cod_desti,nif_emptransport,tipus_transport,kms,cost)  VALUES  ('A-12000031','2178','16/10/16','27','A-22300287','Avio','3122','44860');
INSERT INTO Trasllat_EmpresaTransport (nif_empresa, cod_residu, data_enviament,cod_desti,nif_emptransport,tipus_transport,kms,cost)  VALUES  ('A-12000050','2178','17/10/16','28','A-22300288','Train','3130','45002');
INSERT INTO Trasllat_EmpresaTransport (nif_empresa, cod_residu, data_enviament,cod_desti,nif_emptransport,tipus_transport,kms,cost)  VALUES  ('A-12000070','2178','18/10/16','28','A-22300289','Terrestre','3138','45144');
INSERT INTO Trasllat_EmpresaTransport (nif_empresa, cod_residu, data_enviament,cod_desti,nif_emptransport,tipus_transport,kms,cost)  VALUES  ('A-12000090','2178','19/10/16','1','A-22300290','Avio','3146','45286');
INSERT INTO Trasllat_EmpresaTransport (nif_empresa, cod_residu, data_enviament,cod_desti,nif_emptransport,tipus_transport,kms,cost)  VALUES  ('A-12000110','2178','20/10/16','2','A-22300291','Train','3154','45428');
INSERT INTO Trasllat_EmpresaTransport (nif_empresa, cod_residu, data_enviament,cod_desti,nif_emptransport,tipus_transport,kms,cost)  VALUES  ('A-12000131','2178','21/10/16','3','A-22300292','Terrestre','3162','45570');
INSERT INTO Trasllat_EmpresaTransport (nif_empresa, cod_residu, data_enviament,cod_desti,nif_emptransport,tipus_transport,kms,cost)  VALUES  ('A-12000149','2178','22/10/16','4','A-22300293','Avio','3170','45712');
INSERT INTO Trasllat_EmpresaTransport (nif_empresa, cod_residu, data_enviament,cod_desti,nif_emptransport,tipus_transport,kms,cost)  VALUES  ('A-12000168','2178','23/10/16','5','A-22300294','Train','3178','45854');
INSERT INTO Trasllat_EmpresaTransport (nif_empresa, cod_residu, data_enviament,cod_desti,nif_emptransport,tipus_transport,kms,cost)  VALUES  ('A-12000187','2178','24/10/16','6','A-22300295','Terrestre','3186','45996');
INSERT INTO Trasllat_EmpresaTransport (nif_empresa, cod_residu, data_enviament,cod_desti,nif_emptransport,tipus_transport,kms,cost)  VALUES  ('A-12000205','2178','25/10/16','7','A-22300296','Avio','3194','46138');
INSERT INTO Trasllat_EmpresaTransport (nif_empresa, cod_residu, data_enviament,cod_desti,nif_emptransport,tipus_transport,kms,cost)  VALUES  ('A-12000223','2178','26/10/16','8','A-22300297','Train','3202','46280');
INSERT INTO Trasllat_EmpresaTransport (nif_empresa, cod_residu, data_enviament,cod_desti,nif_emptransport,tipus_transport,kms,cost)  VALUES  ('A-12000241','2178','27/10/16','9','A-22300298','Terrestre','3210','46422');
INSERT INTO Trasllat_EmpresaTransport (nif_empresa, cod_residu, data_enviament,cod_desti,nif_emptransport,tipus_transport,kms,cost)  VALUES  ('A-12000259','2178','28/10/16','10','A-22300299','Avio','3218','46564');
INSERT INTO Trasllat_EmpresaTransport (nif_empresa, cod_residu, data_enviament,cod_desti,nif_emptransport,tipus_transport,kms,cost)  VALUES  ('A-12000278','2178','29/10/16','11','A-22300300','Train','3226','46706');
INSERT INTO Trasllat_EmpresaTransport (nif_empresa, cod_residu, data_enviament,cod_desti,nif_emptransport,tipus_transport,kms,cost)  VALUES  ('A-12000297','2178','30/10/16','12','A-22300301','Terrestre','3234','46848');
INSERT INTO Trasllat_EmpresaTransport (nif_empresa, cod_residu, data_enviament,cod_desti,nif_emptransport,tipus_transport,kms,cost)  VALUES  ('A-12000315','2178','31/10/16','13','A-22300302','Avio','3242','46990');
INSERT INTO Trasllat_EmpresaTransport (nif_empresa, cod_residu, data_enviament,cod_desti,nif_emptransport,tipus_transport,kms,cost)  VALUES  ('A-12000334','2178','01/11/16','14','A-22300303','Train','3250','47132');
INSERT INTO Trasllat_EmpresaTransport (nif_empresa, cod_residu, data_enviament,cod_desti,nif_emptransport,tipus_transport,kms,cost)  VALUES  ('A-12000352','2178','02/11/16','15','A-22300304','Terrestre','3258','47274');
INSERT INTO Trasllat_EmpresaTransport (nif_empresa, cod_residu, data_enviament,cod_desti,nif_emptransport,tipus_transport,kms,cost)  VALUES  ('A-12000370','2178','03/11/16','16','A-22300305','Avio','3266','47416');
INSERT INTO Trasllat_EmpresaTransport (nif_empresa, cod_residu, data_enviament,cod_desti,nif_emptransport,tipus_transport,kms,cost)  VALUES  ('A-12000388','2178','04/11/16','17','A-22300306','Train','3274','47558');
INSERT INTO Trasllat_EmpresaTransport (nif_empresa, cod_residu, data_enviament,cod_desti,nif_emptransport,tipus_transport,kms,cost)  VALUES  ('A-12000406','2178','05/11/16','18','A-22300307','Terrestre','3282','47700');
INSERT INTO Trasllat_EmpresaTransport (nif_empresa, cod_residu, data_enviament,cod_desti,nif_emptransport,tipus_transport,kms,cost)  VALUES  ('A-12000424','2178','06/11/16','19','A-22300308','Avio','3290','47842');
INSERT INTO Trasllat_EmpresaTransport (nif_empresa, cod_residu, data_enviament,cod_desti,nif_emptransport,tipus_transport,kms,cost)  VALUES  ('A-12000442','2178','07/11/16','20','A-22300309','Train','3298','47984');
INSERT INTO Trasllat_EmpresaTransport (nif_empresa, cod_residu, data_enviament,cod_desti,nif_emptransport,tipus_transport,kms,cost)  VALUES  ('A-12000460','2178','08/11/16','21','A-22300310','Terrestre','3306','48126');
INSERT INTO Trasllat_EmpresaTransport (nif_empresa, cod_residu, data_enviament,cod_desti,nif_emptransport,tipus_transport,kms,cost)  VALUES  ('A-12000478','2178','09/11/16','22','A-22300311','Avio','3314','48268');
INSERT INTO Trasllat_EmpresaTransport (nif_empresa, cod_residu, data_enviament,cod_desti,nif_emptransport,tipus_transport,kms,cost)  VALUES  ('A-12000496','2178','10/11/16','23','A-22300312','Train','3322','48410');
INSERT INTO Trasllat_EmpresaTransport (nif_empresa, cod_residu, data_enviament,cod_desti,nif_emptransport,tipus_transport,kms,cost)  VALUES  ('A-12000514','2178','11/11/16','24','A-22300313','Terrestre','3330','48552');
INSERT INTO Trasllat_EmpresaTransport (nif_empresa, cod_residu, data_enviament,cod_desti,nif_emptransport,tipus_transport,kms,cost)  VALUES  ('A-12000532','2178','12/11/16','25','A-22300314','Avio','3338','48694');
INSERT INTO Trasllat_EmpresaTransport (nif_empresa, cod_residu, data_enviament,cod_desti,nif_emptransport,tipus_transport,kms,cost)  VALUES  ('A-12000550','2178','13/11/16','26','A-22300315','Train','3346','48836');
INSERT INTO Trasllat_EmpresaTransport (nif_empresa, cod_residu, data_enviament,cod_desti,nif_emptransport,tipus_transport,kms,cost)  VALUES  ('A-12000032','4001','14/11/16','27','A-22300316','Terrestre','3354','48978');
INSERT INTO Trasllat_EmpresaTransport (nif_empresa, cod_residu, data_enviament,cod_desti,nif_emptransport,tipus_transport,kms,cost)  VALUES  ('A-12000051','4001','15/11/16','28','A-22300317','Avio','3362','49120');
INSERT INTO Trasllat_EmpresaTransport (nif_empresa, cod_residu, data_enviament,cod_desti,nif_emptransport,tipus_transport,kms,cost)  VALUES  ('A-12000071','4001','16/11/16','28','A-22300318','Train','3370','49262');
INSERT INTO Trasllat_EmpresaTransport (nif_empresa, cod_residu, data_enviament,cod_desti,nif_emptransport,tipus_transport,kms,cost)  VALUES  ('A-12000091','4001','17/11/16','1','A-22300319','Terrestre','3378','49404');
INSERT INTO Trasllat_EmpresaTransport (nif_empresa, cod_residu, data_enviament,cod_desti,nif_emptransport,tipus_transport,kms,cost)  VALUES  ('A-12000113','4001','18/11/16','2','A-22300320','Avio','3386','49546');
INSERT INTO Trasllat_EmpresaTransport (nif_empresa, cod_residu, data_enviament,cod_desti,nif_emptransport,tipus_transport,kms,cost)  VALUES  ('A-12000132','4001','19/11/16','3','A-22300321','Train','3394','49688');
INSERT INTO Trasllat_EmpresaTransport (nif_empresa, cod_residu, data_enviament,cod_desti,nif_emptransport,tipus_transport,kms,cost)  VALUES  ('A-12000150','4001','20/11/16','4','A-22300322','Terrestre','3402','49830');
INSERT INTO Trasllat_EmpresaTransport (nif_empresa, cod_residu, data_enviament,cod_desti,nif_emptransport,tipus_transport,kms,cost)  VALUES  ('A-12000170','4001','21/11/16','5','A-22300323','Avio','3410','49972');
INSERT INTO Trasllat_EmpresaTransport (nif_empresa, cod_residu, data_enviament,cod_desti,nif_emptransport,tipus_transport,kms,cost)  VALUES  ('A-12000188','4001','22/11/16','6','A-22300324','Train','3418','50114');
INSERT INTO Trasllat_EmpresaTransport (nif_empresa, cod_residu, data_enviament,cod_desti,nif_emptransport,tipus_transport,kms,cost)  VALUES  ('A-12000206','4001','23/11/16','7','A-22300325','Terrestre','3426','50256');
INSERT INTO Trasllat_EmpresaTransport (nif_empresa, cod_residu, data_enviament,cod_desti,nif_emptransport,tipus_transport,kms,cost)  VALUES  ('A-12000224','4001','24/11/16','8','A-22300326','Avio','3434','50398');
INSERT INTO Trasllat_EmpresaTransport (nif_empresa, cod_residu, data_enviament,cod_desti,nif_emptransport,tipus_transport,kms,cost)  VALUES  ('A-12000242','4001','25/11/16','9','A-22300327','Train','3442','50540');
INSERT INTO Trasllat_EmpresaTransport (nif_empresa, cod_residu, data_enviament,cod_desti,nif_emptransport,tipus_transport,kms,cost)  VALUES  ('A-12000260','4001','26/11/16','10','A-22300328','Terrestre','3450','50682');
INSERT INTO Trasllat_EmpresaTransport (nif_empresa, cod_residu, data_enviament,cod_desti,nif_emptransport,tipus_transport,kms,cost)  VALUES  ('A-12000279','4001','27/11/16','11','A-22300329','Avio','3458','50824');
INSERT INTO Trasllat_EmpresaTransport (nif_empresa, cod_residu, data_enviament,cod_desti,nif_emptransport,tipus_transport,kms,cost)  VALUES  ('A-12000298','4001','28/11/16','12','A-22300330','Train','3466','50966');
INSERT INTO Trasllat_EmpresaTransport (nif_empresa, cod_residu, data_enviament,cod_desti,nif_emptransport,tipus_transport,kms,cost)  VALUES  ('A-12000316','4001','29/11/16','13','A-22300331','Terrestre','3474','51108');
INSERT INTO Trasllat_EmpresaTransport (nif_empresa, cod_residu, data_enviament,cod_desti,nif_emptransport,tipus_transport,kms,cost)  VALUES  ('A-12000335','4001','30/11/16','14','A-22300332','Avio','3482','51250');
INSERT INTO Trasllat_EmpresaTransport (nif_empresa, cod_residu, data_enviament,cod_desti,nif_emptransport,tipus_transport,kms,cost)  VALUES  ('A-12000353','4001','01/12/16','15','A-22300333','Train','3490','51392');
INSERT INTO Trasllat_EmpresaTransport (nif_empresa, cod_residu, data_enviament,cod_desti,nif_emptransport,tipus_transport,kms,cost)  VALUES  ('A-12000371','4001','02/12/16','16','A-22300334','Terrestre','3498','51534');
INSERT INTO Trasllat_EmpresaTransport (nif_empresa, cod_residu, data_enviament,cod_desti,nif_emptransport,tipus_transport,kms,cost)  VALUES  ('A-12000389','4001','03/12/16','17','A-22300335','Avio','3506','51676');
INSERT INTO Trasllat_EmpresaTransport (nif_empresa, cod_residu, data_enviament,cod_desti,nif_emptransport,tipus_transport,kms,cost)  VALUES  ('A-12000407','4001','04/12/16','18','A-22300336','Train','3514','51818');
INSERT INTO Trasllat_EmpresaTransport (nif_empresa, cod_residu, data_enviament,cod_desti,nif_emptransport,tipus_transport,kms,cost)  VALUES  ('A-12000425','4001','05/12/16','19','A-22300337','Terrestre','3522','51960');
INSERT INTO Trasllat_EmpresaTransport (nif_empresa, cod_residu, data_enviament,cod_desti,nif_emptransport,tipus_transport,kms,cost)  VALUES  ('A-12000443','4001','06/12/16','20','A-22300338','Avio','3530','52102');
INSERT INTO Trasllat_EmpresaTransport (nif_empresa, cod_residu, data_enviament,cod_desti,nif_emptransport,tipus_transport,kms,cost)  VALUES  ('A-12000461','4001','07/12/16','21','A-22300339','Train','3538','52244');
INSERT INTO Trasllat_EmpresaTransport (nif_empresa, cod_residu, data_enviament,cod_desti,nif_emptransport,tipus_transport,kms,cost)  VALUES  ('A-12000479','4001','08/12/16','22','A-22300340','Terrestre','3546','52386');
INSERT INTO Trasllat_EmpresaTransport (nif_empresa, cod_residu, data_enviament,cod_desti,nif_emptransport,tipus_transport,kms,cost)  VALUES  ('A-12000497','4001','09/12/16','23','A-22300341','Avio','3554','52528');
INSERT INTO Trasllat_EmpresaTransport (nif_empresa, cod_residu, data_enviament,cod_desti,nif_emptransport,tipus_transport,kms,cost)  VALUES  ('A-12000515','4001','10/12/16','24','A-22300342','Train','3562','52670');
INSERT INTO Trasllat_EmpresaTransport (nif_empresa, cod_residu, data_enviament,cod_desti,nif_emptransport,tipus_transport,kms,cost)  VALUES  ('A-12000533','4001','11/12/16','25','A-22300343','Terrestre','3570','52812');
INSERT INTO Trasllat_EmpresaTransport (nif_empresa, cod_residu, data_enviament,cod_desti,nif_emptransport,tipus_transport,kms,cost)  VALUES  ('A-12000551','4001','12/12/16','26','A-22300344','Avio','3578','52954');
INSERT INTO Trasllat_EmpresaTransport (nif_empresa, cod_residu, data_enviament,cod_desti,nif_emptransport,tipus_transport,kms,cost)  VALUES  ('A-12000030','4025','13/12/16','27','A-22300345','Train','3586','53096');
INSERT INTO Trasllat_EmpresaTransport (nif_empresa, cod_residu, data_enviament,cod_desti,nif_emptransport,tipus_transport,kms,cost)  VALUES  ('A-12000049','4025','14/12/16','28','A-22300346','Terrestre','3594','53238');
INSERT INTO Trasllat_EmpresaTransport (nif_empresa, cod_residu, data_enviament,cod_desti,nif_emptransport,tipus_transport,kms,cost)  VALUES  ('A-12000069','4025','15/12/16','28','A-22300347','Avio','3602','53380');
INSERT INTO Trasllat_EmpresaTransport (nif_empresa, cod_residu, data_enviament,cod_desti,nif_emptransport,tipus_transport,kms,cost)  VALUES  ('A-12000089','4025','16/12/16','1','A-22300348','Train','3610','53522');
INSERT INTO Trasllat_EmpresaTransport (nif_empresa, cod_residu, data_enviament,cod_desti,nif_emptransport,tipus_transport,kms,cost)  VALUES  ('A-12000109','4025','17/12/16','2','A-22300349','Terrestre','3618','53664');
INSERT INTO Trasllat_EmpresaTransport (nif_empresa, cod_residu, data_enviament,cod_desti,nif_emptransport,tipus_transport,kms,cost)  VALUES  ('A-12000130','4025','18/12/16','3','A-22300350','Avio','3626','53806');
INSERT INTO Trasllat_EmpresaTransport (nif_empresa, cod_residu, data_enviament,cod_desti,nif_emptransport,tipus_transport,kms,cost)  VALUES  ('A-12000148','4025','19/12/16','4','A-22300351','Train','3634','53948');
INSERT INTO Trasllat_EmpresaTransport (nif_empresa, cod_residu, data_enviament,cod_desti,nif_emptransport,tipus_transport,kms,cost)  VALUES  ('A-12000167','4025','20/12/16','5','A-22300352','Terrestre','3642','54090');
INSERT INTO Trasllat_EmpresaTransport (nif_empresa, cod_residu, data_enviament,cod_desti,nif_emptransport,tipus_transport,kms,cost)  VALUES  ('A-12000186','4025','21/12/16','6','A-22300353','Avio','3650','54232');
INSERT INTO Trasllat_EmpresaTransport (nif_empresa, cod_residu, data_enviament,cod_desti,nif_emptransport,tipus_transport,kms,cost)  VALUES  ('A-12000204','4025','22/12/16','7','A-22300354','Train','3658','54374');
INSERT INTO Trasllat_EmpresaTransport (nif_empresa, cod_residu, data_enviament,cod_desti,nif_emptransport,tipus_transport,kms,cost)  VALUES  ('A-12000222','4025','23/12/16','8','A-22300355','Terrestre','3666','54516');
INSERT INTO Trasllat_EmpresaTransport (nif_empresa, cod_residu, data_enviament,cod_desti,nif_emptransport,tipus_transport,kms,cost)  VALUES  ('A-12000240','4025','24/12/16','9','A-22300356','Avio','3674','54658');
INSERT INTO Trasllat_EmpresaTransport (nif_empresa, cod_residu, data_enviament,cod_desti,nif_emptransport,tipus_transport,kms,cost)  VALUES  ('A-12000258','4025','25/12/16','10','A-22300357','Train','3682','54800');
INSERT INTO Trasllat_EmpresaTransport (nif_empresa, cod_residu, data_enviament,cod_desti,nif_emptransport,tipus_transport,kms,cost)  VALUES  ('A-12000277','4025','26/12/16','11','A-22300358','Terrestre','3690','54942');
INSERT INTO Trasllat_EmpresaTransport (nif_empresa, cod_residu, data_enviament,cod_desti,nif_emptransport,tipus_transport,kms,cost)  VALUES  ('A-12000296','4025','27/12/16','12','A-22300359','Avio','3698','55084');
INSERT INTO Trasllat_EmpresaTransport (nif_empresa, cod_residu, data_enviament,cod_desti,nif_emptransport,tipus_transport,kms,cost)  VALUES  ('A-12000314','4025','28/12/16','13','A-22300360','Train','3706','55226');
INSERT INTO Trasllat_EmpresaTransport (nif_empresa, cod_residu, data_enviament,cod_desti,nif_emptransport,tipus_transport,kms,cost)  VALUES  ('A-12000333','4025','29/12/16','14','A-22300361','Terrestre','3714','55368');
INSERT INTO Trasllat_EmpresaTransport (nif_empresa, cod_residu, data_enviament,cod_desti,nif_emptransport,tipus_transport,kms,cost)  VALUES  ('A-12000351','4025','30/12/16','15','A-22300362','Avio','3722','55510');
INSERT INTO Trasllat_EmpresaTransport (nif_empresa, cod_residu, data_enviament,cod_desti,nif_emptransport,tipus_transport,kms,cost)  VALUES  ('A-12000369','4025','31/12/16','16','A-22300363','Train','3730','55652');
INSERT INTO Trasllat_EmpresaTransport (nif_empresa, cod_residu, data_enviament,cod_desti,nif_emptransport,tipus_transport,kms,cost)  VALUES  ('A-12000387','4025','01/01/17','17','A-22300364','Terrestre','3738','55794');
INSERT INTO Trasllat_EmpresaTransport (nif_empresa, cod_residu, data_enviament,cod_desti,nif_emptransport,tipus_transport,kms,cost)  VALUES  ('A-12000405','4025','02/01/17','18','A-22300365','Avio','3746','55936');
INSERT INTO Trasllat_EmpresaTransport (nif_empresa, cod_residu, data_enviament,cod_desti,nif_emptransport,tipus_transport,kms,cost)  VALUES  ('A-12000423','4025','03/01/17','19','A-22300366','Train','3754','56078');
INSERT INTO Trasllat_EmpresaTransport (nif_empresa, cod_residu, data_enviament,cod_desti,nif_emptransport,tipus_transport,kms,cost)  VALUES  ('A-12000441','4025','04/01/17','20','A-22300367','Terrestre','3762','56220');
INSERT INTO Trasllat_EmpresaTransport (nif_empresa, cod_residu, data_enviament,cod_desti,nif_emptransport,tipus_transport,kms,cost)  VALUES  ('A-12000459','4025','05/01/17','21','A-22300368','Avio','3770','56362');
INSERT INTO Trasllat_EmpresaTransport (nif_empresa, cod_residu, data_enviament,cod_desti,nif_emptransport,tipus_transport,kms,cost)  VALUES  ('A-12000477','4025','06/01/17','22','A-22300369','Train','3778','56504');
INSERT INTO Trasllat_EmpresaTransport (nif_empresa, cod_residu, data_enviament,cod_desti,nif_emptransport,tipus_transport,kms,cost)  VALUES  ('A-12000495','4025','07/01/17','23','A-22300370','Terrestre','3786','56646');
INSERT INTO Trasllat_EmpresaTransport (nif_empresa, cod_residu, data_enviament,cod_desti,nif_emptransport,tipus_transport,kms,cost)  VALUES  ('A-12000513','4025','08/01/17','24','A-22300371','Avio','3794','56788');
INSERT INTO Trasllat_EmpresaTransport (nif_empresa, cod_residu, data_enviament,cod_desti,nif_emptransport,tipus_transport,kms,cost)  VALUES  ('A-12000531','4025','09/01/17','25','A-22300372','Train','3802','56930');
INSERT INTO Trasllat_EmpresaTransport (nif_empresa, cod_residu, data_enviament,cod_desti,nif_emptransport,tipus_transport,kms,cost)  VALUES  ('A-12000549','4025','10/01/17','26','A-22300373','Terrestre','3810','57072');
INSERT INTO Trasllat_EmpresaTransport (nif_empresa, cod_residu, data_enviament,cod_desti,nif_emptransport,tipus_transport,kms,cost)  VALUES  ('A-12000029','4108','11/01/17','27','A-22300374','Avio','3818','57214');
INSERT INTO Trasllat_EmpresaTransport (nif_empresa, cod_residu, data_enviament,cod_desti,nif_emptransport,tipus_transport,kms,cost)  VALUES  ('A-12000048','4108','12/01/17','28','A-22300375','Train','3826','57356');
INSERT INTO Trasllat_EmpresaTransport (nif_empresa, cod_residu, data_enviament,cod_desti,nif_emptransport,tipus_transport,kms,cost)  VALUES  ('A-12000068','4108','13/01/17','28','A-22300376','Terrestre','3834','57498');
INSERT INTO Trasllat_EmpresaTransport (nif_empresa, cod_residu, data_enviament,cod_desti,nif_emptransport,tipus_transport,kms,cost)  VALUES  ('A-12000088','4108','14/01/17','1','A-22300377','Avio','3842','57640');
INSERT INTO Trasllat_EmpresaTransport (nif_empresa, cod_residu, data_enviament,cod_desti,nif_emptransport,tipus_transport,kms,cost)  VALUES  ('A-12000108','4108','15/01/17','2','A-22300378','Train','3850','57782');
INSERT INTO Trasllat_EmpresaTransport (nif_empresa, cod_residu, data_enviament,cod_desti,nif_emptransport,tipus_transport,kms,cost)  VALUES  ('A-12000129','4108','16/01/17','3','A-22300379','Terrestre','3858','57924');
INSERT INTO Trasllat_EmpresaTransport (nif_empresa, cod_residu, data_enviament,cod_desti,nif_emptransport,tipus_transport,kms,cost)  VALUES  ('A-12000147','4108','17/01/17','4','A-22300380','Avio','3866','58066');
INSERT INTO Trasllat_EmpresaTransport (nif_empresa, cod_residu, data_enviament,cod_desti,nif_emptransport,tipus_transport,kms,cost)  VALUES  ('A-12000166','4108','18/01/17','5','A-22300381','Train','3874','58208');
INSERT INTO Trasllat_EmpresaTransport (nif_empresa, cod_residu, data_enviament,cod_desti,nif_emptransport,tipus_transport,kms,cost)  VALUES  ('A-12000185','4108','19/01/17','6','A-22300382','Terrestre','3882','58350');
INSERT INTO Trasllat_EmpresaTransport (nif_empresa, cod_residu, data_enviament,cod_desti,nif_emptransport,tipus_transport,kms,cost)  VALUES  ('A-12000203','4108','20/01/17','7','A-22300383','Avio','3890','58492');
INSERT INTO Trasllat_EmpresaTransport (nif_empresa, cod_residu, data_enviament,cod_desti,nif_emptransport,tipus_transport,kms,cost)  VALUES  ('A-12000221','4108','21/01/17','8','A-22300384','Train','3898','58634');
INSERT INTO Trasllat_EmpresaTransport (nif_empresa, cod_residu, data_enviament,cod_desti,nif_emptransport,tipus_transport,kms,cost)  VALUES  ('A-12000239','4108','22/01/17','9','A-22300276','Terrestre','3906','58776');
INSERT INTO Trasllat_EmpresaTransport (nif_empresa, cod_residu, data_enviament,cod_desti,nif_emptransport,tipus_transport,kms,cost)  VALUES  ('A-12000257','4108','23/01/17','10','A-22300277','Avio','3914','58918');
INSERT INTO Trasllat_EmpresaTransport (nif_empresa, cod_residu, data_enviament,cod_desti,nif_emptransport,tipus_transport,kms,cost)  VALUES  ('A-12000276','4108','24/01/17','11','A-22300278','Train','3922','59060');
INSERT INTO Trasllat_EmpresaTransport (nif_empresa, cod_residu, data_enviament,cod_desti,nif_emptransport,tipus_transport,kms,cost)  VALUES  ('A-12000295','4108','25/01/17','12','A-22300279','Terrestre','3930','59202');
INSERT INTO Trasllat_EmpresaTransport (nif_empresa, cod_residu, data_enviament,cod_desti,nif_emptransport,tipus_transport,kms,cost)  VALUES  ('A-12000313','4108','26/01/17','13','A-22300280','Avio','3938','59344');
INSERT INTO Trasllat_EmpresaTransport (nif_empresa, cod_residu, data_enviament,cod_desti,nif_emptransport,tipus_transport,kms,cost)  VALUES  ('A-12000332','4108','27/01/17','14','A-22300281','Train','3946','59486');
INSERT INTO Trasllat_EmpresaTransport (nif_empresa, cod_residu, data_enviament,cod_desti,nif_emptransport,tipus_transport,kms,cost)  VALUES  ('A-12000350','4108','28/01/17','15','A-22300282','Terrestre','3954','59628');
INSERT INTO Trasllat_EmpresaTransport (nif_empresa, cod_residu, data_enviament,cod_desti,nif_emptransport,tipus_transport,kms,cost)  VALUES  ('A-12000368','4108','29/01/17','16','A-22300283','Avio','3962','59770');
INSERT INTO Trasllat_EmpresaTransport (nif_empresa, cod_residu, data_enviament,cod_desti,nif_emptransport,tipus_transport,kms,cost)  VALUES  ('A-12000386','4108','30/01/17','17','A-22300284','Train','3970','59912');
INSERT INTO Trasllat_EmpresaTransport (nif_empresa, cod_residu, data_enviament,cod_desti,nif_emptransport,tipus_transport,kms,cost)  VALUES  ('A-12000404','4108','31/01/17','18','A-22300285','Terrestre','3978','60054');
INSERT INTO Trasllat_EmpresaTransport (nif_empresa, cod_residu, data_enviament,cod_desti,nif_emptransport,tipus_transport,kms,cost)  VALUES  ('A-12000422','4108','01/02/17','19','A-22300286','Avio','3986','60196');
INSERT INTO Trasllat_EmpresaTransport (nif_empresa, cod_residu, data_enviament,cod_desti,nif_emptransport,tipus_transport,kms,cost)  VALUES  ('A-12000440','4108','02/02/17','20','A-22300287','Train','3994','60338');
INSERT INTO Trasllat_EmpresaTransport (nif_empresa, cod_residu, data_enviament,cod_desti,nif_emptransport,tipus_transport,kms,cost)  VALUES  ('A-12000458','4108','03/02/17','21','A-22300288','Terrestre','4002','60480');
INSERT INTO Trasllat_EmpresaTransport (nif_empresa, cod_residu, data_enviament,cod_desti,nif_emptransport,tipus_transport,kms,cost)  VALUES  ('A-12000476','4108','04/02/17','22','A-22300289','Avio','4010','60622');
INSERT INTO Trasllat_EmpresaTransport (nif_empresa, cod_residu, data_enviament,cod_desti,nif_emptransport,tipus_transport,kms,cost)  VALUES  ('A-12000494','4108','05/02/17','23','A-22300290','Train','4018','60764');
INSERT INTO Trasllat_EmpresaTransport (nif_empresa, cod_residu, data_enviament,cod_desti,nif_emptransport,tipus_transport,kms,cost)  VALUES  ('A-12000512','4108','06/02/17','24','A-22300291','Terrestre','4026','60906');
INSERT INTO Trasllat_EmpresaTransport (nif_empresa, cod_residu, data_enviament,cod_desti,nif_emptransport,tipus_transport,kms,cost)  VALUES  ('A-12000530','4108','07/02/17','25','A-22300292','Avio','4034','61048');
INSERT INTO Trasllat_EmpresaTransport (nif_empresa, cod_residu, data_enviament,cod_desti,nif_emptransport,tipus_transport,kms,cost)  VALUES  ('A-12000548','4108','08/02/17','26','A-22300293','Train','4042','61190');
INSERT INTO Trasllat_EmpresaTransport (nif_empresa, cod_residu, data_enviament,cod_desti,nif_emptransport,tipus_transport,kms,cost)  VALUES  ('A-12000023','5001','09/02/17','27','A-22300294','Terrestre','4050','61332');
INSERT INTO Trasllat_EmpresaTransport (nif_empresa, cod_residu, data_enviament,cod_desti,nif_emptransport,tipus_transport,kms,cost)  VALUES  ('A-12000041','5001','10/02/17','28','A-22300295','Avio','4058','61474');
INSERT INTO Trasllat_EmpresaTransport (nif_empresa, cod_residu, data_enviament,cod_desti,nif_emptransport,tipus_transport,kms,cost)  VALUES  ('A-12000060','5001','11/02/17','28','A-22300296','Train','4066','61616');
INSERT INTO Trasllat_EmpresaTransport (nif_empresa, cod_residu, data_enviament,cod_desti,nif_emptransport,tipus_transport,kms,cost)  VALUES  ('A-12000081','5001','12/02/17','1','A-22300297','Terrestre','4074','61758');
INSERT INTO Trasllat_EmpresaTransport (nif_empresa, cod_residu, data_enviament,cod_desti,nif_emptransport,tipus_transport,kms,cost)  VALUES  ('A-12000102','5001','13/02/17','2','A-22300298','Avio','4082','61900');
INSERT INTO Trasllat_EmpresaTransport (nif_empresa, cod_residu, data_enviament,cod_desti,nif_emptransport,tipus_transport,kms,cost)  VALUES  ('A-12000123','5001','14/02/17','3','A-22300299','Train','4090','62042');
INSERT INTO Trasllat_EmpresaTransport (nif_empresa, cod_residu, data_enviament,cod_desti,nif_emptransport,tipus_transport,kms,cost)  VALUES  ('A-12000141','5001','15/02/17','4','A-22300300','Terrestre','4098','62184');
INSERT INTO Trasllat_EmpresaTransport (nif_empresa, cod_residu, data_enviament,cod_desti,nif_emptransport,tipus_transport,kms,cost)  VALUES  ('A-12000159','5001','16/02/17','5','A-22300301','Avio','4106','62326');
INSERT INTO Trasllat_EmpresaTransport (nif_empresa, cod_residu, data_enviament,cod_desti,nif_emptransport,tipus_transport,kms,cost)  VALUES  ('A-12000179','5001','17/02/17','6','A-22300302','Train','4114','62468');
INSERT INTO Trasllat_EmpresaTransport (nif_empresa, cod_residu, data_enviament,cod_desti,nif_emptransport,tipus_transport,kms,cost)  VALUES  ('A-12000197','5001','18/02/17','7','A-22300303','Terrestre','4122','62610');
INSERT INTO Trasllat_EmpresaTransport (nif_empresa, cod_residu, data_enviament,cod_desti,nif_emptransport,tipus_transport,kms,cost)  VALUES  ('A-12000215','5001','19/02/17','8','A-22300304','Avio','4130','62752');
INSERT INTO Trasllat_EmpresaTransport (nif_empresa, cod_residu, data_enviament,cod_desti,nif_emptransport,tipus_transport,kms,cost)  VALUES  ('A-12000233','5001','20/02/17','9','A-22300305','Train','4138','62894');
INSERT INTO Trasllat_EmpresaTransport (nif_empresa, cod_residu, data_enviament,cod_desti,nif_emptransport,tipus_transport,kms,cost)  VALUES  ('A-12000251','5001','21/02/17','10','A-22300306','Terrestre','4146','63036');
INSERT INTO Trasllat_EmpresaTransport (nif_empresa, cod_residu, data_enviament,cod_desti,nif_emptransport,tipus_transport,kms,cost)  VALUES  ('A-12000270','5001','22/02/17','11','A-22300307','Avio','4154','63178');
INSERT INTO Trasllat_EmpresaTransport (nif_empresa, cod_residu, data_enviament,cod_desti,nif_emptransport,tipus_transport,kms,cost)  VALUES  ('A-12000289','5001','23/02/17','12','A-22300308','Train','4162','63320');
INSERT INTO Trasllat_EmpresaTransport (nif_empresa, cod_residu, data_enviament,cod_desti,nif_emptransport,tipus_transport,kms,cost)  VALUES  ('A-12000307','5001','24/02/17','13','A-22300309','Terrestre','4170','63462');
INSERT INTO Trasllat_EmpresaTransport (nif_empresa, cod_residu, data_enviament,cod_desti,nif_emptransport,tipus_transport,kms,cost)  VALUES  ('A-12000325','5001','25/02/17','14','A-22300310','Avio','4178','63604');
INSERT INTO Trasllat_EmpresaTransport (nif_empresa, cod_residu, data_enviament,cod_desti,nif_emptransport,tipus_transport,kms,cost)  VALUES  ('A-12000344','5001','26/02/17','15','A-22300311','Train','4186','63746');
INSERT INTO Trasllat_EmpresaTransport (nif_empresa, cod_residu, data_enviament,cod_desti,nif_emptransport,tipus_transport,kms,cost)  VALUES  ('A-12000362','5001','27/02/17','16','A-22300312','Terrestre','4194','63888');
INSERT INTO Trasllat_EmpresaTransport (nif_empresa, cod_residu, data_enviament,cod_desti,nif_emptransport,tipus_transport,kms,cost)  VALUES  ('A-12000380','5001','28/02/17','17','A-22300313','Avio','4202','64030');
INSERT INTO Trasllat_EmpresaTransport (nif_empresa, cod_residu, data_enviament,cod_desti,nif_emptransport,tipus_transport,kms,cost)  VALUES  ('A-12000398','5001','01/03/17','18','A-22300314','Train','4210','64172');
INSERT INTO Trasllat_EmpresaTransport (nif_empresa, cod_residu, data_enviament,cod_desti,nif_emptransport,tipus_transport,kms,cost)  VALUES  ('A-12000416','5001','02/03/17','19','A-22300315','Terrestre','4218','64314');
INSERT INTO Trasllat_EmpresaTransport (nif_empresa, cod_residu, data_enviament,cod_desti,nif_emptransport,tipus_transport,kms,cost)  VALUES  ('A-12000434','5001','03/03/17','20','A-22300316','Avio','4226','64456');
INSERT INTO Trasllat_EmpresaTransport (nif_empresa, cod_residu, data_enviament,cod_desti,nif_emptransport,tipus_transport,kms,cost)  VALUES  ('A-12000452','5001','04/03/17','28','A-22300317','Train','4234','64598');
INSERT INTO Trasllat_EmpresaTransport (nif_empresa, cod_residu, data_enviament,cod_desti,nif_emptransport,tipus_transport,kms,cost)  VALUES  ('A-12000470','5001','05/03/17','22','A-22300318','Terrestre','4242','64740');
INSERT INTO Trasllat_EmpresaTransport (nif_empresa, cod_residu, data_enviament,cod_desti,nif_emptransport,tipus_transport,kms,cost)  VALUES  ('A-12000488','5001','06/03/17','23','A-22300319','Avio','4250','64882');
INSERT INTO Trasllat_EmpresaTransport (nif_empresa, cod_residu, data_enviament,cod_desti,nif_emptransport,tipus_transport,kms,cost)  VALUES  ('A-12000506','5001','07/03/17','24','A-22300320','Train','4258','65024');
INSERT INTO Trasllat_EmpresaTransport (nif_empresa, cod_residu, data_enviament,cod_desti,nif_emptransport,tipus_transport,kms,cost)  VALUES  ('A-12000524','5001','08/03/17','25','A-22300321','Terrestre','4266','65166');
INSERT INTO Trasllat_EmpresaTransport (nif_empresa, cod_residu, data_enviament,cod_desti,nif_emptransport,tipus_transport,kms,cost)  VALUES  ('A-12000542','5001','09/03/17','26','A-22300322','Avio','4274','65308');
INSERT INTO Trasllat_EmpresaTransport (nif_empresa, cod_residu, data_enviament,cod_desti,nif_emptransport,tipus_transport,kms,cost)  VALUES  ('A-12000026','5038','10/03/17','27','A-22300323','Train','4282','65450');
INSERT INTO Trasllat_EmpresaTransport (nif_empresa, cod_residu, data_enviament,cod_desti,nif_emptransport,tipus_transport,kms,cost)  VALUES  ('A-12000044','5038','11/03/17','28','A-22300324','Terrestre','4290','65592');
INSERT INTO Trasllat_EmpresaTransport (nif_empresa, cod_residu, data_enviament,cod_desti,nif_emptransport,tipus_transport,kms,cost)  VALUES  ('A-12000065','5038','12/03/17','28','A-22300325','Avio','4298','65734');
INSERT INTO Trasllat_EmpresaTransport (nif_empresa, cod_residu, data_enviament,cod_desti,nif_emptransport,tipus_transport,kms,cost)  VALUES  ('A-12000084','5038','13/03/17','1','A-22300326','Train','4306','65876');
INSERT INTO Trasllat_EmpresaTransport (nif_empresa, cod_residu, data_enviament,cod_desti,nif_emptransport,tipus_transport,kms,cost)  VALUES  ('A-12000105','5038','14/03/17','2','A-22300327','Terrestre','4314','66018');
INSERT INTO Trasllat_EmpresaTransport (nif_empresa, cod_residu, data_enviament,cod_desti,nif_emptransport,tipus_transport,kms,cost)  VALUES  ('A-12000126','5038','15/03/17','3','A-22300328','Avio','4322','66160');
INSERT INTO Trasllat_EmpresaTransport (nif_empresa, cod_residu, data_enviament,cod_desti,nif_emptransport,tipus_transport,kms,cost)  VALUES  ('A-12000144','5038','16/03/17','4','A-22300329','Train','4330','66302');
INSERT INTO Trasllat_EmpresaTransport (nif_empresa, cod_residu, data_enviament,cod_desti,nif_emptransport,tipus_transport,kms,cost)  VALUES  ('A-12000163','5038','17/03/17','5','A-22300330','Terrestre','4338','66444');
INSERT INTO Trasllat_EmpresaTransport (nif_empresa, cod_residu, data_enviament,cod_desti,nif_emptransport,tipus_transport,kms,cost)  VALUES  ('A-12000182','5038','18/03/17','6','A-22300331','Avio','4346','66586');
INSERT INTO Trasllat_EmpresaTransport (nif_empresa, cod_residu, data_enviament,cod_desti,nif_emptransport,tipus_transport,kms,cost)  VALUES  ('A-12000200','5038','19/03/17','7','A-22300332','Train','4354','66728');
INSERT INTO Trasllat_EmpresaTransport (nif_empresa, cod_residu, data_enviament,cod_desti,nif_emptransport,tipus_transport,kms,cost)  VALUES  ('A-12000218','5038','20/03/17','8','A-22300333','Terrestre','4362','66870');
INSERT INTO Trasllat_EmpresaTransport (nif_empresa, cod_residu, data_enviament,cod_desti,nif_emptransport,tipus_transport,kms,cost)  VALUES  ('A-12000236','5038','21/03/17','9','A-22300334','Avio','4370','67012');
INSERT INTO Trasllat_EmpresaTransport (nif_empresa, cod_residu, data_enviament,cod_desti,nif_emptransport,tipus_transport,kms,cost)  VALUES  ('A-12000254','5038','22/03/17','10','A-22300335','Train','4378','67154');
INSERT INTO Trasllat_EmpresaTransport (nif_empresa, cod_residu, data_enviament,cod_desti,nif_emptransport,tipus_transport,kms,cost)  VALUES  ('A-12000273','5038','23/03/17','11','A-22300336','Terrestre','4386','67296');
INSERT INTO Trasllat_EmpresaTransport (nif_empresa, cod_residu, data_enviament,cod_desti,nif_emptransport,tipus_transport,kms,cost)  VALUES  ('A-12000292','5038','24/03/17','12','A-22300337','Avio','4394','67438');
INSERT INTO Trasllat_EmpresaTransport (nif_empresa, cod_residu, data_enviament,cod_desti,nif_emptransport,tipus_transport,kms,cost)  VALUES  ('A-12000310','5038','25/03/17','13','A-22300338','Train','4402','67580');
INSERT INTO Trasllat_EmpresaTransport (nif_empresa, cod_residu, data_enviament,cod_desti,nif_emptransport,tipus_transport,kms,cost)  VALUES  ('A-12000329','5038','26/03/17','14','A-22300339','Terrestre','4410','67722');
INSERT INTO Trasllat_EmpresaTransport (nif_empresa, cod_residu, data_enviament,cod_desti,nif_emptransport,tipus_transport,kms,cost)  VALUES  ('A-12000347','5038','27/03/17','15','A-22300340','Avio','4418','67864');
INSERT INTO Trasllat_EmpresaTransport (nif_empresa, cod_residu, data_enviament,cod_desti,nif_emptransport,tipus_transport,kms,cost)  VALUES  ('A-12000365','5038','28/03/17','16','A-22300341','Train','4426','68006');
INSERT INTO Trasllat_EmpresaTransport (nif_empresa, cod_residu, data_enviament,cod_desti,nif_emptransport,tipus_transport,kms,cost)  VALUES  ('A-12000383','5038','29/03/17','17','A-22300342','Terrestre','4434','68148');
INSERT INTO Trasllat_EmpresaTransport (nif_empresa, cod_residu, data_enviament,cod_desti,nif_emptransport,tipus_transport,kms,cost)  VALUES  ('A-12000401','5038','30/03/17','18','A-22300343','Avio','4442','68290');
INSERT INTO Trasllat_EmpresaTransport (nif_empresa, cod_residu, data_enviament,cod_desti,nif_emptransport,tipus_transport,kms,cost)  VALUES  ('A-12000419','5038','31/03/17','19','A-22300344','Train','4450','68432');
INSERT INTO Trasllat_EmpresaTransport (nif_empresa, cod_residu, data_enviament,cod_desti,nif_emptransport,tipus_transport,kms,cost)  VALUES  ('A-12000437','5038','01/04/17','20','A-22300345','Terrestre','4458','68574');
INSERT INTO Trasllat_EmpresaTransport (nif_empresa, cod_residu, data_enviament,cod_desti,nif_emptransport,tipus_transport,kms,cost)  VALUES  ('A-12000455','5038','02/04/17','21','A-22300346','Avio','4466','68716');
INSERT INTO Trasllat_EmpresaTransport (nif_empresa, cod_residu, data_enviament,cod_desti,nif_emptransport,tipus_transport,kms,cost)  VALUES  ('A-12000473','5038','03/04/17','22','A-22300347','Train','4474','68858');
INSERT INTO Trasllat_EmpresaTransport (nif_empresa, cod_residu, data_enviament,cod_desti,nif_emptransport,tipus_transport,kms,cost)  VALUES  ('A-12000491','5038','04/04/17','23','A-22300348','Terrestre','4482','69000');
INSERT INTO Trasllat_EmpresaTransport (nif_empresa, cod_residu, data_enviament,cod_desti,nif_emptransport,tipus_transport,kms,cost)  VALUES  ('A-12000509','5038','05/04/17','24','A-22300349','Avio','4490','69142');
INSERT INTO Trasllat_EmpresaTransport (nif_empresa, cod_residu, data_enviament,cod_desti,nif_emptransport,tipus_transport,kms,cost)  VALUES  ('A-12000527','5038','06/04/17','25','A-22300350','Train','4498','69284');
INSERT INTO Trasllat_EmpresaTransport (nif_empresa, cod_residu, data_enviament,cod_desti,nif_emptransport,tipus_transport,kms,cost)  VALUES  ('A-12000545','5038','07/04/17','26','A-22300351','Terrestre','4506','69426');
INSERT INTO Trasllat_EmpresaTransport (nif_empresa, cod_residu, data_enviament,cod_desti,nif_emptransport,tipus_transport,kms,cost)  VALUES  ('A-12000036','5050','08/04/17','27','A-22300352','Avio','4514','69568');
INSERT INTO Trasllat_EmpresaTransport (nif_empresa, cod_residu, data_enviament,cod_desti,nif_emptransport,tipus_transport,kms,cost)  VALUES  ('A-12000055','5050','09/04/17','28','A-22300353','Train','4522','69710');
INSERT INTO Trasllat_EmpresaTransport (nif_empresa, cod_residu, data_enviament,cod_desti,nif_emptransport,tipus_transport,kms,cost)  VALUES  ('A-12000075','5050','10/04/17','28','A-22300354','Terrestre','4530','69852');
INSERT INTO Trasllat_EmpresaTransport (nif_empresa, cod_residu, data_enviament,cod_desti,nif_emptransport,tipus_transport,kms,cost)  VALUES  ('A-12000096','5050','11/04/17','1','A-22300355','Avio','4538','69994');
INSERT INTO Trasllat_EmpresaTransport (nif_empresa, cod_residu, data_enviament,cod_desti,nif_emptransport,tipus_transport,kms,cost)  VALUES  ('A-12000117','5050','12/04/17','2','A-22300356','Train','4546','70136');
INSERT INTO Trasllat_EmpresaTransport (nif_empresa, cod_residu, data_enviament,cod_desti,nif_emptransport,tipus_transport,kms,cost)  VALUES  ('A-12000136','5050','13/04/17','3','A-22300357','Terrestre','4554','70278');
INSERT INTO Trasllat_EmpresaTransport (nif_empresa, cod_residu, data_enviament,cod_desti,nif_emptransport,tipus_transport,kms,cost)  VALUES  ('A-12000154','5050','14/04/17','4','A-22300358','Avio','4562','70420');
INSERT INTO Trasllat_EmpresaTransport (nif_empresa, cod_residu, data_enviament,cod_desti,nif_emptransport,tipus_transport,kms,cost)  VALUES  ('A-12000174','5050','15/04/17','5','A-22300359','Train','4570','70562');
INSERT INTO Trasllat_EmpresaTransport (nif_empresa, cod_residu, data_enviament,cod_desti,nif_emptransport,tipus_transport,kms,cost)  VALUES  ('A-12000192','5050','16/04/17','6','A-22300360','Terrestre','4578','70704');
INSERT INTO Trasllat_EmpresaTransport (nif_empresa, cod_residu, data_enviament,cod_desti,nif_emptransport,tipus_transport,kms,cost)  VALUES  ('A-12000210','5050','17/04/17','7','A-22300361','Avio','4586','70846');
INSERT INTO Trasllat_EmpresaTransport (nif_empresa, cod_residu, data_enviament,cod_desti,nif_emptransport,tipus_transport,kms,cost)  VALUES  ('A-12000228','5050','18/04/17','8','A-22300362','Train','4594','70988');
INSERT INTO Trasllat_EmpresaTransport (nif_empresa, cod_residu, data_enviament,cod_desti,nif_emptransport,tipus_transport,kms,cost)  VALUES  ('A-12000246','5050','19/04/17','9','A-22300363','Terrestre','4602','71130');
INSERT INTO Trasllat_EmpresaTransport (nif_empresa, cod_residu, data_enviament,cod_desti,nif_emptransport,tipus_transport,kms,cost)  VALUES  ('A-12000265','5050','20/04/17','10','A-22300364','Avio','4610','71272');
INSERT INTO Trasllat_EmpresaTransport (nif_empresa, cod_residu, data_enviament,cod_desti,nif_emptransport,tipus_transport,kms,cost)  VALUES  ('A-12000284','5050','21/04/17','11','A-22300365','Train','4618','71414');
INSERT INTO Trasllat_EmpresaTransport (nif_empresa, cod_residu, data_enviament,cod_desti,nif_emptransport,tipus_transport,kms,cost)  VALUES  ('A-12000302','5050','22/04/17','12','A-22300366','Terrestre','4626','71556');
INSERT INTO Trasllat_EmpresaTransport (nif_empresa, cod_residu, data_enviament,cod_desti,nif_emptransport,tipus_transport,kms,cost)  VALUES  ('A-12000320','5050','23/04/17','13','A-22300367','Avio','4634','71698');
INSERT INTO Trasllat_EmpresaTransport (nif_empresa, cod_residu, data_enviament,cod_desti,nif_emptransport,tipus_transport,kms,cost)  VALUES  ('A-12000339','5050','24/04/17','14','A-22300368','Train','4642','71840');
INSERT INTO Trasllat_EmpresaTransport (nif_empresa, cod_residu, data_enviament,cod_desti,nif_emptransport,tipus_transport,kms,cost)  VALUES  ('A-12000357','5050','25/04/17','15','A-22300369','Terrestre','4650','71982');
INSERT INTO Trasllat_EmpresaTransport (nif_empresa, cod_residu, data_enviament,cod_desti,nif_emptransport,tipus_transport,kms,cost)  VALUES  ('A-12000375','5050','26/04/17','16','A-22300370','Avio','4658','72124');
INSERT INTO Trasllat_EmpresaTransport (nif_empresa, cod_residu, data_enviament,cod_desti,nif_emptransport,tipus_transport,kms,cost)  VALUES  ('A-12000393','5050','27/04/17','17','A-22300371','Train','4666','72266');
INSERT INTO Trasllat_EmpresaTransport (nif_empresa, cod_residu, data_enviament,cod_desti,nif_emptransport,tipus_transport,kms,cost)  VALUES  ('A-12000411','5050','28/04/17','18','A-22300372','Terrestre','4674','72408');
INSERT INTO Trasllat_EmpresaTransport (nif_empresa, cod_residu, data_enviament,cod_desti,nif_emptransport,tipus_transport,kms,cost)  VALUES  ('A-12000429','5050','29/04/17','19','A-22300373','Avio','4682','72550');
INSERT INTO Trasllat_EmpresaTransport (nif_empresa, cod_residu, data_enviament,cod_desti,nif_emptransport,tipus_transport,kms,cost)  VALUES  ('A-12000447','5050','30/04/17','20','A-22300374','Train','4690','72692');
INSERT INTO Trasllat_EmpresaTransport (nif_empresa, cod_residu, data_enviament,cod_desti,nif_emptransport,tipus_transport,kms,cost)  VALUES  ('A-12000465','5050','01/05/17','21','A-22300375','Terrestre','4698','72834');
INSERT INTO Trasllat_EmpresaTransport (nif_empresa, cod_residu, data_enviament,cod_desti,nif_emptransport,tipus_transport,kms,cost)  VALUES  ('A-12000483','5050','02/05/17','22','A-22300376','Avio','4706','72976');
INSERT INTO Trasllat_EmpresaTransport (nif_empresa, cod_residu, data_enviament,cod_desti,nif_emptransport,tipus_transport,kms,cost)  VALUES  ('A-12000501','5050','03/05/17','23','A-22300377','Train','4714','73118');
INSERT INTO Trasllat_EmpresaTransport (nif_empresa, cod_residu, data_enviament,cod_desti,nif_emptransport,tipus_transport,kms,cost)  VALUES  ('A-12000519','5050','04/05/17','24','A-22300378','Terrestre','4722','73260');
INSERT INTO Trasllat_EmpresaTransport (nif_empresa, cod_residu, data_enviament,cod_desti,nif_emptransport,tipus_transport,kms,cost)  VALUES  ('A-12000537','5050','05/05/17','25','A-22300379','Avio','4730','73402');
INSERT INTO Trasllat_EmpresaTransport (nif_empresa, cod_residu, data_enviament,cod_desti,nif_emptransport,tipus_transport,kms,cost)  VALUES  ('A-12000053','5550','06/05/17','26','A-22300380','Train','4738','73544');
INSERT INTO Trasllat_EmpresaTransport (nif_empresa, cod_residu, data_enviament,cod_desti,nif_emptransport,tipus_transport,kms,cost)  VALUES  ('A-12000034','5550','07/05/17','27','A-22300381','Terrestre','4746','73686');
INSERT INTO Trasllat_EmpresaTransport (nif_empresa, cod_residu, data_enviament,cod_desti,nif_emptransport,tipus_transport,kms,cost)  VALUES  ('A-12000073','5550','08/05/17','28','A-22300382','Avio','4754','73828');
INSERT INTO Trasllat_EmpresaTransport (nif_empresa, cod_residu, data_enviament,cod_desti,nif_emptransport,tipus_transport,kms,cost)  VALUES  ('A-12000094','5550','09/05/17','28','A-22300383','Train','4762','73970');
INSERT INTO Trasllat_EmpresaTransport (nif_empresa, cod_residu, data_enviament,cod_desti,nif_emptransport,tipus_transport,kms,cost)  VALUES  ('A-12000115','5550','10/05/17','1','A-22300384','Terrestre','4770','74112');
INSERT INTO Trasllat_EmpresaTransport (nif_empresa, cod_residu, data_enviament,cod_desti,nif_emptransport,tipus_transport,kms,cost)  VALUES  ('A-12000134','5550','11/05/17','2','A-22300276','Avio','4778','74254');
INSERT INTO Trasllat_EmpresaTransport (nif_empresa, cod_residu, data_enviament,cod_desti,nif_emptransport,tipus_transport,kms,cost)  VALUES  ('A-12000152','5550','12/05/17','3','A-22300277','Train','4786','74396');
INSERT INTO Trasllat_EmpresaTransport (nif_empresa, cod_residu, data_enviament,cod_desti,nif_emptransport,tipus_transport,kms,cost)  VALUES  ('A-12000172','5550','13/05/17','4','A-22300278','Terrestre','4794','74538');
INSERT INTO Trasllat_EmpresaTransport (nif_empresa, cod_residu, data_enviament,cod_desti,nif_emptransport,tipus_transport,kms,cost)  VALUES  ('A-12000190','5550','14/05/17','5','A-22300279','Avio','4802','74680');
INSERT INTO Trasllat_EmpresaTransport (nif_empresa, cod_residu, data_enviament,cod_desti,nif_emptransport,tipus_transport,kms,cost)  VALUES  ('A-12000208','5550','15/05/17','6','A-22300280','Train','4810','74822');
INSERT INTO Trasllat_EmpresaTransport (nif_empresa, cod_residu, data_enviament,cod_desti,nif_emptransport,tipus_transport,kms,cost)  VALUES  ('A-12000226','5550','16/05/17','7','A-22300281','Terrestre','4818','74964');
INSERT INTO Trasllat_EmpresaTransport (nif_empresa, cod_residu, data_enviament,cod_desti,nif_emptransport,tipus_transport,kms,cost)  VALUES  ('A-12000244','5550','17/05/17','8','A-22300282','Avio','4826','75106');
INSERT INTO Trasllat_EmpresaTransport (nif_empresa, cod_residu, data_enviament,cod_desti,nif_emptransport,tipus_transport,kms,cost)  VALUES  ('A-12000263','5550','18/05/17','9','A-22300283','Train','4834','75248');
INSERT INTO Trasllat_EmpresaTransport (nif_empresa, cod_residu, data_enviament,cod_desti,nif_emptransport,tipus_transport,kms,cost)  VALUES  ('A-12000282','5550','19/05/17','10','A-22300284','Terrestre','4842','75390');
INSERT INTO Trasllat_EmpresaTransport (nif_empresa, cod_residu, data_enviament,cod_desti,nif_emptransport,tipus_transport,kms,cost)  VALUES  ('A-12000300','5550','20/05/17','11','A-22300285','Avio','4850','75532');
INSERT INTO Trasllat_EmpresaTransport (nif_empresa, cod_residu, data_enviament,cod_desti,nif_emptransport,tipus_transport,kms,cost)  VALUES  ('A-12000318','5550','21/05/17','12','A-22300286','Train','4858','75674');
INSERT INTO Trasllat_EmpresaTransport (nif_empresa, cod_residu, data_enviament,cod_desti,nif_emptransport,tipus_transport,kms,cost)  VALUES  ('A-12000337','5550','22/05/17','13','A-22300287','Terrestre','4866','75816');
INSERT INTO Trasllat_EmpresaTransport (nif_empresa, cod_residu, data_enviament,cod_desti,nif_emptransport,tipus_transport,kms,cost)  VALUES  ('A-12000355','5550','23/05/17','14','A-22300288','Avio','4874','75958');
INSERT INTO Trasllat_EmpresaTransport (nif_empresa, cod_residu, data_enviament,cod_desti,nif_emptransport,tipus_transport,kms,cost)  VALUES  ('A-12000373','5550','24/05/17','15','A-22300289','Train','4882','76100');
INSERT INTO Trasllat_EmpresaTransport (nif_empresa, cod_residu, data_enviament,cod_desti,nif_emptransport,tipus_transport,kms,cost)  VALUES  ('A-12000391','5550','25/05/17','16','A-22300290','Terrestre','4890','76242');
INSERT INTO Trasllat_EmpresaTransport (nif_empresa, cod_residu, data_enviament,cod_desti,nif_emptransport,tipus_transport,kms,cost)  VALUES  ('A-12000409','5550','26/05/17','17','A-22300291','Avio','4898','76384');
INSERT INTO Trasllat_EmpresaTransport (nif_empresa, cod_residu, data_enviament,cod_desti,nif_emptransport,tipus_transport,kms,cost)  VALUES  ('A-12000427','5550','27/05/17','18','A-22300292','Train','4906','76526');
INSERT INTO Trasllat_EmpresaTransport (nif_empresa, cod_residu, data_enviament,cod_desti,nif_emptransport,tipus_transport,kms,cost)  VALUES  ('A-12000445','5550','28/05/17','19','A-22300293','Terrestre','4914','76668');
INSERT INTO Trasllat_EmpresaTransport (nif_empresa, cod_residu, data_enviament,cod_desti,nif_emptransport,tipus_transport,kms,cost)  VALUES  ('A-12000463','5550','29/05/17','20','A-22300294','Avio','4922','76810');
INSERT INTO Trasllat_EmpresaTransport (nif_empresa, cod_residu, data_enviament,cod_desti,nif_emptransport,tipus_transport,kms,cost)  VALUES  ('A-12000481','5550','30/05/17','21','A-22300295','Train','4930','76952');
INSERT INTO Trasllat_EmpresaTransport (nif_empresa, cod_residu, data_enviament,cod_desti,nif_emptransport,tipus_transport,kms,cost)  VALUES  ('A-12000499','5550','31/05/17','22','A-22300296','Terrestre','4938','77094');
INSERT INTO Trasllat_EmpresaTransport (nif_empresa, cod_residu, data_enviament,cod_desti,nif_emptransport,tipus_transport,kms,cost)  VALUES  ('A-12000517','5550','01/06/17','23','A-22300297','Avio','4946','77236');
INSERT INTO Trasllat_EmpresaTransport (nif_empresa, cod_residu, data_enviament,cod_desti,nif_emptransport,tipus_transport,kms,cost)  VALUES  ('A-12000535','5550','02/06/17','24','A-22300298','Train','4954','77378');
INSERT INTO Trasllat_EmpresaTransport (nif_empresa, cod_residu, data_enviament,cod_desti,nif_emptransport,tipus_transport,kms,cost)  VALUES  ('A-12000553','5550','03/06/17','25','A-22300299','Terrestre','4962','77520');
INSERT INTO Trasllat_EmpresaTransport (nif_empresa, cod_residu, data_enviament,cod_desti,nif_emptransport,tipus_transport,kms,cost)  VALUES  ('A-12000022','8078','04/06/17','26','A-22300300','Avio','4970','77662');
INSERT INTO Trasllat_EmpresaTransport (nif_empresa, cod_residu, data_enviament,cod_desti,nif_emptransport,tipus_transport,kms,cost)  VALUES  ('A-12000040','8078','05/06/17','27','A-22300301','Train','4978','77804');
INSERT INTO Trasllat_EmpresaTransport (nif_empresa, cod_residu, data_enviament,cod_desti,nif_emptransport,tipus_transport,kms,cost)  VALUES  ('A-12000059','8078','06/06/17','28','A-22300302','Terrestre','4986','77946');
INSERT INTO Trasllat_EmpresaTransport (nif_empresa, cod_residu, data_enviament,cod_desti,nif_emptransport,tipus_transport,kms,cost)  VALUES  ('A-12000080','8078','07/06/17','28','A-22300303','Avio','4994','78088');
INSERT INTO Trasllat_EmpresaTransport (nif_empresa, cod_residu, data_enviament,cod_desti,nif_emptransport,tipus_transport,kms,cost)  VALUES  ('A-12000101','8078','08/06/17','1','A-22300304','Train','5002','78230');
INSERT INTO Trasllat_EmpresaTransport (nif_empresa, cod_residu, data_enviament,cod_desti,nif_emptransport,tipus_transport,kms,cost)  VALUES  ('A-12000122','8078','09/06/17','2','A-22300305','Terrestre','5010','78372');
INSERT INTO Trasllat_EmpresaTransport (nif_empresa, cod_residu, data_enviament,cod_desti,nif_emptransport,tipus_transport,kms,cost)  VALUES  ('A-12000140','8078','10/06/17','3','A-22300306','Avio','5018','78514');
INSERT INTO Trasllat_EmpresaTransport (nif_empresa, cod_residu, data_enviament,cod_desti,nif_emptransport,tipus_transport,kms,cost)  VALUES  ('A-12000158','8078','11/06/17','4','A-22300307','Train','5026','78656');
INSERT INTO Trasllat_EmpresaTransport (nif_empresa, cod_residu, data_enviament,cod_desti,nif_emptransport,tipus_transport,kms,cost)  VALUES  ('A-12000178','8078','12/06/17','5','A-22300308','Terrestre','5034','78798');
INSERT INTO Trasllat_EmpresaTransport (nif_empresa, cod_residu, data_enviament,cod_desti,nif_emptransport,tipus_transport,kms,cost)  VALUES  ('A-12000196','8078','13/06/17','6','A-22300309','Avio','5042','78940');
INSERT INTO Trasllat_EmpresaTransport (nif_empresa, cod_residu, data_enviament,cod_desti,nif_emptransport,tipus_transport,kms,cost)  VALUES  ('A-12000214','8078','14/06/17','7','A-22300310','Train','5050','79082');
INSERT INTO Trasllat_EmpresaTransport (nif_empresa, cod_residu, data_enviament,cod_desti,nif_emptransport,tipus_transport,kms,cost)  VALUES  ('A-12000232','8078','15/06/17','8','A-22300311','Terrestre','5058','79224');
INSERT INTO Trasllat_EmpresaTransport (nif_empresa, cod_residu, data_enviament,cod_desti,nif_emptransport,tipus_transport,kms,cost)  VALUES  ('A-12000250','8078','16/06/17','9','A-22300312','Avio','5066','79366');
INSERT INTO Trasllat_EmpresaTransport (nif_empresa, cod_residu, data_enviament,cod_desti,nif_emptransport,tipus_transport,kms,cost)  VALUES  ('A-12000269','8078','17/06/17','10','A-22300313','Train','5074','79508');
INSERT INTO Trasllat_EmpresaTransport (nif_empresa, cod_residu, data_enviament,cod_desti,nif_emptransport,tipus_transport,kms,cost)  VALUES  ('A-12000288','8078','18/06/17','11','A-22300314','Terrestre','5082','79650');
INSERT INTO Trasllat_EmpresaTransport (nif_empresa, cod_residu, data_enviament,cod_desti,nif_emptransport,tipus_transport,kms,cost)  VALUES  ('A-12000306','8078','19/06/17','12','A-22300315','Avio','5090','79792');
INSERT INTO Trasllat_EmpresaTransport (nif_empresa, cod_residu, data_enviament,cod_desti,nif_emptransport,tipus_transport,kms,cost)  VALUES  ('A-12000324','8078','20/06/17','13','A-22300316','Train','5098','79934');
INSERT INTO Trasllat_EmpresaTransport (nif_empresa, cod_residu, data_enviament,cod_desti,nif_emptransport,tipus_transport,kms,cost)  VALUES  ('A-12000343','8078','21/06/17','14','A-22300317','Terrestre','5106','80076');
INSERT INTO Trasllat_EmpresaTransport (nif_empresa, cod_residu, data_enviament,cod_desti,nif_emptransport,tipus_transport,kms,cost)  VALUES  ('A-12000361','8078','22/06/17','15','A-22300318','Avio','5114','80218');
INSERT INTO Trasllat_EmpresaTransport (nif_empresa, cod_residu, data_enviament,cod_desti,nif_emptransport,tipus_transport,kms,cost)  VALUES  ('A-12000379','8078','23/06/17','16','A-22300319','Train','5122','80360');
INSERT INTO Trasllat_EmpresaTransport (nif_empresa, cod_residu, data_enviament,cod_desti,nif_emptransport,tipus_transport,kms,cost)  VALUES  ('A-12000397','8078','24/06/17','17','A-22300320','Terrestre','5130','80502');
INSERT INTO Trasllat_EmpresaTransport (nif_empresa, cod_residu, data_enviament,cod_desti,nif_emptransport,tipus_transport,kms,cost)  VALUES  ('A-12000415','8078','25/06/17','18','A-22300321','Avio','5138','80644');
INSERT INTO Trasllat_EmpresaTransport (nif_empresa, cod_residu, data_enviament,cod_desti,nif_emptransport,tipus_transport,kms,cost)  VALUES  ('A-12000433','8078','26/06/17','19','A-22300322','Train','5146','80786');
INSERT INTO Trasllat_EmpresaTransport (nif_empresa, cod_residu, data_enviament,cod_desti,nif_emptransport,tipus_transport,kms,cost)  VALUES  ('A-12000451','8078','27/06/17','20','A-22300323','Terrestre','5154','80928');
INSERT INTO Trasllat_EmpresaTransport (nif_empresa, cod_residu, data_enviament,cod_desti,nif_emptransport,tipus_transport,kms,cost)  VALUES  ('A-12000469','8078','28/06/17','21','A-22300324','Avio','5162','81070');
INSERT INTO Trasllat_EmpresaTransport (nif_empresa, cod_residu, data_enviament,cod_desti,nif_emptransport,tipus_transport,kms,cost)  VALUES  ('A-12000487','8078','29/06/17','22','A-22300325','Train','5170','81212');
INSERT INTO Trasllat_EmpresaTransport (nif_empresa, cod_residu, data_enviament,cod_desti,nif_emptransport,tipus_transport,kms,cost)  VALUES  ('A-12000505','8078','30/06/17','23','A-22300326','Terrestre','5178','81354');
INSERT INTO Trasllat_EmpresaTransport (nif_empresa, cod_residu, data_enviament,cod_desti,nif_emptransport,tipus_transport,kms,cost)  VALUES  ('A-12000523','8078','01/07/17','24','A-22300327','Avio','5186','81496');
INSERT INTO Trasllat_EmpresaTransport (nif_empresa, cod_residu, data_enviament,cod_desti,nif_emptransport,tipus_transport,kms,cost)  VALUES  ('A-12000541','8078','02/07/17','25','A-22300328','Train','5194','81638');
INSERT INTO Trasllat_EmpresaTransport (nif_empresa, cod_residu, data_enviament,cod_desti,nif_emptransport,tipus_transport,kms,cost)  VALUES  ('A-12000027','8889','03/07/17','26','A-22300329','Terrestre','5202','81780');
INSERT INTO Trasllat_EmpresaTransport (nif_empresa, cod_residu, data_enviament,cod_desti,nif_emptransport,tipus_transport,kms,cost)  VALUES  ('A-12000046','8889','04/07/17','27','A-22300330','Avio','5210','81922');
INSERT INTO Trasllat_EmpresaTransport (nif_empresa, cod_residu, data_enviament,cod_desti,nif_emptransport,tipus_transport,kms,cost)  VALUES  ('A-12000066','8889','05/07/17','28','A-22300331','Train','5218','82064');
INSERT INTO Trasllat_EmpresaTransport (nif_empresa, cod_residu, data_enviament,cod_desti,nif_emptransport,tipus_transport,kms,cost)  VALUES  ('A-12000086','8889','06/07/17','28','A-22300332','Terrestre','5226','82206');
INSERT INTO Trasllat_EmpresaTransport (nif_empresa, cod_residu, data_enviament,cod_desti,nif_emptransport,tipus_transport,kms,cost)  VALUES  ('A-12000106','8889','07/07/17','1','A-22300333','Avio','5234','82348');
INSERT INTO Trasllat_EmpresaTransport (nif_empresa, cod_residu, data_enviament,cod_desti,nif_emptransport,tipus_transport,kms,cost)  VALUES  ('A-12000127','8889','08/07/17','2','A-22300334','Train','5242','82490');
INSERT INTO Trasllat_EmpresaTransport (nif_empresa, cod_residu, data_enviament,cod_desti,nif_emptransport,tipus_transport,kms,cost)  VALUES  ('A-12000145','8889','09/07/17','3','A-22300335','Terrestre','5250','82632');
INSERT INTO Trasllat_EmpresaTransport (nif_empresa, cod_residu, data_enviament,cod_desti,nif_emptransport,tipus_transport,kms,cost)  VALUES  ('A-12000164','8889','10/07/17','4','A-22300336','Avio','5258','82774');
INSERT INTO Trasllat_EmpresaTransport (nif_empresa, cod_residu, data_enviament,cod_desti,nif_emptransport,tipus_transport,kms,cost)  VALUES  ('A-12000183','8889','11/07/17','5','A-22300337','Train','5266','82916');
INSERT INTO Trasllat_EmpresaTransport (nif_empresa, cod_residu, data_enviament,cod_desti,nif_emptransport,tipus_transport,kms,cost)  VALUES  ('A-12000201','8889','12/07/17','6','A-22300338','Terrestre','5274','83058');
INSERT INTO Trasllat_EmpresaTransport (nif_empresa, cod_residu, data_enviament,cod_desti,nif_emptransport,tipus_transport,kms,cost)  VALUES  ('A-12000219','8889','13/07/17','7','A-22300339','Avio','5282','83200');
INSERT INTO Trasllat_EmpresaTransport (nif_empresa, cod_residu, data_enviament,cod_desti,nif_emptransport,tipus_transport,kms,cost)  VALUES  ('A-12000237','8889','14/07/17','8','A-22300340','Train','5290','83342');
INSERT INTO Trasllat_EmpresaTransport (nif_empresa, cod_residu, data_enviament,cod_desti,nif_emptransport,tipus_transport,kms,cost)  VALUES  ('A-12000255','8889','15/07/17','9','A-22300341','Terrestre','5298','83484');
INSERT INTO Trasllat_EmpresaTransport (nif_empresa, cod_residu, data_enviament,cod_desti,nif_emptransport,tipus_transport,kms,cost)  VALUES  ('A-12000274','8889','16/07/17','10','A-22300342','Avio','5306','83626');
INSERT INTO Trasllat_EmpresaTransport (nif_empresa, cod_residu, data_enviament,cod_desti,nif_emptransport,tipus_transport,kms,cost)  VALUES  ('A-12000293','8889','17/07/17','11','A-22300343','Train','5314','83768');
INSERT INTO Trasllat_EmpresaTransport (nif_empresa, cod_residu, data_enviament,cod_desti,nif_emptransport,tipus_transport,kms,cost)  VALUES  ('A-12000311','8889','18/07/17','12','A-22300344','Terrestre','5322','83910');
INSERT INTO Trasllat_EmpresaTransport (nif_empresa, cod_residu, data_enviament,cod_desti,nif_emptransport,tipus_transport,kms,cost)  VALUES  ('A-12000330','8889','19/07/17','13','A-22300345','Avio','5330','84052');
INSERT INTO Trasllat_EmpresaTransport (nif_empresa, cod_residu, data_enviament,cod_desti,nif_emptransport,tipus_transport,kms,cost)  VALUES  ('A-12000348','8889','20/07/17','14','A-22300346','Train','5338','84194');
INSERT INTO Trasllat_EmpresaTransport (nif_empresa, cod_residu, data_enviament,cod_desti,nif_emptransport,tipus_transport,kms,cost)  VALUES  ('A-12000366','8889','21/07/17','15','A-22300347','Terrestre','5346','84336');
INSERT INTO Trasllat_EmpresaTransport (nif_empresa, cod_residu, data_enviament,cod_desti,nif_emptransport,tipus_transport,kms,cost)  VALUES  ('A-12000384','8889','22/07/17','16','A-22300348','Avio','5354','84478');
INSERT INTO Trasllat_EmpresaTransport (nif_empresa, cod_residu, data_enviament,cod_desti,nif_emptransport,tipus_transport,kms,cost)  VALUES  ('A-12000402','8889','23/07/17','17','A-22300349','Train','5362','84620');
INSERT INTO Trasllat_EmpresaTransport (nif_empresa, cod_residu, data_enviament,cod_desti,nif_emptransport,tipus_transport,kms,cost)  VALUES  ('A-12000420','8889','24/07/17','18','A-22300350','Terrestre','5370','84762');
INSERT INTO Trasllat_EmpresaTransport (nif_empresa, cod_residu, data_enviament,cod_desti,nif_emptransport,tipus_transport,kms,cost)  VALUES  ('A-12000438','8889','25/07/17','19','A-22300351','Avio','5378','84904');
INSERT INTO Trasllat_EmpresaTransport (nif_empresa, cod_residu, data_enviament,cod_desti,nif_emptransport,tipus_transport,kms,cost)  VALUES  ('A-12000456','8889','26/07/17','20','A-22300352','Train','5386','85046');
INSERT INTO Trasllat_EmpresaTransport (nif_empresa, cod_residu, data_enviament,cod_desti,nif_emptransport,tipus_transport,kms,cost)  VALUES  ('A-12000474','8889','27/07/17','21','A-22300353','Terrestre','5394','85188');
INSERT INTO Trasllat_EmpresaTransport (nif_empresa, cod_residu, data_enviament,cod_desti,nif_emptransport,tipus_transport,kms,cost)  VALUES  ('A-12000492','8889','28/07/17','22','A-22300354','Avio','5402','85330');
INSERT INTO Trasllat_EmpresaTransport (nif_empresa, cod_residu, data_enviament,cod_desti,nif_emptransport,tipus_transport,kms,cost)  VALUES  ('A-12000510','8889','29/07/17','23','A-22300355','Train','5410','85472');
INSERT INTO Trasllat_EmpresaTransport (nif_empresa, cod_residu, data_enviament,cod_desti,nif_emptransport,tipus_transport,kms,cost)  VALUES  ('A-12000528','8889','30/07/17','24','A-22300356','Terrestre','5418','85614');
INSERT INTO Trasllat_EmpresaTransport (nif_empresa, cod_residu, data_enviament,cod_desti,nif_emptransport,tipus_transport,kms,cost)  VALUES  ('A-12000546','8889','31/07/17','25','A-22300357','Avio','5426','85756');
